profile_id,module_path,invocation_index,shape,dtype,epsilon,elementwise_affine,input_sha256,output_sha256,input_stats,output_stats
action_vlln,action_head.vlln,0,"[1, 280, 2048]",bfloat16,1e-05,True,fed1a9111ab1b995d05838cc5d2d2767d87b8cf6d6e46a51ec025ab0ec93ac88,d14a46c68a37984b690fe05b2732c45636014d61f83fc302912492d56866effc,"{""inf_count"": 0, ""max"": 4.53125, ""mean"": -0.0016521138604730368, ""min"": -5.0625, ""nan_count"": 0, ""std"": 0.9998874068260193, ""zero_count"": 0}","{""inf_count"": 0, ""max"": 4.90625, ""mean"": 0.0009271858143620193, ""min"": -4.8125, ""nan_count"": 0, ""std"": 1.0305078029632568, ""zero_count"": 0}"
action_vl_self_attention_norm1,action_head.vl_self_attention.transformer_blocks.0.norm1,0,"[1, 280, 2048]",bfloat16,1e-05,True,d14a46c68a37984b690fe05b2732c45636014d61f83fc302912492d56866effc,a47cbfe760048e21b9586caccea2fada7f945733fc00d8542fdd2a61bba39ca5,"{""inf_count"": 0, ""max"": 4.90625, ""mean"": 0.0009271858143620193, ""min"": -4.8125, ""nan_count"": 0, ""std"": 1.0305078029632568, ""zero_count"": 0}","{""inf_count"": 0, ""max"": 4.65625, ""mean"": 0.012903250753879547, ""min"": -4.625, ""nan_count"": 0, ""std"": 0.9568254947662354, ""zero_count"": 0}"
action_vl_self_attention_norm3,action_head.vl_self_attention.transformer_blocks.0.norm3,0,"[1, 280, 2048]",bfloat16,1e-05,True,648a77ebef0a1bc6b7aa71b6724e7427e082bc818b5fe65f6de842049ee8f9a2,f5145c0df5b530605758a6b8285fd23ec9be014d5142fb2c6c8575b7beeb3afd,"{""inf_count"": 0, ""max"": 4.9375, ""mean"": -0.002322186715900898, ""min"": -8.5, ""nan_count"": 0, ""std"": 1.0442683696746826, ""zero_count"": 58}","{""inf_count"": 0, ""max"": 5.03125, ""mean"": -0.0001938256755238399, ""min"": -5.0, ""nan_count"": 0, ""std"": 1.0297869443893433, ""zero_count"": 0}"
action_vl_self_attention_norm1,action_head.vl_self_attention.transformer_blocks.1.norm1,1,"[1, 280, 2048]",bfloat16,1e-05,True,a74b16df52e59a71aa43671b32c5531f3bab094cf9435aebc9fdffe1590c7c32,cbce53b502e2ea95fa90270276a77932de6f46c66d6d69128f813b3aeaeca6dc,"{""inf_count"": 0, ""max"": 57.0, ""mean"": 0.012165484949946404, ""min"": -17.0, ""nan_count"": 0, ""std"": 1.5854300260543823, ""zero_count"": 428}","{""inf_count"": 0, ""max"": 17.625, ""mean"": -0.002648488152772188, ""min"": -7.25, ""nan_count"": 0, ""std"": 0.9072723984718323, ""zero_count"": 0}"
action_vl_self_attention_norm3,action_head.vl_self_attention.transformer_blocks.1.norm3,1,"[1, 280, 2048]",bfloat16,1e-05,True,21fe0fdcd3f4772873665a176c0dead37684a1082e7285a9fef7027e83720a67,a9a10fec17e789386313abc2029ba9988997e7539031948d0bf206789616e80b,"{""inf_count"": 0, ""max"": 56.5, ""mean"": 0.012188032269477844, ""min"": -17.125, ""nan_count"": 0, ""std"": 1.5817055702209473, ""zero_count"": 91}","{""inf_count"": 0, ""max"": 16.75, ""mean"": -0.00534079922363162, ""min"": -6.90625, ""nan_count"": 0, ""std"": 1.0026791095733643, ""zero_count"": 0}"
action_vl_self_attention_norm1,action_head.vl_self_attention.transformer_blocks.2.norm1,2,"[1, 280, 2048]",bfloat16,1e-05,True,f72ce179f93af857d990e2161d0bf9c339f2e1de765deb3d3736bcd0f83c6bbc,5c00c5deda7197f72904e1f6658ed5a9416ec3aaa04f6255fecbdfd9934b8a36,"{""inf_count"": 0, ""max"": 46.5, ""mean"": 0.009586190804839134, ""min"": -13.125, ""nan_count"": 0, ""std"": 1.6458112001419067, ""zero_count"": 345}","{""inf_count"": 0, ""max"": 15.875, ""mean"": -0.00266671902500093, ""min"": -5.3125, ""nan_count"": 0, ""std"": 0.9460119605064392, ""zero_count"": 0}"
action_vl_self_attention_norm3,action_head.vl_self_attention.transformer_blocks.2.norm3,2,"[1, 280, 2048]",bfloat16,1e-05,True,aa898fae0577eadab183239b7c19f1aee81f09bbc5948d0a017c9a3829fa008e,169f124660a05fde6fe520f80d47d7ee801af3cc2b809e40cf9f4fbc9e11b8e7,"{""inf_count"": 0, ""max"": 46.5, ""mean"": 0.012768736109137535, ""min"": -12.9375, ""nan_count"": 0, ""std"": 1.6482603549957275, ""zero_count"": 97}","{""inf_count"": 0, ""max"": 17.125, ""mean"": -0.003370234277099371, ""min"": -5.875, ""nan_count"": 0, ""std"": 1.067794919013977, ""zero_count"": 0}"
action_vl_self_attention_norm1,action_head.vl_self_attention.transformer_blocks.3.norm1,3,"[1, 280, 2048]",bfloat16,1e-05,True,d60427e5459b3b0ad48f4eded4ea7dbe1d604fa0368eee4a6eaaeeca31cc5e89,1420939b10198c1d03eb722bdfb9cd0245b0a448cc7f97114768b1985cf7cc0e,"{""inf_count"": 0, ""max"": 44.5, ""mean"": 0.012960008345544338, ""min"": -12.9375, ""nan_count"": 0, ""std"": 1.6310758590698242, ""zero_count"": 222}","{""inf_count"": 0, ""max"": 17.375, ""mean"": -0.0023113563656806946, ""min"": -5.125, ""nan_count"": 0, ""std"": 0.9893940091133118, ""zero_count"": 0}"
action_vl_self_attention_norm3,action_head.vl_self_attention.transformer_blocks.3.norm3,3,"[1, 280, 2048]",bfloat16,1e-05,True,ce76a1a9c76fae7c16a0211c06255a36b6132c98261ef0623d07ad4f9359ec1c,9e629b745a47edf6398ad2b7cd614aa9ba30f984445d6572f1379b539ad93631,"{""inf_count"": 0, ""max"": 43.0, ""mean"": 0.015043716877698898, ""min"": -14.5, ""nan_count"": 0, ""std"": 1.6216319799423218, ""zero_count"": 81}","{""inf_count"": 0, ""max"": 18.5, ""mean"": -0.002901266561821103, ""min"": -6.3125, ""nan_count"": 0, ""std"": 1.1353857517242432, ""zero_count"": 0}"
action_dit_adaln_norm1,action_head.model.transformer_blocks.0.norm1.norm,0,"[1, 41, 1536]",bfloat16,1e-05,False,a15b94232d5eb6a3bbcd2c135ffaa2914a8824f08bc023f80add56204ea728a6,bc5b10a5a8ac81585274d21809c9496540d8f7a84cc87a674e50393d477e75c2,"{""inf_count"": 0, ""max"": 3.15625, ""mean"": 0.00222240318544209, ""min"": -3.40625, ""nan_count"": 0, ""std"": 0.3414841890335083, ""zero_count"": 52}","{""inf_count"": 0, ""max"": 4.09375, ""mean"": -5.527906978386454e-06, ""min"": -4.28125, ""nan_count"": 0, ""std"": 0.999946653842926, ""zero_count"": 0}"
action_dit_norm3,action_head.model.transformer_blocks.0.norm3,0,"[1, 41, 1536]",bfloat16,1e-05,False,d4776086c5371681f1079b01ce903ce77f87b6a3c3b88f79d97291a0ed8ed251,d7e3e4f81aa782f3d960beeb8607598e96930dedde4fb0db54e3151b006e98e6,"{""inf_count"": 0, ""max"": 3.453125, ""mean"": 0.003208643291145563, ""min"": -3.4375, ""nan_count"": 0, ""std"": 0.397208034992218, ""zero_count"": 50}","{""inf_count"": 0, ""max"": 5.28125, ""mean"": -1.7137546819867566e-05, ""min"": -7.5625, ""nan_count"": 0, ""std"": 0.9999601244926453, ""zero_count"": 0}"
action_dit_adaln_norm1,action_head.model.transformer_blocks.1.norm1.norm,1,"[1, 41, 1536]",bfloat16,1e-05,False,f246e0c0dd90624ab7a26268a9e9b85412951263de212e1755e25cfe3d21cf37,da937e958457841f6c18dc7c2e8bf2f52a0abc0a7dec37d5dc584456243cefd4,"{""inf_count"": 0, ""max"": 142.0, ""mean"": 0.0854293629527092, ""min"": -125.0, ""nan_count"": 0, ""std"": 4.78736686706543, ""zero_count"": 23}","{""inf_count"": 0, ""max"": 21.0, ""mean"": 7.044735866656993e-06, ""min"": -21.375, ""nan_count"": 0, ""std"": 1.0000288486480713, ""zero_count"": 0}"
action_dit_norm3,action_head.model.transformer_blocks.1.norm3,1,"[1, 41, 1536]",bfloat16,1e-05,False,65f88c77d9a92b5a7178e6060f256ad7520cf736c3f1d7cb2febfe2732570243,85578f7e084330cc3c19ce1dcf1e7c53069822ea87a22680a04590f10a20929e,"{""inf_count"": 0, ""max"": 129.0, ""mean"": 0.09202422201633453, ""min"": -120.5, ""nan_count"": 0, ""std"": 4.597373962402344, ""zero_count"": 55}","{""inf_count"": 0, ""max"": 21.0, ""mean"": 6.24952281214064e-06, ""min"": -20.0, ""nan_count"": 0, ""std"": 1.0000758171081543, ""zero_count"": 0}"
action_dit_adaln_norm1,action_head.model.transformer_blocks.2.norm1.norm,2,"[1, 41, 1536]",bfloat16,1e-05,False,92e14805a8f0cebcf0eff1c6f55ba8332fc2ca182869d5ad2ef115817de015f5,2b68d150a375889e994b689ca46363497776519a44995ee4fe95faa58bfd8f8a,"{""inf_count"": 0, ""max"": 125.5, ""mean"": 0.07934574782848358, ""min"": -119.5, ""nan_count"": 0, ""std"": 4.230397701263428, ""zero_count"": 35}","{""inf_count"": 0, ""max"": 18.25, ""mean"": 8.921312655729707e-06, ""min"": -15.6875, ""nan_count"": 0, ""std"": 0.999963641166687, ""zero_count"": 0}"
action_dit_norm3,action_head.model.transformer_blocks.2.norm3,2,"[1, 41, 1536]",bfloat16,1e-05,False,bb648c8585ca21a13adcf6de56aea8164955ce34bcc18f43534c5e279d9f6fd3,8850c298c0f8f9e27bdaa665b9937f680ab95e0b14bf183a32fcce64c086ca3f,"{""inf_count"": 0, ""max"": 129.0, ""mean"": 0.08330088108778, ""min"": -122.0, ""nan_count"": 0, ""std"": 4.259809970855713, ""zero_count"": 14}","{""inf_count"": 0, ""max"": 18.125, ""mean"": 1.3671512533619534e-05, ""min"": -15.6875, ""nan_count"": 0, ""std"": 1.000083088874817, ""zero_count"": 0}"
action_dit_adaln_norm1,action_head.model.transformer_blocks.3.norm1.norm,3,"[1, 41, 1536]",bfloat16,1e-05,False,088a6d1589ccdd987f987b4351615786396fafb61dc52f9e4edc493bb54de4cc,d8b61905c5a5680957934117990a8b918c7f151dddbd1dc42832582b4c7c6fdd,"{""inf_count"": 0, ""max"": 268.0, ""mean"": 0.11970207095146179, ""min"": -238.0, ""nan_count"": 0, ""std"": 6.100534915924072, ""zero_count"": 17}","{""inf_count"": 0, ""max"": 19.5, ""mean"": 2.148311295968597e-06, ""min"": -14.375, ""nan_count"": 0, ""std"": 0.9999750852584839, ""zero_count"": 0}"
action_dit_norm3,action_head.model.transformer_blocks.3.norm3,3,"[1, 41, 1536]",bfloat16,1e-05,False,330e950f99207471790ca9f8224babdd1db97cfc2c2750c6782588990f956488,d3596f95022565b6f04aca43aa277f1d05d7c79b44871d03a2ee56b29cbf2f9c,"{""inf_count"": 0, ""max"": 246.0, ""mean"": 0.11127205193042755, ""min"": -226.0, ""nan_count"": 0, ""std"": 5.544148921966553, ""zero_count"": 16}","{""inf_count"": 0, ""max"": 18.125, ""mean"": -2.951156830022228e-07, ""min"": -14.375, ""nan_count"": 0, ""std"": 0.999970018863678, ""zero_count"": 0}"
action_dit_adaln_norm1,action_head.model.transformer_blocks.4.norm1.norm,4,"[1, 41, 1536]",bfloat16,1e-05,False,018902cce78aa066f3fee6ac35c290bf2d980447a19a3f6737c6dde095c67285,cb98407b273459a84b2a45a6964261b8fadc3f1e72bdfabb651d1880e783665d,"{""inf_count"": 0, ""max"": 340.0, ""mean"": 0.14519843459129333, ""min"": -298.0, ""nan_count"": 0, ""std"": 7.102176666259766, ""zero_count"": 19}","{""inf_count"": 0, ""max"": 20.25, ""mean"": -1.1287690540484618e-05, ""min"": -14.25, ""nan_count"": 0, ""std"": 0.9999516010284424, ""zero_count"": 0}"
action_dit_norm3,action_head.model.transformer_blocks.4.norm3,4,"[1, 41, 1536]",bfloat16,1e-05,False,0475d3c6442eb18d16c7eb659a48d7eafd645af4efa98a51746cf358b8bdefc8,a93a70167e664ed54737b1064d6be5946a727724de971b167015795f2cad48a6,"{""inf_count"": 0, ""max"": 342.0, ""mean"": 0.13836905360221863, ""min"": -300.0, ""nan_count"": 0, ""std"": 7.203624725341797, ""zero_count"": 11}","{""inf_count"": 0, ""max"": 20.25, ""mean"": -7.632302185811568e-07, ""min"": -14.25, ""nan_count"": 0, ""std"": 1.0000461339950562, ""zero_count"": 0}"
action_dit_adaln_norm1,action_head.model.transformer_blocks.5.norm1.norm,5,"[1, 41, 1536]",bfloat16,1e-05,False,2f9bff19d61473f06161b5f54c649c07ac1115de476bf5b1bee11423eec33660,331c74bc1d3c93991ebe4665e7ab862e71ec1bb7a2724cbc1b7a1a558584d504,"{""inf_count"": 0, ""max"": 412.0, ""mean"": 0.15410198271274567, ""min"": -368.0, ""nan_count"": 0, ""std"": 8.594964981079102, ""zero_count"": 9}","{""inf_count"": 0, ""max"": 20.375, ""mean"": 4.709493623522576e-06, ""min"": -14.125, ""nan_count"": 0, ""std"": 1.000057578086853, ""zero_count"": 0}"
action_dit_norm3,action_head.model.transformer_blocks.5.norm3,5,"[1, 41, 1536]",bfloat16,1e-05,False,fcba13c37154716c16a2d1efe4b8bf376f9a78257207c79dcf8bd85b4e1397f5,bcc0342f6f00c959db97b5c7fb955ea9cbc1715fcfeb48474110a2d28fbb70ba,"{""inf_count"": 0, ""max"": 402.0, ""mean"": 0.1575530767440796, ""min"": -362.0, ""nan_count"": 0, ""std"": 8.216412544250488, ""zero_count"": 41}","{""inf_count"": 0, ""max"": 20.125, ""mean"": -5.675767624779837e-07, ""min"": -14.25, ""nan_count"": 0, ""std"": 0.9998932480812073, ""zero_count"": 0}"
action_dit_adaln_norm1,action_head.model.transformer_blocks.6.norm1.norm,6,"[1, 41, 1536]",bfloat16,1e-05,False,45b1c329f2ac5c5ab732433412c498d2f39a3184f9865efb9572ba6b88a4da63,7e997223ec3123a1dcfcf94b2ff09f409ef597de2a02077c90c75bba8908522a,"{""inf_count"": 0, ""max"": 450.0, ""mean"": 0.1642589122056961, ""min"": -404.0, ""nan_count"": 0, ""std"": 8.847325325012207, ""zero_count"": 11}","{""inf_count"": 0, ""max"": 20.375, ""mean"": -5.199172846914735e-06, ""min"": -14.0625, ""nan_count"": 0, ""std"": 1.000011920928955, ""zero_count"": 0}"
action_dit_norm3,action_head.model.transformer_blocks.6.norm3,6,"[1, 41, 1536]",bfloat16,1e-05,False,4a64dd7a33aec81adf20528519d504619399e636f22b1231280aefefead3ad60,2c3f004191e39ac21e960eddc512dc8399f40765d8995ab4851a8133c30ce1e7,"{""inf_count"": 0, ""max"": 452.0, ""mean"": 0.1581054925918579, ""min"": -404.0, ""nan_count"": 0, ""std"": 8.88261890411377, ""zero_count"": 10}","{""inf_count"": 0, ""max"": 20.5, ""mean"": -1.1475106020952808e-06, ""min"": -14.0625, ""nan_count"": 0, ""std"": 1.0000184774398804, ""zero_count"": 0}"
action_dit_adaln_norm1,action_head.model.transformer_blocks.7.norm1.norm,7,"[1, 41, 1536]",bfloat16,1e-05,False,0b715fae428b2f17ef53881f2b38923d9034bcf9ae145b819811894cca676924,1f75679201ffc1a558c450348dbfc5953db440969f192a3e395b9d398396a2a6,"{""inf_count"": 0, ""max"": 492.0, ""mean"": 0.16265293955802917, ""min"": -446.0, ""nan_count"": 0, ""std"": 9.516491889953613, ""zero_count"": 10}","{""inf_count"": 0, ""max"": 20.625, ""mean"": 7.903793630248401e-06, ""min"": -14.0, ""nan_count"": 0, ""std"": 0.999941885471344, ""zero_count"": 0}"
action_dit_norm3,action_head.model.transformer_blocks.7.norm3,7,"[1, 41, 1536]",bfloat16,1e-05,False,da3ffd1fff915f63b591425bab5f22a32cdcfc2960bad4d20f160443720584b8,060ee59cb4104d4aff2f32143e9377c9eaecc14971a8de05a0ae424ddbadf948,"{""inf_count"": 0, ""max"": 478.0, ""mean"": 0.14509260654449463, ""min"": -440.0, ""nan_count"": 0, ""std"": 9.097687721252441, ""zero_count"": 45}","{""inf_count"": 0, ""max"": 20.25, ""mean"": -3.910403847839916e-06, ""min"": -14.125, ""nan_count"": 0, ""std"": 0.9999715089797974, ""zero_count"": 0}"
action_dit_adaln_norm1,action_head.model.transformer_blocks.8.norm1.norm,8,"[1, 41, 1536]",bfloat16,1e-05,False,1d091d57529715e64806b81089047c837bbfde6e07a0202283d54da27e9025c8,f89d65aac8e54c45dcd17460ea778b0fcc82efba0d3cccfd1a976aa357799be6,"{""inf_count"": 0, ""max"": 506.0, ""mean"": 0.1433926671743393, ""min"": -460.0, ""nan_count"": 0, ""std"": 9.345207214355469, ""zero_count"": 9}","{""inf_count"": 0, ""max"": 19.875, ""mean"": -2.653860519785667e-06, ""min"": -14.0, ""nan_count"": 0, ""std"": 1.0000808238983154, ""zero_count"": 0}"
action_dit_norm3,action_head.model.transformer_blocks.8.norm3,8,"[1, 41, 1536]",bfloat16,1e-05,False,43e0c7bd56c49c17ec2fb41e4e973c331e99ce93426df8af5046588371984064,53325e094366706f2489cf5b6d3ea0735bcd03bc0a996088392cd71300ba13da,"{""inf_count"": 0, ""max"": 508.0, ""mean"": 0.14193858206272125, ""min"": -460.0, ""nan_count"": 0, ""std"": 9.38910961151123, ""zero_count"": 11}","{""inf_count"": 0, ""max"": 19.875, ""mean"": -2.18080313061364e-05, ""min"": -14.0, ""nan_count"": 0, ""std"": 0.9999538660049438, ""zero_count"": 0}"
action_dit_adaln_norm1,action_head.model.transformer_blocks.9.norm1.norm,9,"[1, 41, 1536]",bfloat16,1e-05,False,a747001141849a81381fa98d65f2af5f03ea220d3e9199934eec027e1feee456,4c982f53abefc7965daa8be515ea2ca9e01217108d4de73a1ff5d23ebcb24734,"{""inf_count"": 0, ""max"": 536.0, ""mean"": 0.14009027183055878, ""min"": -486.0, ""nan_count"": 0, ""std"": 9.782560348510742, ""zero_count"": 12}","{""inf_count"": 0, ""max"": 19.625, ""mean"": -4.081949100509519e-06, ""min"": -13.875, ""nan_count"": 0, ""std"": 0.9999352097511292, ""zero_count"": 0}"
action_dit_norm3,action_head.model.transformer_blocks.9.norm3,9,"[1, 41, 1536]",bfloat16,1e-05,False,be2d19ff6460c197387ed952ddd815d38ab79fe98f231695dace950041a8ebdb,afa8e05d42fbb117ce294360b634750e707b56aac7b501e54ef3577b10192f7f,"{""inf_count"": 0, ""max"": 524.0, ""mean"": 0.11853556334972382, ""min"": -482.0, ""nan_count"": 0, ""std"": 9.496692657470703, ""zero_count"": 41}","{""inf_count"": 0, ""max"": 19.125, ""mean"": -1.7268386045543593e-06, ""min"": -14.0, ""nan_count"": 0, ""std"": 1.0000115633010864, ""zero_count"": 0}"
action_dit_adaln_norm1,action_head.model.transformer_blocks.10.norm1.norm,10,"[1, 41, 1536]",bfloat16,1e-05,False,7532abf044e6de3680f1f483e90a4677b72a4e690a8a27d7e1dc186fd35eea43,6305fae221f2a065f482058b92c2ba94aa31b48e5b62f06ee7649925241e53f4,"{""inf_count"": 0, ""max"": 544.0, ""mean"": 0.11577660590410233, ""min"": -498.0, ""nan_count"": 0, ""std"": 9.7468900680542, ""zero_count"": 16}","{""inf_count"": 0, ""max"": 18.75, ""mean"": 1.3307342669577338e-05, ""min"": -14.0, ""nan_count"": 0, ""std"": 1.000025749206543, ""zero_count"": 0}"
action_dit_norm3,action_head.model.transformer_blocks.10.norm3,10,"[1, 41, 1536]",bfloat16,1e-05,False,16ed7f4805e535f60c4dd89251f6d7c77285b7c9f6656819cf30807c01ea6191,511d54bebf032f09aac8c667a9e3a0f5adfd735d717f0d25de175a53ab468150,"{""inf_count"": 0, ""max"": 544.0, ""mean"": 0.10693193227052689, ""min"": -498.0, ""nan_count"": 0, ""std"": 9.743789672851562, ""zero_count"": 11}","{""inf_count"": 0, ""max"": 18.625, ""mean"": -9.083651093533263e-06, ""min"": -14.0, ""nan_count"": 0, ""std"": 0.9999656081199646, ""zero_count"": 0}"
action_dit_adaln_norm1,action_head.model.transformer_blocks.11.norm1.norm,11,"[1, 41, 1536]",bfloat16,1e-05,False,f3e8a943fe6b9eeb8c7b908d0c579f503f8c68314bf5304d2949f0f7250b201e,6386d2f1b06b9bfec9bd3e5824267dce49efc7438b74d5560887346d07b3fa08,"{""inf_count"": 0, ""max"": 564.0, ""mean"": 0.10077740252017975, ""min"": -512.0, ""nan_count"": 0, ""std"": 10.012955665588379, ""zero_count"": 11}","{""inf_count"": 0, ""max"": 18.125, ""mean"": -4.132346475671511e-06, ""min"": -14.1875, ""nan_count"": 0, ""std"": 0.9999823570251465, ""zero_count"": 0}"
action_dit_norm3,action_head.model.transformer_blocks.11.norm3,11,"[1, 41, 1536]",bfloat16,1e-05,False,719f15da174295c90f2d1df37982633b7d3d016ce57d2f135b70fe072a2bfc5b,9bbeb0370a74f4960035cc920fa2fc026245af65386d210e71279a83c38747df,"{""inf_count"": 0, ""max"": 564.0, ""mean"": 0.07733405381441116, ""min"": -512.0, ""nan_count"": 0, ""std"": 9.96686840057373, ""zero_count"": 25}","{""inf_count"": 0, ""max"": 18.0, ""mean"": 4.903330136585282e-06, ""min"": -14.25, ""nan_count"": 0, ""std"": 1.0000005960464478, ""zero_count"": 0}"
action_dit_adaln_norm1,action_head.model.transformer_blocks.12.norm1.norm,12,"[1, 41, 1536]",bfloat16,1e-05,False,441d087e809b2a8d28fb6e178ac91156fe9c35c4c52ba4bf89c7835f16e7d6d3,3196caf34657168054e60dc3d87b3af9a62ec0eb73afa17ead3f4e55e7a490a2,"{""inf_count"": 0, ""max"": 584.0, ""mean"": 0.06544443964958191, ""min"": -528.0, ""nan_count"": 0, ""std"": 10.261629104614258, ""zero_count"": 12}","{""inf_count"": 0, ""max"": 17.75, ""mean"": -2.2589190393773606e-06, ""min"": -14.4375, ""nan_count"": 0, ""std"": 1.0000590085983276, ""zero_count"": 0}"
action_dit_norm3,action_head.model.transformer_blocks.12.norm3,12,"[1, 41, 1536]",bfloat16,1e-05,False,1638388af081d4e52dee715fe625e972bed6dc23e0684393fbe7d88dfed05f47,2debc1abb43e2930505436c30576d42bf069a221bd5d42585759b27df92f21ed,"{""inf_count"": 0, ""max"": 584.0, ""mean"": 0.0703972578048706, ""min"": -528.0, ""nan_count"": 0, ""std"": 10.276756286621094, ""zero_count"": 20}","{""inf_count"": 0, ""max"": 17.875, ""mean"": 2.650710655416333e-07, ""min"": -14.3125, ""nan_count"": 0, ""std"": 1.0000160932540894, ""zero_count"": 0}"
action_dit_adaln_norm1,action_head.model.transformer_blocks.13.norm1.norm,13,"[1, 41, 1536]",bfloat16,1e-05,False,4d4b54eac7a4e5fb5c9748a42f5be4f4ae4a27fa636ce51b598eccdfdcbf9c6e,2a1308a853a3ea8db288bd6a62c46f4b139efd68c29351b2e1256fda425312c0,"{""inf_count"": 0, ""max"": 604.0, ""mean"": 0.06265894323587418, ""min"": -544.0, ""nan_count"": 0, ""std"": 10.638504028320312, ""zero_count"": 11}","{""inf_count"": 0, ""max"": 17.875, ""mean"": 1.3299588772497373e-06, ""min"": -14.375, ""nan_count"": 0, ""std"": 0.9999922513961792, ""zero_count"": 0}"
action_dit_norm3,action_head.model.transformer_blocks.13.norm3,13,"[1, 41, 1536]",bfloat16,1e-05,False,63193d184d7834127e81fa27edd83cea6bd8db787ee7242999c5e496f5e764ef,db6f6e394c6369c18acffecc17a8cd4195d1904e61cd040494a3d4d4defc72ac,"{""inf_count"": 0, ""max"": 604.0, ""mean"": 0.0617012120783329, ""min"": -544.0, ""nan_count"": 0, ""std"": 10.622146606445312, ""zero_count"": 13}","{""inf_count"": 0, ""max"": 18.0, ""mean"": 3.6908843412675196e-06, ""min"": -14.4375, ""nan_count"": 0, ""std"": 0.9999451041221619, ""zero_count"": 0}"
action_dit_adaln_norm1,action_head.model.transformer_blocks.14.norm1.norm,14,"[1, 41, 1536]",bfloat16,1e-05,False,cb5fbca74fc56f8ea709211eb2d67f626536b97231534a998109fb7473815d55,54750684f200f6214c8671b3f5f95758be1683ac8ba77d72f83e946a0ee807b0,"{""inf_count"": 0, ""max"": 624.0, ""mean"": 0.05791940912604332, ""min"": -556.0, ""nan_count"": 0, ""std"": 10.935288429260254, ""zero_count"": 16}","{""inf_count"": 0, ""max"": 17.5, ""mean"": -4.222722509439336e-06, ""min"": -14.625, ""nan_count"": 0, ""std"": 1.000028371810913, ""zero_count"": 0}"
action_dit_norm3,action_head.model.transformer_blocks.14.norm3,14,"[1, 41, 1536]",bfloat16,1e-05,False,344dcd55817587269cf8daaffbbbcd12f383748c6a62592ae446b18a334e0011,e31f271569fdd32709fbfe452fbd4c1387f0e346bd1f807e2759cda266593019,"{""inf_count"": 0, ""max"": 624.0, ""mean"": 0.05996664613485336, ""min"": -556.0, ""nan_count"": 0, ""std"": 10.945703506469727, ""zero_count"": 8}","{""inf_count"": 0, ""max"": 17.5, ""mean"": 1.3260580089990981e-05, ""min"": -14.5625, ""nan_count"": 0, ""std"": 1.0000849962234497, ""zero_count"": 0}"
action_dit_adaln_norm1,action_head.model.transformer_blocks.15.norm1.norm,15,"[1, 41, 1536]",bfloat16,1e-05,False,66cda7f73d97446cea2a92c4e109f583d9306b07856e68423bae8a6b994fa826,4f4e5d3bee8a24b2c10bd11ddc07b4fe8718a58e0c4cd169e822bf6b433e6db4,"{""inf_count"": 0, ""max"": 648.0, ""mean"": 0.06071111187338829, ""min"": -572.0, ""nan_count"": 0, ""std"": 11.406814575195312, ""zero_count"": 12}","{""inf_count"": 0, ""max"": 16.875, ""mean"": 7.832680239516776e-06, ""min"": -14.875, ""nan_count"": 0, ""std"": 0.9999555349349976, ""zero_count"": 0}"
action_dit_norm3,action_head.model.transformer_blocks.15.norm3,15,"[1, 41, 1536]",bfloat16,1e-05,False,259b1802614e401e66d9555401b81552c8e1d0f57a13f1cd63b445ed59a23aea,1e7364253a430053945f31e1079529ea06b139ef5a9237f0f652d03f77831cf2,"{""inf_count"": 0, ""max"": 648.0, ""mean"": 0.05197766423225403, ""min"": -572.0, ""nan_count"": 0, ""std"": 11.40200138092041, ""zero_count"": 7}","{""inf_count"": 0, ""max"": 16.875, ""mean"": 1.2930573575431481e-05, ""min"": -14.875, ""nan_count"": 0, ""std"": 1.0000226497650146, ""zero_count"": 0}"
action_dit_adaln_norm1,action_head.model.transformer_blocks.16.norm1.norm,16,"[1, 41, 1536]",bfloat16,1e-05,False,c5d5f45338ac0d9b251c830195d465ae3bc491c429b754636fbb5bb69f118bba,10005abbf86cb2bc832e0e7b3462d22a35caa577e1c692504eff0b95d99597e0,"{""inf_count"": 0, ""max"": 676.0, ""mean"": 0.04464513808488846, ""min"": -584.0, ""nan_count"": 0, ""std"": 11.856201171875, ""zero_count"": 15}","{""inf_count"": 0, ""max"": 16.375, ""mean"": -3.277770929344115e-06, ""min"": -15.25, ""nan_count"": 0, ""std"": 1.0000182390213013, ""zero_count"": 0}"
action_dit_norm3,action_head.model.transformer_blocks.16.norm3,16,"[1, 41, 1536]",bfloat16,1e-05,False,974a5b598d94084712f373745efd4a9ecae30923ed7bc697e9929983ef594304,c3c10176ab714f940a44eb5eb1509f1cfe84fde230ace4f87e87773db5d5ea18,"{""inf_count"": 0, ""max"": 680.0, ""mean"": 0.04986777529120445, ""min"": -584.0, ""nan_count"": 0, ""std"": 11.888270378112793, ""zero_count"": 15}","{""inf_count"": 0, ""max"": 16.5, ""mean"": 1.451833441024064e-06, ""min"": -15.125, ""nan_count"": 0, ""std"": 0.9999943971633911, ""zero_count"": 0}"
action_dit_adaln_norm1,action_head.model.transformer_blocks.17.norm1.norm,17,"[1, 41, 1536]",bfloat16,1e-05,False,7bbf0b18339f2be51d03652e7e545e7f85a292e91bb17fad0728f381bc2dbd30,89837d1ca9bb749f5844efcd22b21501b8a0a195eac641e5a7b1dc77aad78146,"{""inf_count"": 0, ""max"": 704.0, ""mean"": 0.048859719187021255, ""min"": -596.0, ""nan_count"": 0, ""std"": 12.311367988586426, ""zero_count"": 6}","{""inf_count"": 0, ""max"": 16.375, ""mean"": 1.4760629483134835e-06, ""min"": -15.375, ""nan_count"": 0, ""std"": 1.0000150203704834, ""zero_count"": 0}"
action_dit_norm3,action_head.model.transformer_blocks.17.norm3,17,"[1, 41, 1536]",bfloat16,1e-05,False,3ced56a8b3097733997d24cc531dd35983db9de61f0883294efcf3a0abf83666,bf91677e1aecf4e27a898af311f4df52ac9e2fbbb3d7f1fa501f9aa865617113,"{""inf_count"": 0, ""max"": 704.0, ""mean"": 0.044265732169151306, ""min"": -596.0, ""nan_count"": 0, ""std"": 12.31192684173584, ""zero_count"": 22}","{""inf_count"": 0, ""max"": 16.25, ""mean"": -8.820275979815051e-06, ""min"": -15.3125, ""nan_count"": 0, ""std"": 0.9999476075172424, ""zero_count"": 0}"
action_dit_adaln_norm1,action_head.model.transformer_blocks.18.norm1.norm,18,"[1, 41, 1536]",bfloat16,1e-05,False,f3018de043600798a9925096bbc2e7d704ced795ff75efe5d8ec2029d96df1f0,77ff7e1c345e5fdd917641d178873845487e795a9afc9b76fadbd3a8ca4bf23e,"{""inf_count"": 0, ""max"": 732.0, ""mean"": 0.03429139778017998, ""min"": -604.0, ""nan_count"": 0, ""std"": 12.714171409606934, ""zero_count"": 13}","{""inf_count"": 0, ""max"": 16.5, ""mean"": -6.714487426506821e-06, ""min"": -16.0, ""nan_count"": 0, ""std"": 0.9999915957450867, ""zero_count"": 0}"
action_dit_norm3,action_head.model.transformer_blocks.18.norm3,18,"[1, 41, 1536]",bfloat16,1e-05,False,72002cb2447ab390541052944ed17f6a5dd660de03c1afa945807542fdab70d9,82154318af23e6ec0d69e5d3006e6ebf6da41448976ef6855fd94d05c7fb0d0c,"{""inf_count"": 0, ""max"": 732.0, ""mean"": 0.03627985715866089, ""min"": -604.0, ""nan_count"": 0, ""std"": 12.723982810974121, ""zero_count"": 10}","{""inf_count"": 0, ""max"": 16.625, ""mean"": 8.061892003752291e-06, ""min"": -15.9375, ""nan_count"": 0, ""std"": 1.0000265836715698, ""zero_count"": 0}"
action_dit_adaln_norm1,action_head.model.transformer_blocks.19.norm1.norm,19,"[1, 41, 1536]",bfloat16,1e-05,False,a724ce0227649b175a91c464f339ff5472b7aae49255f9b80e6f7788490808c7,a7aa35e228e5d0672503c5e0af4e850350f1d17123008a08347b8d329c77906d,"{""inf_count"": 0, ""max"": 756.0, ""mean"": 0.03642711788415909, ""min"": -616.0, ""nan_count"": 0, ""std"": 13.155765533447266, ""zero_count"": 9}","{""inf_count"": 0, ""max"": 16.5, ""mean"": 1.3130466868460644e-05, ""min"": -16.375, ""nan_count"": 0, ""std"": 0.999944806098938, ""zero_count"": 0}"
action_dit_norm3,action_head.model.transformer_blocks.19.norm3,19,"[1, 41, 1536]",bfloat16,1e-05,False,336f76503fc6a15c99db926e0dc2e5485186987b332c9d8f1c1e9873c108e00d,788538a9b66d2737532cd9108a03ac49769ac6c09a34507331fb1b571e1a9857,"{""inf_count"": 0, ""max"": 760.0, ""mean"": 0.0382009819149971, ""min"": -616.0, ""nan_count"": 0, ""std"": 13.193020820617676, ""zero_count"": 21}","{""inf_count"": 0, ""max"": 16.75, ""mean"": 4.114659077458782e-06, ""min"": -16.125, ""nan_count"": 0, ""std"": 0.9999038577079773, ""zero_count"": 0}"
action_dit_adaln_norm1,action_head.model.transformer_blocks.20.norm1.norm,20,"[1, 41, 1536]",bfloat16,1e-05,False,f076162abb44837aef22c8b3dbcc30b4de82cff81a792d9a433729ed75a8fb68,346f22302b0f07a2944687146225f96f4946c26538c507c289f301daa608b65b,"{""inf_count"": 0, ""max"": 792.0, ""mean"": 0.04277366027235985, ""min"": -632.0, ""nan_count"": 0, ""std"": 13.867385864257812, ""zero_count"": 15}","{""inf_count"": 0, ""max"": 16.5, ""mean"": -5.0426497182343155e-06, ""min"": -16.125, ""nan_count"": 0, ""std"": 0.9999289512634277, ""zero_count"": 0}"
action_dit_norm3,action_head.model.transformer_blocks.20.norm3,20,"[1, 41, 1536]",bfloat16,1e-05,False,24c3e94b144def91e1eeb5388d4c9942bc021eefcf37fd12f05c0edca8fe4566,8fb68c4ca0e074739108941de3d7d7377a108741831480e06c6229c03d5d0044,"{""inf_count"": 0, ""max"": 796.0, ""mean"": 0.04212018847465515, ""min"": -632.0, ""nan_count"": 0, ""std"": 13.926366806030273, ""zero_count"": 25}","{""inf_count"": 0, ""max"": 16.625, ""mean"": 8.750979759497568e-06, ""min"": -15.75, ""nan_count"": 0, ""std"": 0.9999939799308777, ""zero_count"": 0}"
action_dit_adaln_norm1,action_head.model.transformer_blocks.21.norm1.norm,21,"[1, 41, 1536]",bfloat16,1e-05,False,c6863db69c93f1bad8bdbe2d49da69788affaaabf668f1ce57aaa16e527452aa,80195c5322c56995a2051de41855bcc504ba7726a7f31f267d7c3cf31f5445d5,"{""inf_count"": 0, ""max"": 824.0, ""mean"": 0.03880244866013527, ""min"": -644.0, ""nan_count"": 0, ""std"": 14.525365829467773, ""zero_count"": 19}","{""inf_count"": 0, ""max"": 16.375, ""mean"": 2.205371856689453e-06, ""min"": -15.75, ""nan_count"": 0, ""std"": 0.9999619126319885, ""zero_count"": 0}"
action_dit_norm3,action_head.model.transformer_blocks.21.norm3,21,"[1, 41, 1536]",bfloat16,1e-05,False,df73e168d048d63335bbd1ca7a093bbb00021bce1fdd86b9ecc8b4edb7806d96,5e70f9bbf67296cb160cd405de3a9f82dac4588d4a82bd64a8ffbc6d1225b275,"{""inf_count"": 0, ""max"": 828.0, ""mean"": 0.04158840328454971, ""min"": -644.0, ""nan_count"": 0, ""std"": 14.599059104919434, ""zero_count"": 18}","{""inf_count"": 0, ""max"": 16.5, ""mean"": 2.343237838431378e-06, ""min"": -15.4375, ""nan_count"": 0, ""std"": 1.0000989437103271, ""zero_count"": 0}"
action_dit_adaln_norm1,action_head.model.transformer_blocks.22.norm1.norm,22,"[1, 41, 1536]",bfloat16,1e-05,False,7fa4c60645d8ffa963d7bd1d86f183881e2edc56bf82d88fb5dfa78109c4870d,7ce22e09a27fe525b4abdcb4232d571bb41570797be45cf091b9b78555cccc35,"{""inf_count"": 0, ""max"": 860.0, ""mean"": 0.05636759474873543, ""min"": -664.0, ""nan_count"": 0, ""std"": 15.516721725463867, ""zero_count"": 11}","{""inf_count"": 0, ""max"": 15.6875, ""mean"": 1.711695222184062e-05, ""min"": -15.375, ""nan_count"": 0, ""std"": 1.0000654458999634, ""zero_count"": 0}"
action_dit_norm3,action_head.model.transformer_blocks.22.norm3,22,"[1, 41, 1536]",bfloat16,1e-05,False,648b13f2961bc0734ed3e7e8b8bdf4b04eabee3da7d14281c26e28ff81b105f6,c1e9e0866fef06becd9e659acc48b5e5094f7b044a028b90dcf62c896a3b22e2,"{""inf_count"": 0, ""max"": 860.0, ""mean"": 0.050222545862197876, ""min"": -664.0, ""nan_count"": 0, ""std"": 15.52080249786377, ""zero_count"": 10}","{""inf_count"": 0, ""max"": 15.6875, ""mean"": 4.286931016395101e-06, ""min"": -15.375, ""nan_count"": 0, ""std"": 0.9999951720237732, ""zero_count"": 0}"
action_dit_adaln_norm1,action_head.model.transformer_blocks.23.norm1.norm,23,"[1, 41, 1536]",bfloat16,1e-05,False,2a002b429dbd08c0251206b6e4ea2e8ab75481b28bb75271a700ed5d8ae437b6,aa4b9063c42f53e7cc9fbb8336740468579ec3290749580abfcf6f5f27fc90be,"{""inf_count"": 0, ""max"": 884.0, ""mean"": 0.07488039880990982, ""min"": -680.0, ""nan_count"": 0, ""std"": 16.41814422607422, ""zero_count"": 6}","{""inf_count"": 0, ""max"": 14.9375, ""mean"": 9.931200111168437e-06, ""min"": -14.875, ""nan_count"": 0, ""std"": 1.0000463724136353, ""zero_count"": 0}"
action_dit_norm3,action_head.model.transformer_blocks.23.norm3,23,"[1, 41, 1536]",bfloat16,1e-05,False,dc6c2b9d02c917305c976f911a4d795158c63b71d253dfd15abad0b3c1e538b6,cd2766b690a466e46999e19fc68a2f652534aedf7423da88979cc30acfa375ed,"{""inf_count"": 0, ""max"": 884.0, ""mean"": 0.06241298094391823, ""min"": -680.0, ""nan_count"": 0, ""std"": 16.427682876586914, ""zero_count"": 20}","{""inf_count"": 0, ""max"": 14.875, ""mean"": 1.1997372894256841e-05, ""min"": -14.8125, ""nan_count"": 0, ""std"": 0.9999884366989136, ""zero_count"": 0}"
action_dit_adaln_norm1,action_head.model.transformer_blocks.24.norm1.norm,24,"[1, 41, 1536]",bfloat16,1e-05,False,1e44ec7701047054fc3ae961e0a4aab82d52e0b8b02650d1b4b9ef7db7b4e436,4c1e545d1e920e9f9f9da7df91b89a651f5c13eb87079fd27ce1bc73b16ae268,"{""inf_count"": 0, ""max"": 912.0, ""mean"": 0.11647684872150421, ""min"": -700.0, ""nan_count"": 0, ""std"": 17.745195388793945, ""zero_count"": 13}","{""inf_count"": 0, ""max"": 13.875, ""mean"": -1.0949809620797168e-05, ""min"": -13.4375, ""nan_count"": 0, ""std"": 0.9999430775642395, ""zero_count"": 0}"
action_dit_norm3,action_head.model.transformer_blocks.24.norm3,24,"[1, 41, 1536]",bfloat16,1e-05,False,011091c585c52e529b18e17c7e10ddc0eb1d112cec4b0f8510a954abfaa32412,1df19a2bd56c0a1b73166adf123e589b6b1b65d88773c00a207401f3d08f777e,"{""inf_count"": 0, ""max"": 912.0, ""mean"": 0.1180800050497055, ""min"": -700.0, ""nan_count"": 0, ""std"": 17.755395889282227, ""zero_count"": 18}","{""inf_count"": 0, ""max"": 13.875, ""mean"": -5.267500000627479e-06, ""min"": -13.375, ""nan_count"": 0, ""std"": 0.9999223351478577, ""zero_count"": 0}"
action_dit_adaln_norm1,action_head.model.transformer_blocks.25.norm1.norm,25,"[1, 41, 1536]",bfloat16,1e-05,False,92add61965b9f254361e29f85d8cb3ba4dd6fe9dd3f4e5896984d4ce91415e16,3ea013d7c94bc9e7e265703356f3441784e49fad099493e0620bf97eab262a24,"{""inf_count"": 0, ""max"": 936.0, ""mean"": 0.1956564486026764, ""min"": -720.0, ""nan_count"": 0, ""std"": 19.176164627075195, ""zero_count"": 14}","{""inf_count"": 0, ""max"": 13.4375, ""mean"": 9.016655894811265e-06, ""min"": -11.5625, ""nan_count"": 0, ""std"": 0.9999719262123108, ""zero_count"": 0}"
action_dit_norm3,action_head.model.transformer_blocks.25.norm3,25,"[1, 41, 1536]",bfloat16,1e-05,False,5370927a7bc38ff524651f33932adf325884d8a4f0b905d663b44024abe8dedf,0373d4c08f7e252d0f2c879e263c501897d23c8529db5266f9039f9418d6b77a,"{""inf_count"": 0, ""max"": 936.0, ""mean"": 0.17646150290966034, ""min"": -720.0, ""nan_count"": 0, ""std"": 19.167503356933594, ""zero_count"": 23}","{""inf_count"": 0, ""max"": 13.4375, ""mean"": -5.143202542967629e-06, ""min"": -11.5625, ""nan_count"": 0, ""std"": 1.0000044107437134, ""zero_count"": 0}"
action_dit_adaln_norm1,action_head.model.transformer_blocks.26.norm1.norm,26,"[1, 41, 1536]",bfloat16,1e-05,False,d5cfec811dd1f69b212bf009dce873a77b5ef2e3035cb7f78487e29898875728,82158f1b86d1ac1f0e76a0caeb202b5b536dc8cdc4f62ea711a77ae7b6a497f8,"{""inf_count"": 0, ""max"": 992.0, ""mean"": 0.34920215606689453, ""min"": -740.0, ""nan_count"": 0, ""std"": 21.647249221801758, ""zero_count"": 13}","{""inf_count"": 0, ""max"": 13.25, ""mean"": 3.612138470998616e-06, ""min"": -9.9375, ""nan_count"": 0, ""std"": 1.0000805854797363, ""zero_count"": 0}"
action_dit_norm3,action_head.model.transformer_blocks.26.norm3,26,"[1, 41, 1536]",bfloat16,1e-05,False,17619f4cc81605c90b604cace3a4aca08f0d68d3c05083456c5cb0e5ba33fffd,1e1eed9448b28e1a12fba6ea2b1d5cd84574ddebeb9574cea20224bdf7189119,"{""inf_count"": 0, ""max"": 992.0, ""mean"": 0.35058438777923584, ""min"": -740.0, ""nan_count"": 0, ""std"": 21.66012954711914, ""zero_count"": 7}","{""inf_count"": 0, ""max"": 13.25, ""mean"": -6.248311365197878e-06, ""min"": -9.9375, ""nan_count"": 0, ""std"": 1.0000187158584595, ""zero_count"": 0}"
action_dit_adaln_norm1,action_head.model.transformer_blocks.27.norm1.norm,27,"[1, 41, 1536]",bfloat16,1e-05,False,7c19bf9a7f060ab9cd64fd1782d18c34a53b85259fa0a0d499fb368dbfd79556,80db8fce5560ce6571ea393cc567255089cea9e314483f50bcf7183d666caa5f,"{""inf_count"": 0, ""max"": 1040.0, ""mean"": 0.539706826210022, ""min"": -756.0, ""nan_count"": 0, ""std"": 24.258296966552734, ""zero_count"": 13}","{""inf_count"": 0, ""max"": 13.0625, ""mean"": 4.815861302631674e-06, ""min"": -9.5, ""nan_count"": 0, ""std"": 1.0000125169754028, ""zero_count"": 0}"
action_dit_norm3,action_head.model.transformer_blocks.27.norm3,27,"[1, 41, 1536]",bfloat16,1e-05,False,f7e116601e57b063305f29c5129a4c5afcb9850e3ba7eff86171134cb95514e1,9c08d0979ae5c1b16df7e34f6dba5dcdc3cf737cc83c32025a649314cf559854,"{""inf_count"": 0, ""max"": 1040.0, ""mean"": 0.5281714200973511, ""min"": -756.0, ""nan_count"": 0, ""std"": 24.239530563354492, ""zero_count"": 19}","{""inf_count"": 0, ""max"": 13.0625, ""mean"": -5.45358261661022e-06, ""min"": -9.5625, ""nan_count"": 0, ""std"": 0.9999731183052063, ""zero_count"": 0}"
action_dit_adaln_norm1,action_head.model.transformer_blocks.28.norm1.norm,28,"[1, 41, 1536]",bfloat16,1e-05,False,9ab15901bbdd5421d76a7f4398090affdfde2447fe76f5a3b35da162a17a9378,0b11d7e897aa48a49ede4d304cb99bedf72be82138b79666bc026f175a285932,"{""inf_count"": 0, ""max"": 1144.0, ""mean"": 1.0520557165145874, ""min"": -788.0, ""nan_count"": 0, ""std"": 30.63686752319336, ""zero_count"": 15}","{""inf_count"": 0, ""max"": 12.9375, ""mean"": 5.571338078880217e-06, ""min"": -10.3125, ""nan_count"": 0, ""std"": 1.0000934600830078, ""zero_count"": 0}"
action_dit_norm3,action_head.model.transformer_blocks.28.norm3,28,"[1, 41, 1536]",bfloat16,1e-05,False,dcbf1b2b81be6f676a74a7218854929c18621ef3dd94d5e2d4efa08ebdeefafe,af0cc968fa6d840d2ce12df8d36ea37f34923fbf05f2b83ed72e2d8f17d83ab0,"{""inf_count"": 0, ""max"": 1144.0, ""mean"": 1.0423287153244019, ""min"": -788.0, ""nan_count"": 0, ""std"": 30.596025466918945, ""zero_count"": 9}","{""inf_count"": 0, ""max"": 12.9375, ""mean"": 5.9212125051999465e-06, ""min"": -10.375, ""nan_count"": 0, ""std"": 1.0000332593917847, ""zero_count"": 0}"
action_dit_adaln_norm1,action_head.model.transformer_blocks.29.norm1.norm,29,"[1, 41, 1536]",bfloat16,1e-05,False,fb950167c61af57df001c574b4108e50b07d782915b5cb370ab0d5bca2cca5cb,1abb50fafa2f945aa92896101c5365e71dc65e6870fc87f729a459e84b1d26c3,"{""inf_count"": 0, ""max"": 1232.0, ""mean"": 1.554399847984314, ""min"": -824.0, ""nan_count"": 0, ""std"": 37.458595275878906, ""zero_count"": 12}","{""inf_count"": 0, ""max"": 12.6875, ""mean"": -2.5460390133957844e-06, ""min"": -9.6875, ""nan_count"": 0, ""std"": 0.9999609589576721, ""zero_count"": 0}"
action_dit_norm3,action_head.model.transformer_blocks.29.norm3,29,"[1, 41, 1536]",bfloat16,1e-05,False,881f20dc1071a6aee0a5290bde23818dcc6c864908aa0a90f3818299dc2ff3ff,68be8c41fc7f5044a46b59ce7205a2d83bed648c13e64c2d33ae2895e32d359c,"{""inf_count"": 0, ""max"": 1232.0, ""mean"": 1.515133023262024, ""min"": -820.0, ""nan_count"": 0, ""std"": 37.121089935302734, ""zero_count"": 11}","{""inf_count"": 0, ""max"": 12.6875, ""mean"": -3.27728616866807e-06, ""min"": -9.5625, ""nan_count"": 0, ""std"": 0.9999646544456482, ""zero_count"": 0}"
action_dit_adaln_norm1,action_head.model.transformer_blocks.30.norm1.norm,30,"[1, 41, 1536]",bfloat16,1e-05,False,5714bbd441a6c044535673a9fc4fa6a39b48280e795ff67a8c0b3f05b8f22562,5f51db59f7dbf56bb5678b1ab85c72c823e939cc7f2eb20981686e94dc6fecf1,"{""inf_count"": 0, ""max"": 1296.0, ""mean"": 1.9478778839111328, ""min"": -848.0, ""nan_count"": 0, ""std"": 42.9698486328125, ""zero_count"": 12}","{""inf_count"": 0, ""max"": 12.5625, ""mean"": -2.604674591566436e-06, ""min"": -9.75, ""nan_count"": 0, ""std"": 1.000044345855713, ""zero_count"": 0}"
action_dit_norm3,action_head.model.transformer_blocks.30.norm3,30,"[1, 41, 1536]",bfloat16,1e-05,False,0c476f8634b43f6efb1c3d8e532262581f4ede42d92b5208ae54aabb3bc567b4,80363e3e56a9ca5279dd28442264dacdffdf18e1ed4b79d6915d930b19f9a1a9,"{""inf_count"": 0, ""max"": 1296.0, ""mean"": 1.9427639245986938, ""min"": -848.0, ""nan_count"": 0, ""std"": 42.93986892700195, ""zero_count"": 4}","{""inf_count"": 0, ""max"": 12.5625, ""mean"": 1.3016103366680909e-05, ""min"": -9.75, ""nan_count"": 0, ""std"": 1.0000828504562378, ""zero_count"": 0}"
action_dit_adaln_norm1,action_head.model.transformer_blocks.31.norm1.norm,31,"[1, 41, 1536]",bfloat16,1e-05,False,a2d42593008a60f5961fa0d06525782932352051fdb0e02a10db7d100d9aa4aa,ea3e666b7ab8071b02052f4720252e26e4aa0ec28c5acbfbc2ca5406381ecb8e,"{""inf_count"": 0, ""max"": 1344.0, ""mean"": 2.1030585765838623, ""min"": -868.0, ""nan_count"": 0, ""std"": 45.43258285522461, ""zero_count"": 6}","{""inf_count"": 0, ""max"": 12.5, ""mean"": 1.35186237457674e-05, ""min"": -9.25, ""nan_count"": 0, ""std"": 1.0000938177108765, ""zero_count"": 0}"
action_dit_norm3,action_head.model.transformer_blocks.31.norm3,31,"[1, 41, 1536]",bfloat16,1e-05,False,bcccb1c0a0f308f77f8c4fad30057bb953f5592a40c09f8adbd90582ea372cd8,c038b7f7ee49b6a72885c4c1a16634c67376ca75704ef84ce8c9e46c7e1d4891,"{""inf_count"": 0, ""max"": 1344.0, ""mean"": 2.0942578315734863, ""min"": -864.0, ""nan_count"": 0, ""std"": 45.23999786376953, ""zero_count"": 14}","{""inf_count"": 0, ""max"": 12.5, ""mean"": -1.5560204928988242e-06, ""min"": -9.1875, ""nan_count"": 0, ""std"": 1.0000008344650269, ""zero_count"": 0}"
action_dit_norm_out,action_head.model.norm_out,0,"[1, 41, 1536]",bfloat16,1e-06,False,0a605eebf397a3fd177515ffea3bd7faae29b6ffc307659ed2089df39b21ec03,1be4ce50f8d53f9ec76857cfbd868149c9fb27ef446a8a15e16dd6eebab41f55,"{""inf_count"": 0, ""max"": 1312.0, ""mean"": 1.9335391521453857, ""min"": -852.0, ""nan_count"": 0, ""std"": 41.825538635253906, ""zero_count"": 46}","{""inf_count"": 0, ""max"": 12.5625, ""mean"": -2.7636201593850274e-06, ""min"": -9.375, ""nan_count"": 0, ""std"": 0.9999660849571228, ""zero_count"": 0}"
action_dit_adaln_norm1,action_head.model.transformer_blocks.0.norm1.norm,32,"[1, 41, 1536]",bfloat16,1e-05,False,631f95498ba8568a09042729e7786aa36bc30bc151fc442bcf19f692e254b92e,d9dc2078500915a03ae1127901fee3f65b7ef9942964c2f9caee2ccf3a257e49,"{""inf_count"": 0, ""max"": 3.15625, ""mean"": -0.007010294124484062, ""min"": -3.40625, ""nan_count"": 0, ""std"": 0.3598532974720001, ""zero_count"": 55}","{""inf_count"": 0, ""max"": 4.5625, ""mean"": 1.7712271073833108e-05, ""min"": -4.21875, ""nan_count"": 0, ""std"": 0.9999451041221619, ""zero_count"": 0}"
action_dit_norm3,action_head.model.transformer_blocks.0.norm3,32,"[1, 41, 1536]",bfloat16,1e-05,False,c070c301710fb4d06cda1900a51b17102d868e7f772b03b4fdd880192666e77b,916582e83cd1dde735c166f06ac908ffbbfefc8618ef5b3cb3a783fe315c7410,"{""inf_count"": 0, ""max"": 3.4375, ""mean"": -0.006336087826639414, ""min"": -3.4375, ""nan_count"": 0, ""std"": 0.4053080081939697, ""zero_count"": 35}","{""inf_count"": 0, ""max"": 5.46875, ""mean"": -5.823809715366224e-06, ""min"": -5.96875, ""nan_count"": 0, ""std"": 0.999981164932251, ""zero_count"": 0}"
action_dit_adaln_norm1,action_head.model.transformer_blocks.1.norm1.norm,33,"[1, 41, 1536]",bfloat16,1e-05,False,c94cf04c3417fdc1542773b4c398085b10414b846c82c60ce08b762685946ad4,7177766e6116ce4b50008c7a62da2bb5ba8a298a4be5f4ceabdd83bba0bfa206,"{""inf_count"": 0, ""max"": 142.0, ""mean"": 0.07050216943025589, ""min"": -112.5, ""nan_count"": 0, ""std"": 4.795121192932129, ""zero_count"": 41}","{""inf_count"": 0, ""max"": 20.75, ""mean"": -1.4302692079581902e-06, ""min"": -20.5, ""nan_count"": 0, ""std"": 0.9999104738235474, ""zero_count"": 0}"
action_dit_norm3,action_head.model.transformer_blocks.1.norm3,33,"[1, 41, 1536]",bfloat16,1e-05,False,3f3aadb1503cf9f107b306bcf79180de063687099cdfbd20983d72064b28461f,1aabebd9debf20353f0b830a023c718607a9f4d2ba417d61b1ee8f2637fb7b1d,"{""inf_count"": 0, ""max"": 131.0, ""mean"": 0.078872449696064, ""min"": -110.0, ""nan_count"": 0, ""std"": 4.632393836975098, ""zero_count"": 50}","{""inf_count"": 0, ""max"": 21.0, ""mean"": 9.10642665985506e-06, ""min"": -20.125, ""nan_count"": 0, ""std"": 0.9999510049819946, ""zero_count"": 0}"
action_dit_adaln_norm1,action_head.model.transformer_blocks.2.norm1.norm,34,"[1, 41, 1536]",bfloat16,1e-05,False,469e20fccbfd74cc7109cfb32e723b9b379aaec10c3fb95b4692411102fb6892,2cf1b43db7dc16b8f9f579c04b386ed82c63ce5abd4633820db80717445d8894,"{""inf_count"": 0, ""max"": 118.0, ""mean"": 0.06978590041399002, ""min"": -111.0, ""nan_count"": 0, ""std"": 4.322691440582275, ""zero_count"": 27}","{""inf_count"": 0, ""max"": 17.75, ""mean"": 1.0416032637294848e-05, ""min"": -15.125, ""nan_count"": 0, ""std"": 0.9999907612800598, ""zero_count"": 0}"
action_dit_norm3,action_head.model.transformer_blocks.2.norm3,34,"[1, 41, 1536]",bfloat16,1e-05,False,6cce5f85c5add3c263fc7330f4897a15c80d9ac95212264e893a113573c929af,34ef2ea79c707e58e4d52f5600c7d5f5a13a2a09b917d8f22970e5ae285c23e2,"{""inf_count"": 0, ""max"": 121.5, ""mean"": 0.07504391670227051, ""min"": -113.5, ""nan_count"": 0, ""std"": 4.3654656410217285, ""zero_count"": 3}","{""inf_count"": 0, ""max"": 17.625, ""mean"": 3.8163934732438065e-06, ""min"": -15.125, ""nan_count"": 0, ""std"": 1.0000317096710205, ""zero_count"": 0}"
action_dit_adaln_norm1,action_head.model.transformer_blocks.3.norm1.norm,35,"[1, 41, 1536]",bfloat16,1e-05,False,c2f38d97cb2559565427fad2001cb996d5ae111836f6a52a95a94541bb925d5f,c2fd1c514974255ed500cba0f934b4b51766fcfc1e6d5f46702aebd6c55f173a,"{""inf_count"": 0, ""max"": 250.0, ""mean"": 0.10863310843706131, ""min"": -222.0, ""nan_count"": 0, ""std"": 6.259634494781494, ""zero_count"": 25}","{""inf_count"": 0, ""max"": 19.375, ""mean"": 1.2017483641102444e-05, ""min"": -14.3125, ""nan_count"": 0, ""std"": 0.9999940395355225, ""zero_count"": 0}"
action_dit_norm3,action_head.model.transformer_blocks.3.norm3,35,"[1, 41, 1536]",bfloat16,1e-05,False,f16fff35f66c4ab1ac13147ade0a7d6bbb766660d714a2b99230908b8bbf7355,f45b420c63b29fde41f2f7b294c9e251911d15700ab47dd9518e3b1bee039349,"{""inf_count"": 0, ""max"": 225.0, ""mean"": 0.09855327755212784, ""min"": -208.0, ""nan_count"": 0, ""std"": 5.574832916259766, ""zero_count"": 19}","{""inf_count"": 0, ""max"": 17.75, ""mean"": 7.4665722422651015e-06, ""min"": -14.3125, ""nan_count"": 0, ""std"": 0.9999018907546997, ""zero_count"": 0}"
action_dit_adaln_norm1,action_head.model.transformer_blocks.4.norm1.norm,36,"[1, 41, 1536]",bfloat16,1e-05,False,6e3a9b71c6cb06a8ebd0bbbb62a624c369c3c920517678add320e765d5c10870,9c99d9e574b9827b0b4bf6eb31bb1ce920c8094ca02108934e041bf2a722dd8a,"{""inf_count"": 0, ""max"": 316.0, ""mean"": 0.13226252794265747, ""min"": -278.0, ""nan_count"": 0, ""std"": 7.148380756378174, ""zero_count"": 14}","{""inf_count"": 0, ""max"": 20.375, ""mean"": 3.0471057925751666e-06, ""min"": -14.1875, ""nan_count"": 0, ""std"": 0.999971866607666, ""zero_count"": 0}"
action_dit_norm3,action_head.model.transformer_blocks.4.norm3,36,"[1, 41, 1536]",bfloat16,1e-05,False,60e1e501f241442d785e86553c84a7ed09f34c77e6de20898599010939669b3c,cdfe78f4fe97f80a8ad3f3aab6826ee4fac5c783bb6c964263cc53884c3b1134,"{""inf_count"": 0, ""max"": 318.0, ""mean"": 0.12595030665397644, ""min"": -280.0, ""nan_count"": 0, ""std"": 7.245405673980713, ""zero_count"": 14}","{""inf_count"": 0, ""max"": 20.375, ""mean"": 3.926516455976525e-06, ""min"": -14.1875, ""nan_count"": 0, ""std"": 0.9999732375144958, ""zero_count"": 0}"
action_dit_adaln_norm1,action_head.model.transformer_blocks.5.norm1.norm,37,"[1, 41, 1536]",bfloat16,1e-05,False,3d5499ee9a78fd0976c53552c9d6cdd29a9e8a40cda73fd80f6fb475449b35d2,2fc6dd0f3e39224125145f2d0d1d26c5a7c06bec5e138f1214455aeb1b450c98,"{""inf_count"": 0, ""max"": 384.0, ""mean"": 0.1406070739030838, ""min"": -346.0, ""nan_count"": 0, ""std"": 8.661742210388184, ""zero_count"": 8}","{""inf_count"": 0, ""max"": 20.625, ""mean"": 8.46507100504823e-06, ""min"": -14.125, ""nan_count"": 0, ""std"": 1.0001084804534912, ""zero_count"": 0}"
action_dit_norm3,action_head.model.transformer_blocks.5.norm3,37,"[1, 41, 1536]",bfloat16,1e-05,False,083f216c57ae0fb737efa7c9495b7441bcf504ac9349fa1374d8973e8c59052d,a60edda8fbc0a42e79531882bfe8ef940a5f15aca78f782c20ff9369f46ace0b,"{""inf_count"": 0, ""max"": 376.0, ""mean"": 0.1456582248210907, ""min"": -342.0, ""nan_count"": 0, ""std"": 8.361151695251465, ""zero_count"": 29}","{""inf_count"": 0, ""max"": 20.375, ""mean"": -1.1878890290972777e-05, ""min"": -14.25, ""nan_count"": 0, ""std"": 0.9999644160270691, ""zero_count"": 0}"
action_dit_adaln_norm1,action_head.model.transformer_blocks.6.norm1.norm,38,"[1, 41, 1536]",bfloat16,1e-05,False,f87714b132a0e65d1ff2a939af5db60b8056253ccb473206d8f03a6aa9cc265d,e3719c235d324052ec7e084f1a5374b710da4b7a0d99efbea4d928cf843599e9,"{""inf_count"": 0, ""max"": 422.0, ""mean"": 0.15277208387851715, ""min"": -382.0, ""nan_count"": 0, ""std"": 9.007614135742188, ""zero_count"": 9}","{""inf_count"": 0, ""max"": 20.625, ""mean"": -1.0949324860121123e-06, ""min"": -14.125, ""nan_count"": 0, ""std"": 1.0000196695327759, ""zero_count"": 0}"
action_dit_norm3,action_head.model.transformer_blocks.6.norm3,38,"[1, 41, 1536]",bfloat16,1e-05,False,82a2f33b11911db249a18c68bab246deb653c5b5ff91b14c3b37ab6a4edfd510,ce536fc40cc66c09a9e24c7213fce432a071f76769bf5e39f3bfb4688b40b4ab,"{""inf_count"": 0, ""max"": 424.0, ""mean"": 0.1484435349702835, ""min"": -382.0, ""nan_count"": 0, ""std"": 9.040057182312012, ""zero_count"": 11}","{""inf_count"": 0, ""max"": 20.625, ""mean"": -1.0618106898618862e-05, ""min"": -14.1875, ""nan_count"": 0, ""std"": 0.9999530911445618, ""zero_count"": 0}"
action_dit_adaln_norm1,action_head.model.transformer_blocks.7.norm1.norm,39,"[1, 41, 1536]",bfloat16,1e-05,False,f870038048bafd25403417cf0a94603611ea61ae47d5c25ef48a591bf8cb25f2,6c657baf4433b6a24056704cfc1f7b35eeb6420200c740eb3eb9718a9b9fd249,"{""inf_count"": 0, ""max"": 464.0, ""mean"": 0.1541750580072403, ""min"": -422.0, ""nan_count"": 0, ""std"": 9.696710586547852, ""zero_count"": 8}","{""inf_count"": 0, ""max"": 21.0, ""mean"": -3.7519428133236943e-06, ""min"": -14.0625, ""nan_count"": 0, ""std"": 0.999914824962616, ""zero_count"": 0}"
action_dit_norm3,action_head.model.transformer_blocks.7.norm3,39,"[1, 41, 1536]",bfloat16,1e-05,False,48320800943e3b9567397df8aef1a0c53c93665b6d43f2d638360200ebe3af92,a25f33168c3226938b758cd252e9cd0b58b59907aa8fd7a43e4bdda21b34f917,"{""inf_count"": 0, ""max"": 454.0, ""mean"": 0.13827943801879883, ""min"": -418.0, ""nan_count"": 0, ""std"": 9.323880195617676, ""zero_count"": 48}","{""inf_count"": 0, ""max"": 20.5, ""mean"": -1.1876831194967963e-05, ""min"": -14.1875, ""nan_count"": 0, ""std"": 0.9999050498008728, ""zero_count"": 0}"
action_dit_adaln_norm1,action_head.model.transformer_blocks.8.norm1.norm,40,"[1, 41, 1536]",bfloat16,1e-05,False,a7684c0d6cc331243f0cf733d463292d51645bca8d7c78c634e36c1ad7a3323a,bcb849cd1f40c4873621667b49a0617403c13bad977c996920dcd7a11330652e,"{""inf_count"": 0, ""max"": 482.0, ""mean"": 0.13778768479824066, ""min"": -438.0, ""nan_count"": 0, ""std"": 9.57861614227295, ""zero_count"": 14}","{""inf_count"": 0, ""max"": 20.0, ""mean"": -9.532139301882125e-06, ""min"": -14.0, ""nan_count"": 0, ""std"": 0.9998422265052795, ""zero_count"": 0}"
action_dit_norm3,action_head.model.transformer_blocks.8.norm3,40,"[1, 41, 1536]",bfloat16,1e-05,False,9d8ee081653d4998e82413d06693dda7ded001568aade29a7e9197d0291e0552,256858104ae43e031247fd77d9429fac4b0e44b4a61ffc15ddad72148c70f204,"{""inf_count"": 0, ""max"": 484.0, ""mean"": 0.13610035181045532, ""min"": -438.0, ""nan_count"": 0, ""std"": 9.6283597946167, ""zero_count"": 9}","{""inf_count"": 0, ""max"": 20.0, ""mean"": -1.3093637790007051e-05, ""min"": -14.0625, ""nan_count"": 0, ""std"": 0.9998682141304016, ""zero_count"": 0}"
action_dit_adaln_norm1,action_head.model.transformer_blocks.9.norm1.norm,41,"[1, 41, 1536]",bfloat16,1e-05,False,4b145964b793f4fe3153982c1b277fbcef5ab08242acfa0982fa9881d5945284,c13d370854cfeee3ae2e8c4dc105b217dd623d0c825745d887b4f638115cff7e,"{""inf_count"": 0, ""max"": 510.0, ""mean"": 0.13549809157848358, ""min"": -462.0, ""nan_count"": 0, ""std"": 10.01640796661377, ""zero_count"": 7}","{""inf_count"": 0, ""max"": 19.75, ""mean"": -9.299415069108363e-06, ""min"": -13.875, ""nan_count"": 0, ""std"": 0.9998356103897095, ""zero_count"": 0}"
action_dit_norm3,action_head.model.transformer_blocks.9.norm3,41,"[1, 41, 1536]",bfloat16,1e-05,False,2ba8386624b73d690686b6e039da8a5a95541b0256fbb1969c101128880e5e0b,e94ba663d707ddbfc2f05a2aa20ef110210bd5b717f0455279610201040e8e8a,"{""inf_count"": 0, ""max"": 500.0, ""mean"": 0.11481055617332458, ""min"": -458.0, ""nan_count"": 0, ""std"": 9.727051734924316, ""zero_count"": 43}","{""inf_count"": 0, ""max"": 19.375, ""mean"": -1.4065241771277215e-07, ""min"": -14.0625, ""nan_count"": 0, ""std"": 1.0001003742218018, ""zero_count"": 0}"
action_dit_adaln_norm1,action_head.model.transformer_blocks.10.norm1.norm,42,"[1, 41, 1536]",bfloat16,1e-05,False,943d5f22b278123c6a92da5c0addc0c3585ecbec40a1a713b5c31cb6bcb1c750,9d88d054364146c156d0bcf9a99239ccccad54a48a4ce19526c30ef930770e23,"{""inf_count"": 0, ""max"": 520.0, ""mean"": 0.11497252434492111, ""min"": -474.0, ""nan_count"": 0, ""std"": 9.973186492919922, ""zero_count"": 10}","{""inf_count"": 0, ""max"": 18.875, ""mean"": -5.568309461523313e-06, ""min"": -14.0625, ""nan_count"": 0, ""std"": 0.9999048709869385, ""zero_count"": 0}"
action_dit_norm3,action_head.model.transformer_blocks.10.norm3,42,"[1, 41, 1536]",bfloat16,1e-05,False,6671447e4f369ae739553678ff67cc4ba7eda366fa5695ac433fe972616aa8ac,e099fa7fd95a153996593cb595eb8cc5ffd8f689a19c79059833a44a436627f3,"{""inf_count"": 0, ""max"": 520.0, ""mean"": 0.10845872759819031, ""min"": -474.0, ""nan_count"": 0, ""std"": 9.966192245483398, ""zero_count"": 16}","{""inf_count"": 0, ""max"": 18.75, ""mean"": 7.028623258520383e-06, ""min"": -14.125, ""nan_count"": 0, ""std"": 0.9999396800994873, ""zero_count"": 0}"
action_dit_adaln_norm1,action_head.model.transformer_blocks.11.norm1.norm,43,"[1, 41, 1536]",bfloat16,1e-05,False,2919f109ef6537a58beafbb44ed5cc65eead24688ce73724a8ed40062e322cd9,827495280212730bec35564d226642cd99b2adf4c0b6c04c8dc6dc55a0c3f927,"{""inf_count"": 0, ""max"": 540.0, ""mean"": 0.10470104962587357, ""min"": -488.0, ""nan_count"": 0, ""std"": 10.234589576721191, ""zero_count"": 14}","{""inf_count"": 0, ""max"": 18.25, ""mean"": 2.5674821699794848e-06, ""min"": -14.1875, ""nan_count"": 0, ""std"": 1.000003457069397, ""zero_count"": 0}"
action_dit_norm3,action_head.model.transformer_blocks.11.norm3,43,"[1, 41, 1536]",bfloat16,1e-05,False,71d53009be59a33b4006d05942746a26719af17a1f78089a636049cc4a0f69fc,3fb42d6741a7e07fd331d781ad49e7b5415e87c1c963af83519c35057a297c74,"{""inf_count"": 0, ""max"": 540.0, ""mean"": 0.0852971151471138, ""min"": -488.0, ""nan_count"": 0, ""std"": 10.178399085998535, ""zero_count"": 27}","{""inf_count"": 0, ""max"": 18.25, ""mean"": 2.2763642846257426e-06, ""min"": -14.3125, ""nan_count"": 0, ""std"": 0.9999902248382568, ""zero_count"": 0}"
action_dit_adaln_norm1,action_head.model.transformer_blocks.12.norm1.norm,44,"[1, 41, 1536]",bfloat16,1e-05,False,09697c296167e368c1eb9ae4b37dfdf58abdc37e3395fa044aefedd2e9e4e7ed,8bcc888406decf51f5c3dc7232e05169df1cde0c496f0c2645c43d43e58bbf81,"{""inf_count"": 0, ""max"": 560.0, ""mean"": 0.07635113596916199, ""min"": -502.0, ""nan_count"": 0, ""std"": 10.483965873718262, ""zero_count"": 5}","{""inf_count"": 0, ""max"": 18.125, ""mean"": -1.707939645712031e-06, ""min"": -14.375, ""nan_count"": 0, ""std"": 1.0000005960464478, ""zero_count"": 0}"
action_dit_norm3,action_head.model.transformer_blocks.12.norm3,44,"[1, 41, 1536]",bfloat16,1e-05,False,0fe274d2c08f531e94fb995410154461392ddf08660816b9089b81949359867a,daa67e41247a8f5d9a25bde941278c60518e08b0ef3e78a6ba46cf9a866491f2,"{""inf_count"": 0, ""max"": 560.0, ""mean"": 0.07958991825580597, ""min"": -502.0, ""nan_count"": 0, ""std"": 10.4994535446167, ""zero_count"": 23}","{""inf_count"": 0, ""max"": 18.25, ""mean"": 3.3095116123149637e-06, ""min"": -14.375, ""nan_count"": 0, ""std"": 1.0000377893447876, ""zero_count"": 0}"
action_dit_adaln_norm1,action_head.model.transformer_blocks.13.norm1.norm,45,"[1, 41, 1536]",bfloat16,1e-05,False,4207d81ec3cc50b339da88739c0109749d490ce8caf4c5f9974c6f2e79ccd051,032134e71b4e44e550c245e0f81916beb3d8f34925d6b4cce99026940423289e,"{""inf_count"": 0, ""max"": 580.0, ""mean"": 0.073218435049057, ""min"": -516.0, ""nan_count"": 0, ""std"": 10.867830276489258, ""zero_count"": 15}","{""inf_count"": 0, ""max"": 18.25, ""mean"": -1.3340779787540669e-06, ""min"": -14.3125, ""nan_count"": 0, ""std"": 0.9999513626098633, ""zero_count"": 0}"
action_dit_norm3,action_head.model.transformer_blocks.13.norm3,45,"[1, 41, 1536]",bfloat16,1e-05,False,d3002655eeb581689f5cb0abf56efb571ce34eebee730542d19f284dbad0f59a,895169cba8a0439edf171792c65638bf502f1c09a626689217a4824bce6ea037,"{""inf_count"": 0, ""max"": 580.0, ""mean"": 0.06986718624830246, ""min"": -516.0, ""nan_count"": 0, ""std"": 10.850461959838867, ""zero_count"": 24}","{""inf_count"": 0, ""max"": 18.375, ""mean"": -1.1303076234980836e-06, ""min"": -14.375, ""nan_count"": 0, ""std"": 0.999932587146759, ""zero_count"": 0}"
action_dit_adaln_norm1,action_head.model.transformer_blocks.14.norm1.norm,46,"[1, 41, 1536]",bfloat16,1e-05,False,9fafefc9fbd011e1bfac7f2751aec59792c4f10515d792368eb98d4792491216,cdb03f841e831b6f137f0209dc89a08cf948a7c62344684171876f2513308cc8,"{""inf_count"": 0, ""max"": 600.0, ""mean"": 0.06658921390771866, ""min"": -528.0, ""nan_count"": 0, ""std"": 11.185980796813965, ""zero_count"": 9}","{""inf_count"": 0, ""max"": 17.75, ""mean"": 4.727181419639237e-07, ""min"": -14.375, ""nan_count"": 0, ""std"": 1.0000540018081665, ""zero_count"": 0}"
action_dit_norm3,action_head.model.transformer_blocks.14.norm3,46,"[1, 41, 1536]",bfloat16,1e-05,False,d793bc72b195799dc441260bc9000fed7834f578ceb255d6b9ac33b8a113be0a,2f4463e9211a95c554bdda6690319f6b684f8f901937794eced0043a8a5056fb,"{""inf_count"": 0, ""max"": 600.0, ""mean"": 0.06646715849637985, ""min"": -528.0, ""nan_count"": 0, ""std"": 11.194337844848633, ""zero_count"": 12}","{""inf_count"": 0, ""max"": 17.75, ""mean"": 5.124788003740832e-06, ""min"": -14.3125, ""nan_count"": 0, ""std"": 1.0000429153442383, ""zero_count"": 0}"
action_dit_adaln_norm1,action_head.model.transformer_blocks.15.norm1.norm,47,"[1, 41, 1536]",bfloat16,1e-05,False,05923a0e91087ffc31cbb6fb4b9d236cef775cfb4d71acf8156ea31a78b314f4,5a14f1f02dedcaf6b7d3dc242c3b03a15ee32b0103561428a00c6b3f7a44c18e,"{""inf_count"": 0, ""max"": 624.0, ""mean"": 0.06817915290594101, ""min"": -544.0, ""nan_count"": 0, ""std"": 11.695767402648926, ""zero_count"": 8}","{""inf_count"": 0, ""max"": 17.25, ""mean"": 4.250101937941508e-06, ""min"": -14.4375, ""nan_count"": 0, ""std"": 0.9999361038208008, ""zero_count"": 0}"
action_dit_norm3,action_head.model.transformer_blocks.15.norm3,47,"[1, 41, 1536]",bfloat16,1e-05,False,0fffc7b2d8f1887e5b398c405e2961ebce36579364fb1ed133f2ba73f87b4f7f,536e0c0a3b88aefd0a5460f42cf0c9c8a80fd1f874764ec48765378310773355,"{""inf_count"": 0, ""max"": 624.0, ""mean"": 0.05665735900402069, ""min"": -544.0, ""nan_count"": 0, ""std"": 11.702690124511719, ""zero_count"": 12}","{""inf_count"": 0, ""max"": 17.375, ""mean"": -5.0838402785302605e-06, ""min"": -14.4375, ""nan_count"": 0, ""std"": 0.999930202960968, ""zero_count"": 0}"
action_dit_adaln_norm1,action_head.model.transformer_blocks.16.norm1.norm,48,"[1, 41, 1536]",bfloat16,1e-05,False,a5fff8f769a8687922104af842156a7c5e8ea00b5e53b0b98b6c45b341c98609,b7b5858873204d9d9a654e6120d2a32939b10fe8b4d8e9eab5c3a3ff254cd1a6,"{""inf_count"": 0, ""max"": 652.0, ""mean"": 0.049087148159742355, ""min"": -556.0, ""nan_count"": 0, ""std"": 12.204561233520508, ""zero_count"": 13}","{""inf_count"": 0, ""max"": 17.25, ""mean"": -1.872458051366266e-05, ""min"": -14.75, ""nan_count"": 0, ""std"": 1.0000059604644775, ""zero_count"": 0}"
action_dit_norm3,action_head.model.transformer_blocks.16.norm3,48,"[1, 41, 1536]",bfloat16,1e-05,False,ab59ad795da1c1954419a324b5491f8b5a806ddfa47207a5c9b4d148bd401ae6,49c6e0958d84b9695e73f752d4b05015edb272c26487f3985c401b9b677aa828,"{""inf_count"": 0, ""max"": 656.0, ""mean"": 0.053662415593862534, ""min"": -556.0, ""nan_count"": 0, ""std"": 12.234041213989258, ""zero_count"": 25}","{""inf_count"": 0, ""max"": 17.5, ""mean"": -1.3878675417799968e-06, ""min"": -14.6875, ""nan_count"": 0, ""std"": 0.9999523758888245, ""zero_count"": 0}"
action_dit_adaln_norm1,action_head.model.transformer_blocks.17.norm1.norm,49,"[1, 41, 1536]",bfloat16,1e-05,False,016d22dcc4d6aa360496754c9222f8be3996c1145fd6034d43f220f78b3c6e0a,f2f29edc9eaaeb77905c16e3a0ce7b7d5ecbcb1ca54b821af77a1ed899b93cad,"{""inf_count"": 0, ""max"": 680.0, ""mean"": 0.05357370898127556, ""min"": -568.0, ""nan_count"": 0, ""std"": 12.7166748046875, ""zero_count"": 6}","{""inf_count"": 0, ""max"": 17.5, ""mean"": 4.699802047980484e-06, ""min"": -14.75, ""nan_count"": 0, ""std"": 1.0000218152999878, ""zero_count"": 0}"
action_dit_norm3,action_head.model.transformer_blocks.17.norm3,49,"[1, 41, 1536]",bfloat16,1e-05,False,19268c11b638d951a82c358c15e24dd0e962b6fa1c24ba1930d660ade208405d,02c920329447864d1d92954aa418d42f1abc7e7704758250d9bd4ad56625dc0b,"{""inf_count"": 0, ""max"": 676.0, ""mean"": 0.0522330179810524, ""min"": -568.0, ""nan_count"": 0, ""std"": 12.70085620880127, ""zero_count"": 14}","{""inf_count"": 0, ""max"": 17.375, ""mean"": -1.8341754071116156e-07, ""min"": -14.8125, ""nan_count"": 0, ""std"": 0.9999856352806091, ""zero_count"": 0}"
action_dit_adaln_norm1,action_head.model.transformer_blocks.18.norm1.norm,50,"[1, 41, 1536]",bfloat16,1e-05,False,ba1326ab64e98761af83b1509996becb850af29d223aea839ae68ed1cdf30565,d76372f4581994517ff39cdd28f1784d938333162b782afc46a6e5588dd81e04,"{""inf_count"": 0, ""max"": 704.0, ""mean"": 0.04299340769648552, ""min"": -576.0, ""nan_count"": 0, ""std"": 13.15158462524414, ""zero_count"": 13}","{""inf_count"": 0, ""max"": 17.125, ""mean"": 8.227379112213384e-06, ""min"": -15.6875, ""nan_count"": 0, ""std"": 1.0000091791152954, ""zero_count"": 0}"
action_dit_norm3,action_head.model.transformer_blocks.18.norm3,50,"[1, 41, 1536]",bfloat16,1e-05,False,9cd234086e7cf2dbcf141fd0e802fbb22cc07bc223b7d3942e2d83ed6484bb58,ddcba72b6fe6b3daf509a97476f17f6157025e047b924a3e4913f9e733451c13,"{""inf_count"": 0, ""max"": 704.0, ""mean"": 0.043754637241363525, ""min"": -576.0, ""nan_count"": 0, ""std"": 13.16230583190918, ""zero_count"": 16}","{""inf_count"": 0, ""max"": 17.375, ""mean"": -3.1340898658527294e-06, ""min"": -15.5625, ""nan_count"": 0, ""std"": 1.0001033544540405, ""zero_count"": 0}"
action_dit_adaln_norm1,action_head.model.transformer_blocks.19.norm1.norm,51,"[1, 41, 1536]",bfloat16,1e-05,False,0f8a217feb3f4647460ca589995cff5ed790a52ce454fd66ca0bf39dd2a139bf,7b0e8895579c0e040b8963fc941193dd3d6af2ab09cb1805b9f128c6dab889e7,"{""inf_count"": 0, ""max"": 728.0, ""mean"": 0.044765353202819824, ""min"": -584.0, ""nan_count"": 0, ""std"": 13.660216331481934, ""zero_count"": 6}","{""inf_count"": 0, ""max"": 17.125, ""mean"": -2.1076057237223722e-05, ""min"": -15.875, ""nan_count"": 0, ""std"": 0.9999436736106873, ""zero_count"": 0}"
action_dit_norm3,action_head.model.transformer_blocks.19.norm3,51,"[1, 41, 1536]",bfloat16,1e-05,False,4dda080b7ed3393f523c78f82e93ae5cb708e14162393b35e8826857b5d91346,20658a82ed068bf21db1d46991669094a4964baa90cb3c570b36dc69682c1649,"{""inf_count"": 0, ""max"": 728.0, ""mean"": 0.03123350441455841, ""min"": -584.0, ""nan_count"": 0, ""std"": 13.65408706665039, ""zero_count"": 24}","{""inf_count"": 0, ""max"": 17.0, ""mean"": 7.666223496016755e-07, ""min"": -15.75, ""nan_count"": 0, ""std"": 1.0000051259994507, ""zero_count"": 0}"
action_dit_adaln_norm1,action_head.model.transformer_blocks.20.norm1.norm,52,"[1, 41, 1536]",bfloat16,1e-05,False,e74e5581264a1ec9f21d5feaef593ff111a7932ad4e8cdecd668004f9580998b,9b06a8603c32d5b0b6468696ff995328fe2f7bdc280749533b320b6ed55aa793,"{""inf_count"": 0, ""max"": 760.0, ""mean"": 0.03999648988246918, ""min"": -600.0, ""nan_count"": 0, ""std"": 14.443090438842773, ""zero_count"": 14}","{""inf_count"": 0, ""max"": 16.625, ""mean"": 2.1692698283004574e-05, ""min"": -15.6875, ""nan_count"": 0, ""std"": 0.9998751878738403, ""zero_count"": 0}"
action_dit_norm3,action_head.model.transformer_blocks.20.norm3,52,"[1, 41, 1536]",bfloat16,1e-05,False,3a56b2ac716c4ab22391985b4752a589c58a687c638995ce6ac00f383df0640f,eec16b2969aaae7126e66209501548c448c67263f39fdb15e67db2d65bd6e599,"{""inf_count"": 0, ""max"": 764.0, ""mean"": 0.03875964134931564, ""min"": -600.0, ""nan_count"": 0, ""std"": 14.502424240112305, ""zero_count"": 23}","{""inf_count"": 0, ""max"": 16.875, ""mean"": 3.3882574825838674e-06, ""min"": -15.25, ""nan_count"": 0, ""std"": 0.9999682307243347, ""zero_count"": 0}"
action_dit_adaln_norm1,action_head.model.transformer_blocks.21.norm1.norm,53,"[1, 41, 1536]",bfloat16,1e-05,False,964139b598616bab65b1fd994cc81ba1cbfd5b06d60b59e911fd5cf4a47e2497,61f069bf4bae682a18508eb23633de979e8fc5a3d4575cd19248681f993c3c8c,"{""inf_count"": 0, ""max"": 792.0, ""mean"": 0.04430472105741501, ""min"": -612.0, ""nan_count"": 0, ""std"": 15.2113618850708, ""zero_count"": 5}","{""inf_count"": 0, ""max"": 16.5, ""mean"": 1.2175096344435588e-05, ""min"": -15.1875, ""nan_count"": 0, ""std"": 1.0001027584075928, ""zero_count"": 0}"
action_dit_norm3,action_head.model.transformer_blocks.21.norm3,53,"[1, 41, 1536]",bfloat16,1e-05,False,1f88d5f99d6ddc66263e28e4f83a77ec4e29cb4b8456e00776780d1f520bfff0,13fd178d6995df321279136ae129b011e6249ea162dece5378392091113e7d8e,"{""inf_count"": 0, ""max"": 792.0, ""mean"": 0.04349473863840103, ""min"": -612.0, ""nan_count"": 0, ""std"": 15.260972023010254, ""zero_count"": 25}","{""inf_count"": 0, ""max"": 16.375, ""mean"": -4.738448296848219e-06, ""min"": -15.0625, ""nan_count"": 0, ""std"": 0.9999876618385315, ""zero_count"": 0}"
action_dit_adaln_norm1,action_head.model.transformer_blocks.22.norm1.norm,54,"[1, 41, 1536]",bfloat16,1e-05,False,8d60a1aecfb077ecb30d32fe5618ae60a849ab999ec648e6344cfc2efc40b3c2,77b44ceffccd16866051cf437633d2b708f8c7b677041fdbf130372c5bb4004d,"{""inf_count"": 0, ""max"": 824.0, ""mean"": 0.07207322865724564, ""min"": -632.0, ""nan_count"": 0, ""std"": 16.370525360107422, ""zero_count"": 18}","{""inf_count"": 0, ""max"": 15.4375, ""mean"": -1.3606092579721007e-05, ""min"": -15.0, ""nan_count"": 0, ""std"": 1.0000089406967163, ""zero_count"": 0}"
action_dit_norm3,action_head.model.transformer_blocks.22.norm3,54,"[1, 41, 1536]",bfloat16,1e-05,False,7f555445339680e36ff3fc09d7948c50a88ee71c7fc874392b8272ec399b664e,6c88c08865a343058c7ac38f473285adc219827f04552371352247f4fd854045,"{""inf_count"": 0, ""max"": 824.0, ""mean"": 0.07015920430421829, ""min"": -632.0, ""nan_count"": 0, ""std"": 16.37289810180664, ""zero_count"": 13}","{""inf_count"": 0, ""max"": 15.375, ""mean"": -2.0311615571699804e-06, ""min"": -15.0, ""nan_count"": 0, ""std"": 1.0000426769256592, ""zero_count"": 0}"
action_dit_adaln_norm1,action_head.model.transformer_blocks.23.norm1.norm,55,"[1, 41, 1536]",bfloat16,1e-05,False,9d5a781ef967b512f3568f6cf8aafe2a29b1a186fdc7693cc74f45fd81bd1f08,0454e659d0c92533e84f9207839cfa8fccddaed0f846a8cbe12d090006453bdc,"{""inf_count"": 0, ""max"": 848.0, ""mean"": 0.10711326450109482, ""min"": -648.0, ""nan_count"": 0, ""std"": 17.474475860595703, ""zero_count"": 8}","{""inf_count"": 0, ""max"": 14.6875, ""mean"": 8.361126674572006e-06, ""min"": -14.75, ""nan_count"": 0, ""std"": 1.0000267028808594, ""zero_count"": 0}"
action_dit_norm3,action_head.model.transformer_blocks.23.norm3,55,"[1, 41, 1536]",bfloat16,1e-05,False,0bc1fe5200b92909509449df08c86e84c0103ecbe64f112d2597556126c3aed4,f3585837fcc5869e7b5709c88eb4a89c088d15b6f403dcf2daa92098f4475de6,"{""inf_count"": 0, ""max"": 848.0, ""mean"": 0.08905066549777985, ""min"": -648.0, ""nan_count"": 0, ""std"": 17.459341049194336, ""zero_count"": 17}","{""inf_count"": 0, ""max"": 14.6875, ""mean"": 2.3518393845733954e-06, ""min"": -14.625, ""nan_count"": 0, ""std"": 0.9999895691871643, ""zero_count"": 0}"
action_dit_adaln_norm1,action_head.model.transformer_blocks.24.norm1.norm,56,"[1, 41, 1536]",bfloat16,1e-05,False,c14481e50706a564c240404d52e86dc1aa061052ac6fe3e24be2be7a0fd6e529,05ac84c04924701a168a0044f54d3a60a0cd5cbc5c1051f1426a4efb1e8915d1,"{""inf_count"": 0, ""max"": 876.0, ""mean"": 0.16894444823265076, ""min"": -668.0, ""nan_count"": 0, ""std"": 19.104890823364258, ""zero_count"": 9}","{""inf_count"": 0, ""max"": 13.9375, ""mean"": -1.2950199561601039e-05, ""min"": -13.6875, ""nan_count"": 0, ""std"": 0.9998906850814819, ""zero_count"": 0}"
action_dit_norm3,action_head.model.transformer_blocks.24.norm3,56,"[1, 41, 1536]",bfloat16,1e-05,False,9cf94d0b7aa2f2d494dee1974ff828f64227c015d4df9379692c7571ff981930,23ef30050801ce9cfc15f6de5bf9eaa7b27e1839dd438d56f74806d7740a8d02,"{""inf_count"": 0, ""max"": 876.0, ""mean"": 0.1682017594575882, ""min"": -668.0, ""nan_count"": 0, ""std"": 19.113582611083984, ""zero_count"": 11}","{""inf_count"": 0, ""max"": 13.9375, ""mean"": -1.2661625987675507e-05, ""min"": -13.625, ""nan_count"": 0, ""std"": 1.0000011920928955, ""zero_count"": 0}"
action_dit_adaln_norm1,action_head.model.transformer_blocks.25.norm1.norm,57,"[1, 41, 1536]",bfloat16,1e-05,False,7082e8e72f49d2267a9c2d3af76599aea1291f0af6a2e95fc4f1efe201133fdb,5a8e298d6b911599a6504c7ed286b6d7dc798fc198fb653b47a60c5a634dca3c,"{""inf_count"": 0, ""max"": 900.0, ""mean"": 0.2749044895172119, ""min"": -688.0, ""nan_count"": 0, ""std"": 20.89400291442871, ""zero_count"": 5}","{""inf_count"": 0, ""max"": 13.375, ""mean"": 6.614661742787575e-07, ""min"": -11.8125, ""nan_count"": 0, ""std"": 1.0000265836715698, ""zero_count"": 0}"
action_dit_norm3,action_head.model.transformer_blocks.25.norm3,57,"[1, 41, 1536]",bfloat16,1e-05,False,a6146bb502e849b1924d6d69a838a94f808ce8bd60ebd26f1244bfee32c9bbce,7331cef92284ebf2963f189e1059b242e1030361b98e2cab5d7ffeb3470d8bab,"{""inf_count"": 0, ""max"": 900.0, ""mean"": 0.266380250453949, ""min"": -688.0, ""nan_count"": 0, ""std"": 20.86326789855957, ""zero_count"": 25}","{""inf_count"": 0, ""max"": 13.375, ""mean"": 1.69289305631537e-05, ""min"": -11.8125, ""nan_count"": 0, ""std"": 0.9999793767929077, ""zero_count"": 0}"
action_dit_adaln_norm1,action_head.model.transformer_blocks.26.norm1.norm,58,"[1, 41, 1536]",bfloat16,1e-05,False,f37ffd3b543a687fdfadaa5fe493dda8d7085e19cb6de728d3ac19f2d851c858,e26faefd20380f8b6ff7d2f4812c501fb39111490f475317f364350f6bb85f31,"{""inf_count"": 0, ""max"": 952.0, ""mean"": 0.5025401711463928, ""min"": -708.0, ""nan_count"": 0, ""std"": 24.022212982177734, ""zero_count"": 14}","{""inf_count"": 0, ""max"": 13.125, ""mean"": -1.0690068847907241e-06, ""min"": -9.8125, ""nan_count"": 0, ""std"": 0.9999093413352966, ""zero_count"": 0}"
action_dit_norm3,action_head.model.transformer_blocks.26.norm3,58,"[1, 41, 1536]",bfloat16,1e-05,False,05e63a7d7cff3b1ce14a254c4af5703b22e644775624eb7de72879eec9c5b764,3731756a5d3a1f5b23e46889a43ec07f4193ea0a5fcfbb7e66fbd7be552895f9,"{""inf_count"": 0, ""max"": 952.0, ""mean"": 0.5053426027297974, ""min"": -708.0, ""nan_count"": 0, ""std"": 24.034482955932617, ""zero_count"": 6}","{""inf_count"": 0, ""max"": 13.125, ""mean"": -1.0079000276164152e-05, ""min"": -9.8125, ""nan_count"": 0, ""std"": 0.9999212026596069, ""zero_count"": 0}"
action_dit_adaln_norm1,action_head.model.transformer_blocks.27.norm1.norm,59,"[1, 41, 1536]",bfloat16,1e-05,False,7c5311f2690bea0133f14354fc086e471e293655846fe561c63e08f525c056c1,21d6a444d57860755495f70c871ef10b0838097dbd60df9effb2de649bf4b50e,"{""inf_count"": 0, ""max"": 1000.0, ""mean"": 0.7533553242683411, ""min"": -724.0, ""nan_count"": 0, ""std"": 27.307147979736328, ""zero_count"": 7}","{""inf_count"": 0, ""max"": 12.9375, ""mean"": -4.17087130699656e-06, ""min"": -9.375, ""nan_count"": 0, ""std"": 0.9999629259109497, ""zero_count"": 0}"
action_dit_norm3,action_head.model.transformer_blocks.27.norm3,59,"[1, 41, 1536]",bfloat16,1e-05,False,27104b5209c1aa40b2c164381dabf0903c9843e416be44071c0f1dbfc7b5d47e,4283fd8cee408b7b9465b7cb7d24dd8a9680e8402d3a3d8349451cddaf3385b1,"{""inf_count"": 0, ""max"": 1000.0, ""mean"": 0.7421517968177795, ""min"": -724.0, ""nan_count"": 0, ""std"": 27.219348907470703, ""zero_count"": 14}","{""inf_count"": 0, ""max"": 12.9375, ""mean"": -3.1275478704628767e-06, ""min"": -9.4375, ""nan_count"": 0, ""std"": 0.9998928308486938, ""zero_count"": 0}"
action_dit_adaln_norm1,action_head.model.transformer_blocks.28.norm1.norm,60,"[1, 41, 1536]",bfloat16,1e-05,False,3700c5c8d84f70a031a9ff32a400aa2d178feb8fd4ca3443563881fe15615081,0fb44a3352bf72cc03e09cd5ec09cedf4f586f4c0ebf1038dd6fe9e3601d2768,"{""inf_count"": 0, ""max"": 1104.0, ""mean"": 1.3517405986785889, ""min"": -764.0, ""nan_count"": 0, ""std"": 34.88650894165039, ""zero_count"": 13}","{""inf_count"": 0, ""max"": 12.8125, ""mean"": -1.2937115570821334e-05, ""min"": -9.4375, ""nan_count"": 0, ""std"": 0.9998427629470825, ""zero_count"": 0}"
action_dit_norm3,action_head.model.transformer_blocks.28.norm3,60,"[1, 41, 1536]",bfloat16,1e-05,False,8f027c6944d4dc1dc4b4c68d16e7decec8cfb8c19fecefa8aaed9d0c54640cab,1605ee6f3a39ac30d2688eecd3b8ba472384cbfebc4769a1e919e2306cfa5a63,"{""inf_count"": 0, ""max"": 1104.0, ""mean"": 1.3436821699142456, ""min"": -764.0, ""nan_count"": 0, ""std"": 34.833091735839844, ""zero_count"": 8}","{""inf_count"": 0, ""max"": 12.8125, ""mean"": -1.266719891646062e-06, ""min"": -9.5, ""nan_count"": 0, ""std"": 1.0000836849212646, ""zero_count"": 0}"
action_dit_adaln_norm1,action_head.model.transformer_blocks.29.norm1.norm,61,"[1, 41, 1536]",bfloat16,1e-05,False,2273a0add37dbaa7c6981b9dd743a1286a9e90c18b868e1e644ce8d9ec0ead95,2adf83d292ff4364ca08ab05aad0410d90f6064747dea7369b04ab1149486df8,"{""inf_count"": 0, ""max"": 1192.0, ""mean"": 1.9164763689041138, ""min"": -800.0, ""nan_count"": 0, ""std"": 42.68110656738281, ""zero_count"": 17}","{""inf_count"": 0, ""max"": 12.5625, ""mean"": 1.6203741324716248e-05, ""min"": -9.125, ""nan_count"": 0, ""std"": 1.0002284049987793, ""zero_count"": 0}"
action_dit_norm3,action_head.model.transformer_blocks.29.norm3,61,"[1, 41, 1536]",bfloat16,1e-05,False,2154a6aa19b3d4d572771e020fa8e8556aa6a6fa09750e7e39f52f26593d5ec0,ab4f59a8c86c63c721622291e993e745336118f23f961f04e8b9abda94d1cfb3,"{""inf_count"": 0, ""max"": 1184.0, ""mean"": 1.884083867073059, ""min"": -796.0, ""nan_count"": 0, ""std"": 42.27840805053711, ""zero_count"": 13}","{""inf_count"": 0, ""max"": 12.5, ""mean"": -1.9291551325295586e-06, ""min"": -9.0625, ""nan_count"": 0, ""std"": 1.0000745058059692, ""zero_count"": 0}"
action_dit_adaln_norm1,action_head.model.transformer_blocks.30.norm1.norm,62,"[1, 41, 1536]",bfloat16,1e-05,False,f46abf6e7ded526eaca70606a7ac727716d49653c52b24d1b087c3e24eace3b2,f85ac0fff3d724a3d20f5e40aba581c7fe3b5002e31813c35a8c916163964471,"{""inf_count"": 0, ""max"": 1280.0, ""mean"": 2.3480076789855957, ""min"": -824.0, ""nan_count"": 0, ""std"": 48.715999603271484, ""zero_count"": 9}","{""inf_count"": 0, ""max"": 12.5625, ""mean"": 1.5913955166979576e-06, ""min"": -9.3125, ""nan_count"": 0, ""std"": 1.000083088874817, ""zero_count"": 0}"
action_dit_norm3,action_head.model.transformer_blocks.30.norm3,62,"[1, 41, 1536]",bfloat16,1e-05,False,ea37b904f8dde7629dd9734d429a95b36f4617aaa3b64888c04a6fb8837b9665,b3a6ef0af70b0db3f53588d697cd78b1a74645f7ca89401ea57a7ad0fbb75e29,"{""inf_count"": 0, ""max"": 1280.0, ""mean"": 2.3435871601104736, ""min"": -824.0, ""nan_count"": 0, ""std"": 48.69404220581055, ""zero_count"": 8}","{""inf_count"": 0, ""max"": 12.5625, ""mean"": 6.087427209422458e-06, ""min"": -9.3125, ""nan_count"": 0, ""std"": 1.0000568628311157, ""zero_count"": 0}"
action_dit_adaln_norm1,action_head.model.transformer_blocks.31.norm1.norm,63,"[1, 41, 1536]",bfloat16,1e-05,False,06af7ecbead9e8aa5ccac33f7747f3425c605a7aa75d39d1c079f986a3863436,267edb400136bab3270c6e6b49086b0fc8ef9a23c476f7e12bfb7bdbf2866a4c,"{""inf_count"": 0, ""max"": 1328.0, ""mean"": 2.5179176330566406, ""min"": -844.0, ""nan_count"": 0, ""std"": 51.43368148803711, ""zero_count"": 6}","{""inf_count"": 0, ""max"": 12.625, ""mean"": -8.57240763707523e-07, ""min"": -9.0, ""nan_count"": 0, ""std"": 0.9999707341194153, ""zero_count"": 0}"
action_dit_norm3,action_head.model.transformer_blocks.31.norm3,63,"[1, 41, 1536]",bfloat16,1e-05,False,bccd912470ac5f692fabb37a7d523725a3665ac0298e730e8987c498273cc03f,4e67a5783e8ad6121ba68ac7ff4acf4d5bc6e168df9af9c6cde0586c57775582,"{""inf_count"": 0, ""max"": 1328.0, ""mean"": 2.510455846786499, ""min"": -840.0, ""nan_count"": 0, ""std"": 51.25929260253906, ""zero_count"": 22}","{""inf_count"": 0, ""max"": 12.625, ""mean"": 6.978104494237414e-08, ""min"": -9.0, ""nan_count"": 0, ""std"": 0.9999977350234985, ""zero_count"": 0}"
action_dit_norm_out,action_head.model.norm_out,1,"[1, 41, 1536]",bfloat16,1e-06,False,2e48944a3e2b3b8f79c5deb632d5227af69cb5566bc964d94bbfc76557936d3e,f4fefc760b08a1d8291d80c7f8bee4424d58b3f107279486be6c8d6f12171dba,"{""inf_count"": 0, ""max"": 1296.0, ""mean"": 2.353701591491699, ""min"": -828.0, ""nan_count"": 0, ""std"": 47.62953567504883, ""zero_count"": 56}","{""inf_count"": 0, ""max"": 12.6875, ""mean"": 1.4896314723955584e-06, ""min"": -9.1875, ""nan_count"": 0, ""std"": 1.0000773668289185, ""zero_count"": 0}"
action_dit_adaln_norm1,action_head.model.transformer_blocks.0.norm1.norm,64,"[1, 41, 1536]",bfloat16,1e-05,False,e212e56ae01c8278069d6980f08b63b6b78d859717aec14a6e7bade20fcb1fb7,d111a38554f82bdb08c982b8ba24daab0ca639c8269ba4d71f9140c7dcdd2b77,"{""inf_count"": 0, ""max"": 3.15625, ""mean"": 0.005018577445298433, ""min"": -3.40625, ""nan_count"": 0, ""std"": 0.34664732217788696, ""zero_count"": 67}","{""inf_count"": 0, ""max"": 4.4375, ""mean"": -5.746032911702059e-06, ""min"": -4.09375, ""nan_count"": 0, ""std"": 0.9999465346336365, ""zero_count"": 0}"
action_dit_norm3,action_head.model.transformer_blocks.0.norm3,64,"[1, 41, 1536]",bfloat16,1e-05,False,95e22b2de2502b5e491ef9714f57a76aabec1a50f7de532856f8145e58571555,97f501d29364a037b3c09e1b0962a481bc46182bf57b8b07a8b668921557dfa5,"{""inf_count"": 0, ""max"": 3.421875, ""mean"": 0.005797261837869883, ""min"": -3.4375, ""nan_count"": 0, ""std"": 0.3859805166721344, ""zero_count"": 48}","{""inf_count"": 0, ""max"": 7.15625, ""mean"": -4.611848908098182e-06, ""min"": -6.34375, ""nan_count"": 0, ""std"": 0.9999790787696838, ""zero_count"": 0}"
action_dit_adaln_norm1,action_head.model.transformer_blocks.1.norm1.norm,65,"[1, 41, 1536]",bfloat16,1e-05,False,94eeb1a817ed84bf2cbe5d0ea377cfeeb4598d6eda376abde84ac030c1fe5724,86b133444bbc08f1c94fc34e13402d6d2e317189436c07361698ac729da329cb,"{""inf_count"": 0, ""max"": 136.0, ""mean"": 0.08826795965433121, ""min"": -135.0, ""nan_count"": 0, ""std"": 5.026467800140381, ""zero_count"": 25}","{""inf_count"": 0, ""max"": 20.75, ""mean"": 4.567993528326042e-06, ""min"": -21.0, ""nan_count"": 0, ""std"": 0.9999619722366333, ""zero_count"": 0}"
action_dit_norm3,action_head.model.transformer_blocks.1.norm3,65,"[1, 41, 1536]",bfloat16,1e-05,False,053517285344878722cb03d35a207598ed55aebc45dd96c882f823c82f59187a,b1d7b7fc8a67ca1a374ac99adcdc599603b3ffc00c7a517e7c9e6e2bcbf3960a,"{""inf_count"": 0, ""max"": 135.0, ""mean"": 0.09444082528352737, ""min"": -134.0, ""nan_count"": 0, ""std"": 4.952988147735596, ""zero_count"": 40}","{""inf_count"": 0, ""max"": 20.75, ""mean"": -1.1250255738559645e-05, ""min"": -21.625, ""nan_count"": 0, ""std"": 1.0000513792037964, ""zero_count"": 0}"
action_dit_adaln_norm1,action_head.model.transformer_blocks.2.norm1.norm,66,"[1, 41, 1536]",bfloat16,1e-05,False,9bb1229982b2a36f90ade148f88b3164bd309ab53d9b18ed972a150651962e35,31427939af75d1fb66e2b407561c8df2a7473248ec7a9a2a2ff3779737187416,"{""inf_count"": 0, ""max"": 122.5, ""mean"": 0.08133415132761002, ""min"": -106.0, ""nan_count"": 0, ""std"": 4.180953025817871, ""zero_count"": 29}","{""inf_count"": 0, ""max"": 18.625, ""mean"": -5.526271252165316e-06, ""min"": -17.0, ""nan_count"": 0, ""std"": 0.9999818205833435, ""zero_count"": 0}"
action_dit_norm3,action_head.model.transformer_blocks.2.norm3,66,"[1, 41, 1536]",bfloat16,1e-05,False,8da5425edd179eefd508a6158fa4a0f2729cfde2d9ba49a0c10a8925ca278d45,802b1755c2cab1274b77bc86a6aa77e27dbe2a0eae0be5c6c1bf08256c706cc0,"{""inf_count"": 0, ""max"": 121.5, ""mean"": 0.08615928888320923, ""min"": -105.5, ""nan_count"": 0, ""std"": 4.185596942901611, ""zero_count"": 10}","{""inf_count"": 0, ""max"": 18.5, ""mean"": -3.13627037940023e-06, ""min"": -16.875, ""nan_count"": 0, ""std"": 0.9999563097953796, ""zero_count"": 0}"
action_dit_adaln_norm1,action_head.model.transformer_blocks.3.norm1.norm,67,"[1, 41, 1536]",bfloat16,1e-05,False,72cc90f723d35a8fccb61ae36a1557e0e15afbc2f53bb7274afb976745d453ee,c9d843df13559f6c1e41a857343d007568f94951b5199cbcdc1723666b7a1d64,"{""inf_count"": 0, ""max"": 157.0, ""mean"": 0.11272283643484116, ""min"": -132.0, ""nan_count"": 0, ""std"": 4.974989414215088, ""zero_count"": 27}","{""inf_count"": 0, ""max"": 19.375, ""mean"": -3.745158437595819e-06, ""min"": -14.4375, ""nan_count"": 0, ""std"": 1.0000216960906982, ""zero_count"": 0}"
action_dit_norm3,action_head.model.transformer_blocks.3.norm3,67,"[1, 41, 1536]",bfloat16,1e-05,False,a59b00755d1b5699286d247d83f048ea2ab6f3a8d973893e5042a78d1b70f28d,2dfd5438f2c6a8a028cbc35904c1116211ccea6ecd02b665ac7a687511c1520d,"{""inf_count"": 0, ""max"": 132.0, ""mean"": 0.10192544013261795, ""min"": -118.0, ""nan_count"": 0, ""std"": 4.502754211425781, ""zero_count"": 27}","{""inf_count"": 0, ""max"": 18.5, ""mean"": 1.747118767525535e-05, ""min"": -14.375, ""nan_count"": 0, ""std"": 1.0000898838043213, ""zero_count"": 0}"
action_dit_adaln_norm1,action_head.model.transformer_blocks.4.norm1.norm,68,"[1, 41, 1536]",bfloat16,1e-05,False,70dcabbe71374505f8b78d9f2ba72b6de2bf5ec9ab41c7ec6e816256baf8f19c,047e84dcc18208fd75f5b694b5a7c2ff2eaa02a841a50753766bf427ace6ca0d,"{""inf_count"": 0, ""max"": 204.0, ""mean"": 0.13277243077754974, ""min"": -169.0, ""nan_count"": 0, ""std"": 5.405570983886719, ""zero_count"": 19}","{""inf_count"": 0, ""max"": 20.0, ""mean"": 9.93774210655829e-06, ""min"": -14.25, ""nan_count"": 0, ""std"": 1.0001537799835205, ""zero_count"": 0}"
action_dit_norm3,action_head.model.transformer_blocks.4.norm3,68,"[1, 41, 1536]",bfloat16,1e-05,False,fc975b23f8f8b986438cabbb953a5253612f8f73f66d80e4a46139047e355fb1,6ed69261e19ad3f9f4ea08a0c8fa62a3a7581a1f97dd13b98baab9bc5257306c,"{""inf_count"": 0, ""max"": 206.0, ""mean"": 0.12697073817253113, ""min"": -171.0, ""nan_count"": 0, ""std"": 5.4873948097229, ""zero_count"": 7}","{""inf_count"": 0, ""max"": 20.0, ""mean"": 5.544201030716067e-06, ""min"": -14.25, ""nan_count"": 0, ""std"": 0.9999505877494812, ""zero_count"": 0}"
action_dit_adaln_norm1,action_head.model.transformer_blocks.5.norm1.norm,69,"[1, 41, 1536]",bfloat16,1e-05,False,a309737b54729bf794540e7b91d5d2a674c1c46d68e3631c115fd6968c716d0f,986baac2b5a1c8e53b1d9319a8ec651a1d9ea81852f72cc3a738838685addb5d,"{""inf_count"": 0, ""max"": 258.0, ""mean"": 0.1424662172794342, ""min"": -222.0, ""nan_count"": 0, ""std"": 6.261504173278809, ""zero_count"": 16}","{""inf_count"": 0, ""max"": 20.25, ""mean"": -9.679697541287169e-07, ""min"": -14.1875, ""nan_count"": 0, ""std"": 0.9999759197235107, ""zero_count"": 0}"
action_dit_norm3,action_head.model.transformer_blocks.5.norm3,69,"[1, 41, 1536]",bfloat16,1e-05,False,3a51dfa868a932e3b8236d6c00c6384c73d1579642d29a138ef8352bc3136ef2,f4155068f2000ec0e023b114fb268681f33c78673f8515c2c737027c09f81376,"{""inf_count"": 0, ""max"": 251.0, ""mean"": 0.14964517951011658, ""min"": -218.0, ""nan_count"": 0, ""std"": 6.033476829528809, ""zero_count"": 32}","{""inf_count"": 0, ""max"": 20.125, ""mean"": -3.666897100629285e-06, ""min"": -14.25, ""nan_count"": 0, ""std"": 1.0000598430633545, ""zero_count"": 0}"
action_dit_adaln_norm1,action_head.model.transformer_blocks.6.norm1.norm,70,"[1, 41, 1536]",bfloat16,1e-05,False,a8e3dad95289e2d1c1233fb14ac2c3f914db4c07a07dd828984deb278999126f,4e7f08bdf81ff16af1d4798dfe1d1bfb1786c77e3004a9d1c75e8dd37ec87402,"{""inf_count"": 0, ""max"": 286.0, ""mean"": 0.1599198281764984, ""min"": -248.0, ""nan_count"": 0, ""std"": 6.2684102058410645, ""zero_count"": 9}","{""inf_count"": 0, ""max"": 20.375, ""mean"": -1.963440081453882e-05, ""min"": -14.0625, ""nan_count"": 0, ""std"": 0.999855637550354, ""zero_count"": 0}"
action_dit_norm3,action_head.model.transformer_blocks.6.norm3,70,"[1, 41, 1536]",bfloat16,1e-05,False,1ff7d376f50e3392d3a3c8ffcd71e50e22c175c2809ad5e215f9c258c2a8829c,41bdc5ecd71b407d38c68a3b5c70bcd2430365ce8f88f11de6a7fbc3ce25bb02,"{""inf_count"": 0, ""max"": 288.0, ""mean"": 0.15683624148368835, ""min"": -249.0, ""nan_count"": 0, ""std"": 6.295629501342773, ""zero_count"": 6}","{""inf_count"": 0, ""max"": 20.375, ""mean"": -7.26692087482661e-06, ""min"": -14.0625, ""nan_count"": 0, ""std"": 0.999930202960968, ""zero_count"": 0}"
action_dit_adaln_norm1,action_head.model.transformer_blocks.7.norm1.norm,71,"[1, 41, 1536]",bfloat16,1e-05,False,5a31982fabca971bc7d0a28958bc4dc45278c9a413c6ecd580b1e5cbb50669ff,222f76c2ee06458e3814b49345d73af1dc37c5a5085fc9b4eec54bf02a9acd70,"{""inf_count"": 0, ""max"": 320.0, ""mean"": 0.16402308642864227, ""min"": -280.0, ""nan_count"": 0, ""std"": 6.5375823974609375, ""zero_count"": 8}","{""inf_count"": 0, ""max"": 20.625, ""mean"": 1.0594967534416355e-05, ""min"": -14.0, ""nan_count"": 0, ""std"": 1.0000773668289185, ""zero_count"": 0}"
action_dit_norm3,action_head.model.transformer_blocks.7.norm3,71,"[1, 41, 1536]",bfloat16,1e-05,False,e5e97139e789b0c1bcd1ef6ab695c691f149d47d1ac3916a07bba404ccd37725,7fe7e9256d0bd9b8d4ef1c8f9b24be7295771189823147f97a4cfbf45de34216,"{""inf_count"": 0, ""max"": 308.0, ""mean"": 0.14361192286014557, ""min"": -276.0, ""nan_count"": 0, ""std"": 6.162018299102783, ""zero_count"": 50}","{""inf_count"": 0, ""max"": 19.875, ""mean"": -6.244677024369594e-06, ""min"": -14.125, ""nan_count"": 0, ""std"": 1.000001311302185, ""zero_count"": 0}"
action_dit_adaln_norm1,action_head.model.transformer_blocks.8.norm1.norm,72,"[1, 41, 1536]",bfloat16,1e-05,False,1e351c0aa90c39502b5999300d65b3b75a024346dc6ae99b3fd3a26e3ec38497,8a626009b439d55cda5216b7f8278cffe065dba48f0f39a07c81c89d187eb655,"{""inf_count"": 0, ""max"": 330.0, ""mean"": 0.14521178603172302, ""min"": -290.0, ""nan_count"": 0, ""std"": 6.15468168258667, ""zero_count"": 17}","{""inf_count"": 0, ""max"": 19.375, ""mean"": 1.6308655176544562e-05, ""min"": -13.875, ""nan_count"": 0, ""std"": 1.0001449584960938, ""zero_count"": 0}"
action_dit_norm3,action_head.model.transformer_blocks.8.norm3,72,"[1, 41, 1536]",bfloat16,1e-05,False,158a9ac298c9760768a15d980878279912f1dac59df852195c52ed8ec69fa714,86ba49b49116d437b5926f022060a5c4e67494b5848a3a1006c2f7732e2e953b,"{""inf_count"": 0, ""max"": 332.0, ""mean"": 0.14292572438716888, ""min"": -290.0, ""nan_count"": 0, ""std"": 6.197674751281738, ""zero_count"": 11}","{""inf_count"": 0, ""max"": 19.375, ""mean"": 5.707265700038988e-06, ""min"": -13.8125, ""nan_count"": 0, ""std"": 1.0001723766326904, ""zero_count"": 0}"
action_dit_adaln_norm1,action_head.model.transformer_blocks.9.norm1.norm,73,"[1, 41, 1536]",bfloat16,1e-05,False,d16ccad10e2f993f46a2355ab08a5b78698c6862fe763ae878712c32cadd95cb,ba0440b81b3a09b9de9d14687f790769fbfedf66bdac02a9d575e83625d3e41f,"{""inf_count"": 0, ""max"": 352.0, ""mean"": 0.14378485083580017, ""min"": -308.0, ""nan_count"": 0, ""std"": 6.268024444580078, ""zero_count"": 13}","{""inf_count"": 0, ""max"": 19.125, ""mean"": 7.947770427563228e-06, ""min"": -13.625, ""nan_count"": 0, ""std"": 1.000047206878662, ""zero_count"": 0}"
action_dit_norm3,action_head.model.transformer_blocks.9.norm3,73,"[1, 41, 1536]",bfloat16,1e-05,False,0a07bd86f628edc7873f5d178b0395e71410ed4fe5fbf0b000c7d28326cd4ca5,181ef7c76a58ce35e983a5cbac40b079d462c6e5343a1849189e9d36ccc42543,"{""inf_count"": 0, ""max"": 340.0, ""mean"": 0.12140423059463501, ""min"": -304.0, ""nan_count"": 0, ""std"": 5.926785469055176, ""zero_count"": 42}","{""inf_count"": 0, ""max"": 18.25, ""mean"": 7.816809556970838e-06, ""min"": -13.75, ""nan_count"": 0, ""std"": 0.9999579191207886, ""zero_count"": 0}"
action_dit_adaln_norm1,action_head.model.transformer_blocks.10.norm1.norm,74,"[1, 41, 1536]",bfloat16,1e-05,False,8e277181badd95835d1293a822e84d573801d4056a4da9f6ea3f16824a46a276,1f97790a2fdb445c4e3cbf82016d963f3789e8c0fcadb953fc3e959e6a655c6f,"{""inf_count"": 0, ""max"": 354.0, ""mean"": 0.12362450361251831, ""min"": -316.0, ""nan_count"": 0, ""std"": 5.950676918029785, ""zero_count"": 16}","{""inf_count"": 0, ""max"": 17.75, ""mean"": 2.9052418994979234e-06, ""min"": -13.5625, ""nan_count"": 0, ""std"": 0.9999473094940186, ""zero_count"": 0}"
action_dit_norm3,action_head.model.transformer_blocks.10.norm3,74,"[1, 41, 1536]",bfloat16,1e-05,False,86cd99bc651f0de31073a310ffce3076e8511751861ed37a89fab78b8aae1396,e7b1e6957d8918d2cc2ed2d8c918b4acd0d5221ba5b731b928754d9dc0259ec9,"{""inf_count"": 0, ""max"": 354.0, ""mean"": 0.11737439036369324, ""min"": -316.0, ""nan_count"": 0, ""std"": 5.9428558349609375, ""zero_count"": 12}","{""inf_count"": 0, ""max"": 17.5, ""mean"": 9.583505743648857e-06, ""min"": -13.5625, ""nan_count"": 0, ""std"": 1.0000141859054565, ""zero_count"": 0}"
action_dit_adaln_norm1,action_head.model.transformer_blocks.11.norm1.norm,75,"[1, 41, 1536]",bfloat16,1e-05,False,45c08c9374c3ab6091d833052553d9e3e8e23be01a4229875571ccc48ed26bef,b5b6dd829ac63783e6905ac21ef221cd6134c9d49ecdcd4f79bdca070ec41606,"{""inf_count"": 0, ""max"": 368.0, ""mean"": 0.11296771466732025, ""min"": -328.0, ""nan_count"": 0, ""std"": 5.9767842292785645, ""zero_count"": 15}","{""inf_count"": 0, ""max"": 16.625, ""mean"": -1.6486741515109316e-05, ""min"": -13.6875, ""nan_count"": 0, ""std"": 1.0000163316726685, ""zero_count"": 0}"
action_dit_norm3,action_head.model.transformer_blocks.11.norm3,75,"[1, 41, 1536]",bfloat16,1e-05,False,e3151e9df1f6aa9f5612f4e48a24fff10266c5677c86aae9c9ca1eef77f13a2b,3c259068760b6b0efdee75e0579205a18e0aa3c1fca3c80f80b1ece44bcccd04,"{""inf_count"": 0, ""max"": 366.0, ""mean"": 0.09487876296043396, ""min"": -328.0, ""nan_count"": 0, ""std"": 5.904362201690674, ""zero_count"": 32}","{""inf_count"": 0, ""max"": 16.625, ""mean"": -4.239683221385349e-06, ""min"": -13.8125, ""nan_count"": 0, ""std"": 0.9999134540557861, ""zero_count"": 0}"
action_dit_adaln_norm1,action_head.model.transformer_blocks.12.norm1.norm,76,"[1, 41, 1536]",bfloat16,1e-05,False,ff1459fba265b20c5e05772878a932068a524870449c9a63c17844c322dd0a25,d12c5dd7839afbda689628cafb0cd1ff4a75c4a476308e547d28eaa894ca0be8,"{""inf_count"": 0, ""max"": 384.0, ""mean"": 0.08186072111129761, ""min"": -340.0, ""nan_count"": 0, ""std"": 5.959227085113525, ""zero_count"": 21}","{""inf_count"": 0, ""max"": 15.5625, ""mean"": -2.127837433363311e-06, ""min"": -14.0625, ""nan_count"": 0, ""std"": 1.0000048875808716, ""zero_count"": 0}"
action_dit_norm3,action_head.model.transformer_blocks.12.norm3,76,"[1, 41, 1536]",bfloat16,1e-05,False,c16482f7f218b1d5eb1cf2a480428fb680c80a1633feb527c43791cad29bb370,839f2f3fd16b447b465b7e2634a1b412ffe845c44d019050fae865d2f852cf57,"{""inf_count"": 0, ""max"": 384.0, ""mean"": 0.08441783487796783, ""min"": -340.0, ""nan_count"": 0, ""std"": 5.980483531951904, ""zero_count"": 15}","{""inf_count"": 0, ""max"": 15.625, ""mean"": -6.709399258397752e-06, ""min"": -13.9375, ""nan_count"": 0, ""std"": 1.000049352645874, ""zero_count"": 0}"
action_dit_adaln_norm1,action_head.model.transformer_blocks.13.norm1.norm,77,"[1, 41, 1536]",bfloat16,1e-05,False,16459e06767b27b214d3e6f5a43330f09116e6e6963606f6a483544fd6547685,204a1bda1861e991270842380b38e0caa75771454a4709241059c304f8012758,"{""inf_count"": 0, ""max"": 400.0, ""mean"": 0.07630608230829239, ""min"": -352.0, ""nan_count"": 0, ""std"": 6.108571529388428, ""zero_count"": 15}","{""inf_count"": 0, ""max"": 15.375, ""mean"": -3.496805902614142e-06, ""min"": -13.8125, ""nan_count"": 0, ""std"": 0.9999593496322632, ""zero_count"": 0}"
action_dit_norm3,action_head.model.transformer_blocks.13.norm3,77,"[1, 41, 1536]",bfloat16,1e-05,False,cd3f67c31c60a016a677db90ab6f626fc2a885a6b5f63cd67fa516c9a23da108,aaf88241466e776fdc076400dbdbbf5edcf61b63252390888425648a5b3d453c,"{""inf_count"": 0, ""max"": 400.0, ""mean"": 0.07430067658424377, ""min"": -352.0, ""nan_count"": 0, ""std"": 6.087886333465576, ""zero_count"": 25}","{""inf_count"": 0, ""max"": 15.5625, ""mean"": 2.422952949387991e-09, ""min"": -13.9375, ""nan_count"": 0, ""std"": 0.9999090433120728, ""zero_count"": 0}"
action_dit_adaln_norm1,action_head.model.transformer_blocks.14.norm1.norm,78,"[1, 41, 1536]",bfloat16,1e-05,False,4e188de6f7efd41b28b007dd8b23caa3f54e8f2a76f1ce5e10dd2d3165b98ea3,d8bbda528a867c716db81fb1393356142060023d7e55bdb6df92dfbe8348f72b,"{""inf_count"": 0, ""max"": 420.0, ""mean"": 0.06770623475313187, ""min"": -362.0, ""nan_count"": 0, ""std"": 6.194156169891357, ""zero_count"": 12}","{""inf_count"": 0, ""max"": 14.875, ""mean"": -4.876919774687849e-06, ""min"": -14.0, ""nan_count"": 0, ""std"": 0.9999592304229736, ""zero_count"": 0}"
action_dit_norm3,action_head.model.transformer_blocks.14.norm3,78,"[1, 41, 1536]",bfloat16,1e-05,False,a9858ba07330a939ac4f699a29c39240ec69ad0a12dd883deff7a76533809f57,336f7cb4600c7e7d0b24f42ea327d55d085313c0cc3932a92805ae734694ab51,"{""inf_count"": 0, ""max"": 420.0, ""mean"": 0.06877433508634567, ""min"": -362.0, ""nan_count"": 0, ""std"": 6.208437442779541, ""zero_count"": 7}","{""inf_count"": 0, ""max"": 14.875, ""mean"": 5.788434918940766e-06, ""min"": -13.9375, ""nan_count"": 0, ""std"": 1.0000243186950684, ""zero_count"": 0}"
action_dit_adaln_norm1,action_head.model.transformer_blocks.15.norm1.norm,79,"[1, 41, 1536]",bfloat16,1e-05,False,ebdb37e6ec1a061efee156fb6c43c6b0be4ca0e2efcc337dac6eb6a1028237fe,a1f6f948ac37a8d1c91289907da8104f7d14297f05325a483c32906a8cdb9bab,"{""inf_count"": 0, ""max"": 440.0, ""mean"": 0.06783656775951385, ""min"": -376.0, ""nan_count"": 0, ""std"": 6.396782398223877, ""zero_count"": 14}","{""inf_count"": 0, ""max"": 14.6875, ""mean"": -5.185604095458984e-06, ""min"": -13.8125, ""nan_count"": 0, ""std"": 1.0001157522201538, ""zero_count"": 0}"
action_dit_norm3,action_head.model.transformer_blocks.15.norm3,79,"[1, 41, 1536]",bfloat16,1e-05,False,5d6e8532eade0c4d7212e329b18c05262e586b9cf8d2ef39bb7fe47e46aeac00,93c969ad0e7cd8b12b0d76689c330b88378033b8bb6ba1f9d02acc8f7b382d27,"{""inf_count"": 0, ""max"": 444.0, ""mean"": 0.05871737003326416, ""min"": -376.0, ""nan_count"": 0, ""std"": 6.427494525909424, ""zero_count"": 21}","{""inf_count"": 0, ""max"": 15.3125, ""mean"": -1.2732133654935751e-05, ""min"": -13.6875, ""nan_count"": 0, ""std"": 0.9999697208404541, ""zero_count"": 0}"
action_dit_adaln_norm1,action_head.model.transformer_blocks.16.norm1.norm,80,"[1, 41, 1536]",bfloat16,1e-05,False,e978e46927f429e9a23c92ec20407be04a7bf0de873e739a2105db0fdf6edb6d,6cd6f24414e97cf5b74400413f5870b43f8ce9fc655db604db33fa343fcdf9ba,"{""inf_count"": 0, ""max"": 470.0, ""mean"": 0.044421955943107605, ""min"": -388.0, ""nan_count"": 0, ""std"": 6.607291221618652, ""zero_count"": 10}","{""inf_count"": 0, ""max"": 15.0, ""mean"": 4.596584403770976e-06, ""min"": -13.6875, ""nan_count"": 0, ""std"": 0.999994158744812, ""zero_count"": 0}"
action_dit_norm3,action_head.model.transformer_blocks.16.norm3,80,"[1, 41, 1536]",bfloat16,1e-05,False,fbaf57935dfb881d1f688562fb289d4874a642dbfb7e9484654d812905c9fc1d,f9151d3cb33f582f70f1b8e735fc7b9bfd82139f3a3a5a0325f1e2be95ade669,"{""inf_count"": 0, ""max"": 472.0, ""mean"": 0.04940708726644516, ""min"": -388.0, ""nan_count"": 0, ""std"": 6.636281967163086, ""zero_count"": 23}","{""inf_count"": 0, ""max"": 15.25, ""mean"": -4.288627053483651e-08, ""min"": -13.5625, ""nan_count"": 0, ""std"": 0.9999934434890747, ""zero_count"": 0}"
action_dit_adaln_norm1,action_head.model.transformer_blocks.17.norm1.norm,81,"[1, 41, 1536]",bfloat16,1e-05,False,4ee722fa67e1c2c376b85ff3570f95e96b6d6dbb5f1f6b1460d8cb7340bfd0dc,7057125311db7263b5cc14eaf8e8d92331d42886e7fd2b5888b0ec31a4a7848f,"{""inf_count"": 0, ""max"": 496.0, ""mean"": 0.04516850411891937, ""min"": -398.0, ""nan_count"": 0, ""std"": 6.831108570098877, ""zero_count"": 8}","{""inf_count"": 0, ""max"": 15.5625, ""mean"": 1.5209602679533418e-05, ""min"": -13.5, ""nan_count"": 0, ""std"": 1.0000097751617432, ""zero_count"": 0}"
action_dit_norm3,action_head.model.transformer_blocks.17.norm3,81,"[1, 41, 1536]",bfloat16,1e-05,False,683f24488aef58dce4bea1201e3eb2d7a2a83e4deeb67b23bf34fa7d2e2b80a4,01964e8c6ff3a4a44e98e4ae5486eccb1595a299ee9d2145e6b629679a16985e,"{""inf_count"": 0, ""max"": 496.0, ""mean"": 0.054735321551561356, ""min"": -398.0, ""nan_count"": 0, ""std"": 6.844876766204834, ""zero_count"": 18}","{""inf_count"": 0, ""max"": 15.1875, ""mean"": -2.6885086299444083e-06, ""min"": -13.4375, ""nan_count"": 0, ""std"": 0.9999931454658508, ""zero_count"": 0}"
action_dit_adaln_norm1,action_head.model.transformer_blocks.18.norm1.norm,82,"[1, 41, 1536]",bfloat16,1e-05,False,ce4ea75fc83b9b5e6a3e226615c81849b79ab0c22323e62bca360315a4797e23,61ac050125268890156e294fce5971dc7a1c86d7997764ff9b93ed29c5702ec8,"{""inf_count"": 0, ""max"": 524.0, ""mean"": 0.039119966328144073, ""min"": -408.0, ""nan_count"": 0, ""std"": 6.972846031188965, ""zero_count"": 13}","{""inf_count"": 0, ""max"": 15.0625, ""mean"": -3.6681085475720465e-06, ""min"": -14.125, ""nan_count"": 0, ""std"": 0.9999911785125732, ""zero_count"": 0}"
action_dit_norm3,action_head.model.transformer_blocks.18.norm3,82,"[1, 41, 1536]",bfloat16,1e-05,False,606b7e906180c863e3293b3b977fbb741c551a7142fcf55f7ab29f747a053c10,73eb6b1d5364f3fa7ce948e1eb03f8a67721ba7c87c294e1c47ab969d025c5f3,"{""inf_count"": 0, ""max"": 524.0, ""mean"": 0.03969457745552063, ""min"": -408.0, ""nan_count"": 0, ""std"": 6.985989570617676, ""zero_count"": 4}","{""inf_count"": 0, ""max"": 15.0625, ""mean"": 9.065721314982511e-06, ""min"": -14.0, ""nan_count"": 0, ""std"": 0.999900758266449, ""zero_count"": 0}"
action_dit_adaln_norm1,action_head.model.transformer_blocks.19.norm1.norm,83,"[1, 41, 1536]",bfloat16,1e-05,False,5f2bc7d845303d1521e732565baa707aaa778231d65302e262c52f358ffc0f24,4f70e12d0d5998238996d58c3c4e30492aca07e71c0afa49e4bd9d42b8ba64a6,"{""inf_count"": 0, ""max"": 548.0, ""mean"": 0.03631594404578209, ""min"": -418.0, ""nan_count"": 0, ""std"": 7.174009323120117, ""zero_count"": 11}","{""inf_count"": 0, ""max"": 15.0625, ""mean"": 1.3940460121375509e-05, ""min"": -14.25, ""nan_count"": 0, ""std"": 1.0000139474868774, ""zero_count"": 0}"
action_dit_norm3,action_head.model.transformer_blocks.19.norm3,83,"[1, 41, 1536]",bfloat16,1e-05,False,a871422b48978bff3164ee58c3124d6529610bc2b44646b83c03f5bdc4a790dd,98546fbbf75f21ca554bbdbdfd939f4da34e643c0d6d1618bf84adc6a258643b,"{""inf_count"": 0, ""max"": 552.0, ""mean"": 0.030500167980790138, ""min"": -418.0, ""nan_count"": 0, ""std"": 7.217841625213623, ""zero_count"": 21}","{""inf_count"": 0, ""max"": 15.125, ""mean"": 2.279514319525333e-06, ""min"": -13.875, ""nan_count"": 0, ""std"": 0.9999911189079285, ""zero_count"": 0}"
action_dit_adaln_norm1,action_head.model.transformer_blocks.20.norm1.norm,84,"[1, 41, 1536]",bfloat16,1e-05,False,dc196e912336c95afc0764a9518fc2c875f540660f69d0a0b4fe04092018fbfc,85340554ed0820b59af8d03b88017be6790ab92bdf6ac9825c95103e2b2241ab,"{""inf_count"": 0, ""max"": 584.0, ""mean"": 0.02761002443730831, ""min"": -432.0, ""nan_count"": 0, ""std"": 7.548749923706055, ""zero_count"": 15}","{""inf_count"": 0, ""max"": 15.0625, ""mean"": 5.166462869965471e-06, ""min"": -13.875, ""nan_count"": 0, ""std"": 1.0000293254852295, ""zero_count"": 0}"
action_dit_norm3,action_head.model.transformer_blocks.20.norm3,84,"[1, 41, 1536]",bfloat16,1e-05,False,bab3e78273ed1c53a3260b1ae388bdd8bb2fc050d888f917b0d57befa2e9688d,7cd124cb507c9f3bb54e479042d5c8c3cdde1bc1e5a148c925a151ab0e18907c,"{""inf_count"": 0, ""max"": 588.0, ""mean"": 0.027721216902136803, ""min"": -432.0, ""nan_count"": 0, ""std"": 7.608853816986084, ""zero_count"": 8}","{""inf_count"": 0, ""max"": 15.125, ""mean"": -3.534119286996429e-06, ""min"": -13.5625, ""nan_count"": 0, ""std"": 0.9999279975891113, ""zero_count"": 0}"
action_dit_adaln_norm1,action_head.model.transformer_blocks.21.norm1.norm,85,"[1, 41, 1536]",bfloat16,1e-05,False,3dcf25a9a7028c4fb984993e6ce83fbac7216fc00f0db63f0ceccbd3a62dc8d9,037d229eded139900a33662a7bd354b38dd8eec832a36dbdaae7f2b08d8a6d1a,"{""inf_count"": 0, ""max"": 616.0, ""mean"": 0.021155698224902153, ""min"": -444.0, ""nan_count"": 0, ""std"": 7.918216228485107, ""zero_count"": 14}","{""inf_count"": 0, ""max"": 15.125, ""mean"": -1.1893549526575953e-05, ""min"": -13.5625, ""nan_count"": 0, ""std"": 0.9999245405197144, ""zero_count"": 0}"
action_dit_norm3,action_head.model.transformer_blocks.21.norm3,85,"[1, 41, 1536]",bfloat16,1e-05,False,118cf9000b323a5711f523b3270c819a40916158d1fe384c4a39134efa7bfaca,ab46e0466125fb3eb04297cf0de6068424e9691a1b2212ed1bca221772fd39cc,"{""inf_count"": 0, ""max"": 620.0, ""mean"": 0.025483639910817146, ""min"": -444.0, ""nan_count"": 0, ""std"": 7.994875907897949, ""zero_count"": 18}","{""inf_count"": 0, ""max"": 15.125, ""mean"": 3.8042785490688402e-06, ""min"": -13.1875, ""nan_count"": 0, ""std"": 1.0000001192092896, ""zero_count"": 0}"
action_dit_adaln_norm1,action_head.model.transformer_blocks.22.norm1.norm,86,"[1, 41, 1536]",bfloat16,1e-05,False,8de649bffb6cc2ec1ae7e79b2bf10ea5dc49a9abe7bbe22567c57f3192027ee7,1e28de36084a20c108a150a74ebd0dc961b4c772f6bd190d4eb348b7304afaae,"{""inf_count"": 0, ""max"": 648.0, ""mean"": 0.036372825503349304, ""min"": -462.0, ""nan_count"": 0, ""std"": 8.521334648132324, ""zero_count"": 19}","{""inf_count"": 0, ""max"": 14.8125, ""mean"": -1.2841772331739776e-05, ""min"": -13.0625, ""nan_count"": 0, ""std"": 0.9999673366546631, ""zero_count"": 0}"
action_dit_norm3,action_head.model.transformer_blocks.22.norm3,86,"[1, 41, 1536]",bfloat16,1e-05,False,97014a52040895d1cd9e0b9743008aa30bb4820f297bb9f8f54030b570739688,78ed6b0cb01e5b0842902d0460b9e5bdc3b86c69a0882d75d43ecbee4f5ee834,"{""inf_count"": 0, ""max"": 648.0, ""mean"": 0.03612631931900978, ""min"": -462.0, ""nan_count"": 0, ""std"": 8.52154541015625, ""zero_count"": 7}","{""inf_count"": 0, ""max"": 14.8125, ""mean"": 6.643737151534879e-07, ""min"": -13.125, ""nan_count"": 0, ""std"": 1.0000061988830566, ""zero_count"": 0}"
action_dit_adaln_norm1,action_head.model.transformer_blocks.23.norm1.norm,87,"[1, 41, 1536]",bfloat16,1e-05,False,6919e80f19ac50f09f722093ab2cb19eb0f2d0e09b4a32f8d17c436bccb81048,80de8b0e2dd7ffb7f419c0b8dcc8ec6c3bc9f0f81539d8f9cc4a7366948f77c2,"{""inf_count"": 0, ""max"": 672.0, ""mean"": 0.05653519183397293, ""min"": -478.0, ""nan_count"": 0, ""std"": 9.07115364074707, ""zero_count"": 12}","{""inf_count"": 0, ""max"": 14.4375, ""mean"": -6.975318228796823e-06, ""min"": -12.75, ""nan_count"": 0, ""std"": 0.9999129176139832, ""zero_count"": 0}"
action_dit_norm3,action_head.model.transformer_blocks.23.norm3,87,"[1, 41, 1536]",bfloat16,1e-05,False,fc438a905d722347e975a23eefd7ad56aeb9a015effbc1cd4a2056658a1e5751,32d627aa62e98026a1f4e0ddfbbe4823924ef234ba86bf2ce6fbe084f72a9ef3,"{""inf_count"": 0, ""max"": 672.0, ""mean"": 0.05331714078783989, ""min"": -478.0, ""nan_count"": 0, ""std"": 9.109620094299316, ""zero_count"": 18}","{""inf_count"": 0, ""max"": 14.4375, ""mean"": -2.7366647827875568e-06, ""min"": -12.5625, ""nan_count"": 0, ""std"": 1.0000112056732178, ""zero_count"": 0}"
action_dit_adaln_norm1,action_head.model.transformer_blocks.24.norm1.norm,88,"[1, 41, 1536]",bfloat16,1e-05,False,9dd9e540472c572356ca3f8e4a49315540d481695995af23842289fabbe393d3,a879aa234d2bfbb5caa27886950247e30b0d2aa337e9213b248e00b0d51c692b,"{""inf_count"": 0, ""max"": 700.0, ""mean"": 0.11744795739650726, ""min"": -498.0, ""nan_count"": 0, ""std"": 10.131075859069824, ""zero_count"": 6}","{""inf_count"": 0, ""max"": 13.9375, ""mean"": -3.42666135111358e-06, ""min"": -11.5625, ""nan_count"": 0, ""std"": 1.0000323057174683, ""zero_count"": 0}"
action_dit_norm3,action_head.model.transformer_blocks.24.norm3,88,"[1, 41, 1536]",bfloat16,1e-05,False,2912c21e9fc5a138737c399cc0af91ccda089d93307b357368248bbbc1b03382,7b94fdf390602fdee66bcba655bf3908b74e7ca084a6f92f4084b3d8a611ce93,"{""inf_count"": 0, ""max"": 700.0, ""mean"": 0.12129389494657516, ""min"": -498.0, ""nan_count"": 0, ""std"": 10.145421981811523, ""zero_count"": 13}","{""inf_count"": 0, ""max"": 13.9375, ""mean"": -5.0273852139071096e-06, ""min"": -11.5625, ""nan_count"": 0, ""std"": 0.9999938607215881, ""zero_count"": 0}"
action_dit_adaln_norm1,action_head.model.transformer_blocks.25.norm1.norm,89,"[1, 41, 1536]",bfloat16,1e-05,False,4223b3abb3801e3aaa7fb1f6a6650f37ce55ed82a1d2a45be961f55f5e850702,7d44a480d5728b5a2f427e185360cac6dfd68153508bee20a0efc8fba719cfcc,"{""inf_count"": 0, ""max"": 720.0, ""mean"": 0.2092476785182953, ""min"": -520.0, ""nan_count"": 0, ""std"": 11.468321800231934, ""zero_count"": 9}","{""inf_count"": 0, ""max"": 13.375, ""mean"": 2.101306108670542e-06, ""min"": -10.4375, ""nan_count"": 0, ""std"": 0.999962329864502, ""zero_count"": 0}"
action_dit_norm3,action_head.model.transformer_blocks.25.norm3,89,"[1, 41, 1536]",bfloat16,1e-05,False,7e88bfe454ec331c1eea7b1ee9014791896ef38541a55fafc2cfe4824aafae8e,270174fd1fa360b75a44f93cca413a7ac31f1a4fbb8c22d5fb2fae9f3d3a0605,"{""inf_count"": 0, ""max"": 720.0, ""mean"": 0.21502026915550232, ""min"": -520.0, ""nan_count"": 0, ""std"": 11.471017837524414, ""zero_count"": 17}","{""inf_count"": 0, ""max"": 13.375, ""mean"": -7.1597050919081084e-06, ""min"": -10.375, ""nan_count"": 0, ""std"": 1.000032663345337, ""zero_count"": 0}"
action_dit_adaln_norm1,action_head.model.transformer_blocks.26.norm1.norm,90,"[1, 41, 1536]",bfloat16,1e-05,False,fdc68a5f63e8c6c15ace0b5022a84dab9e478e1191562f6f8d9c73f753904903,72a00c5d7b162e7f44005ab8c8dfe1927472e9c853d9c03352057c2d76a1d240,"{""inf_count"": 0, ""max"": 772.0, ""mean"": 0.42505452036857605, ""min"": -564.0, ""nan_count"": 0, ""std"": 14.333691596984863, ""zero_count"": 18}","{""inf_count"": 0, ""max"": 13.0, ""mean"": 5.745790986111388e-06, ""min"": -9.5625, ""nan_count"": 0, ""std"": 0.9999967813491821, ""zero_count"": 0}"
action_dit_norm3,action_head.model.transformer_blocks.26.norm3,90,"[1, 41, 1536]",bfloat16,1e-05,False,b417a4d9d8d0f3a774ebfd5363df0d51cdd49ecc454fd942fd040fabf75f5be9,c0d907b1b0e625a9c47b5c1c4834848fd36a404b619db0b8dcdf0c4e74b5adf2,"{""inf_count"": 0, ""max"": 772.0, ""mean"": 0.4286109507083893, ""min"": -564.0, ""nan_count"": 0, ""std"": 14.348983764648438, ""zero_count"": 8}","{""inf_count"": 0, ""max"": 13.0, ""mean"": -9.288874935009517e-06, ""min"": -9.5625, ""nan_count"": 0, ""std"": 0.9998915791511536, ""zero_count"": 0}"
action_dit_adaln_norm1,action_head.model.transformer_blocks.27.norm1.norm,91,"[1, 41, 1536]",bfloat16,1e-05,False,b5a5dde090964903d21143ff3150b365af9be34d04e0f9d725d049af23a7e286,820826c930e2200ea922a5b457a78f0ca7379dbe601f1c3f10c0c3ec7390941d,"{""inf_count"": 0, ""max"": 820.0, ""mean"": 0.6516258716583252, ""min"": -596.0, ""nan_count"": 0, ""std"": 17.561542510986328, ""zero_count"": 15}","{""inf_count"": 0, ""max"": 12.8125, ""mean"": 7.263528459588997e-06, ""min"": -9.3125, ""nan_count"": 0, ""std"": 1.0000925064086914, ""zero_count"": 0}"
action_dit_norm3,action_head.model.transformer_blocks.27.norm3,91,"[1, 41, 1536]",bfloat16,1e-05,False,e079a502a4173366285884713e375e2203e4044c031647c33c8a69cf846ae2bb,e3497b33c9575ad8e88394874f97c4668dae085b3b6105ee7e5304ad3ce2f1b6,"{""inf_count"": 0, ""max"": 820.0, ""mean"": 0.644885241985321, ""min"": -592.0, ""nan_count"": 0, ""std"": 17.438892364501953, ""zero_count"": 17}","{""inf_count"": 0, ""max"": 12.8125, ""mean"": 3.4338090699748136e-06, ""min"": -9.3125, ""nan_count"": 0, ""std"": 0.9999817609786987, ""zero_count"": 0}"
action_dit_adaln_norm1,action_head.model.transformer_blocks.28.norm1.norm,92,"[1, 41, 1536]",bfloat16,1e-05,False,4ca0351162cd61bb7ccd7961d6cc7621944a96ac9a6e3af8e76d452b664dca63,e5dc7d9758c036e8ce5c0bd9ec5f88eedf687232196de575b13c0464116d6cb1,"{""inf_count"": 0, ""max"": 920.0, ""mean"": 1.2136448621749878, ""min"": -636.0, ""nan_count"": 0, ""std"": 25.414554595947266, ""zero_count"": 13}","{""inf_count"": 0, ""max"": 12.5625, ""mean"": -3.3746889585017925e-06, ""min"": -9.4375, ""nan_count"": 0, ""std"": 0.9999136328697205, ""zero_count"": 0}"
action_dit_norm3,action_head.model.transformer_blocks.28.norm3,92,"[1, 41, 1536]",bfloat16,1e-05,False,47e6c880fb662433949af864a5413850cc3d4eb4c7f2e6d322f27ebfee1bbf4c,f312deed3927450f778ce01fd82490cd94361b7ea1b3aafa5dbf5047eb5dd51f,"{""inf_count"": 0, ""max"": 920.0, ""mean"": 1.2057695388793945, ""min"": -636.0, ""nan_count"": 0, ""std"": 25.35642433166504, ""zero_count"": 3}","{""inf_count"": 0, ""max"": 12.625, ""mean"": 7.437011845468078e-06, ""min"": -9.5, ""nan_count"": 0, ""std"": 1.0001025199890137, ""zero_count"": 0}"
action_dit_adaln_norm1,action_head.model.transformer_blocks.29.norm1.norm,93,"[1, 41, 1536]",bfloat16,1e-05,False,06e910c36a950cb83afb33aa1a7a1540f6c6765f7d69501b724dfb31f49090c0,bbb2ec260accda9e32a3446f1ce508e46a6714ec95993b2683aadfff4becb90b,"{""inf_count"": 0, ""max"": 1032.0, ""mean"": 1.7408303022384644, ""min"": -672.0, ""nan_count"": 0, ""std"": 33.234840393066406, ""zero_count"": 9}","{""inf_count"": 0, ""max"": 12.5625, ""mean"": -1.9447104932623915e-05, ""min"": -9.25, ""nan_count"": 0, ""std"": 0.9998835325241089, ""zero_count"": 0}"
action_dit_norm3,action_head.model.transformer_blocks.29.norm3,93,"[1, 41, 1536]",bfloat16,1e-05,False,86f175fc863932c878cc9b419c179c9ddbeeeff5ae03e07e9d9567a51895e8c2,7928fbb05c014f2332ab6e4045b21bb31f1904edddbb43e6e4a81e1fce771a60,"{""inf_count"": 0, ""max"": 1024.0, ""mean"": 1.7144789695739746, ""min"": -668.0, ""nan_count"": 0, ""std"": 32.79362487792969, ""zero_count"": 11}","{""inf_count"": 0, ""max"": 12.5625, ""mean"": 1.0377023500041105e-05, ""min"": -9.125, ""nan_count"": 0, ""std"": 1.0000340938568115, ""zero_count"": 0}"
action_dit_adaln_norm1,action_head.model.transformer_blocks.30.norm1.norm,94,"[1, 41, 1536]",bfloat16,1e-05,False,ca4f7d8cf7dbc050ed6cc6dcd560352837e3c19d62eb87ce90876f927f43aa2a,fd2084fa05e4592ad50b7bbd81bfd8e1141f0166cc999f02988c417eccc84d36,"{""inf_count"": 0, ""max"": 1120.0, ""mean"": 2.150303840637207, ""min"": -692.0, ""nan_count"": 0, ""std"": 39.21989822387695, ""zero_count"": 10}","{""inf_count"": 0, ""max"": 12.625, ""mean"": -2.384185791015625e-06, ""min"": -9.4375, ""nan_count"": 0, ""std"": 0.9999762773513794, ""zero_count"": 0}"
action_dit_norm3,action_head.model.transformer_blocks.30.norm3,94,"[1, 41, 1536]",bfloat16,1e-05,False,fb15d055d9b420a1a7ae04024726f9d286b3182ebc16b8e0aab1340bd877d2c7,c0698c8992536c9b189a944437262f593c3a5fdc92c8687a66dc99a6766ca99b,"{""inf_count"": 0, ""max"": 1120.0, ""mean"": 2.1453347206115723, ""min"": -692.0, ""nan_count"": 0, ""std"": 39.186248779296875, ""zero_count"": 4}","{""inf_count"": 0, ""max"": 12.625, ""mean"": -1.2074059668520931e-05, ""min"": -9.375, ""nan_count"": 0, ""std"": 0.9999019503593445, ""zero_count"": 0}"
action_dit_adaln_norm1,action_head.model.transformer_blocks.31.norm1.norm,95,"[1, 41, 1536]",bfloat16,1e-05,False,a8276cee0533cd3c6b573be9066ba70b3f09104d39d35879bac7bbfc425c7597,3b550f16c47bf30b13005d39402acb30af6eb320236c07672f2313298edeb323,"{""inf_count"": 0, ""max"": 1160.0, ""mean"": 2.3039045333862305, ""min"": -708.0, ""nan_count"": 0, ""std"": 41.78146743774414, ""zero_count"": 13}","{""inf_count"": 0, ""max"": 12.5625, ""mean"": 1.0661962733138353e-05, ""min"": -9.0625, ""nan_count"": 0, ""std"": 1.0000252723693848, ""zero_count"": 0}"
action_dit_norm3,action_head.model.transformer_blocks.31.norm3,95,"[1, 41, 1536]",bfloat16,1e-05,False,173dfb95899868d57560fccdad222443603ade25c55c82b1cd7f9b2afe78c52d,50b51a962b0c63ff32c5ede373f6a0588f79ca4d31b7a5beb585a92e0a44777c,"{""inf_count"": 0, ""max"": 1160.0, ""mean"": 2.2923367023468018, ""min"": -704.0, ""nan_count"": 0, ""std"": 41.521766662597656, ""zero_count"": 17}","{""inf_count"": 0, ""max"": 12.5625, ""mean"": -1.8426557289785706e-05, ""min"": -9.0, ""nan_count"": 0, ""std"": 0.9999153017997742, ""zero_count"": 0}"
action_dit_norm_out,action_head.model.norm_out,2,"[1, 41, 1536]",bfloat16,1e-06,False,fcd8b258a0dfd03674fef265529f59e74e710def456811491cfa965553039c62,503908b5323c4dc6451c9f6781532a53048d5dfa5671ca0b9da6e6bd6060173f,"{""inf_count"": 0, ""max"": 1120.0, ""mean"": 2.127647876739502, ""min"": -688.0, ""nan_count"": 0, ""std"": 37.601348876953125, ""zero_count"": 53}","{""inf_count"": 0, ""max"": 12.625, ""mean"": -4.8963033805193845e-06, ""min"": -9.125, ""nan_count"": 0, ""std"": 0.999889075756073, ""zero_count"": 0}"
action_dit_adaln_norm1,action_head.model.transformer_blocks.0.norm1.norm,96,"[1, 41, 1536]",bfloat16,1e-05,False,1e99bd6ec5181f3896441ad1847b99b54f601d5ce2ab4d47eda6c39f5c8de836,3235a9d923afe41c43318310d9dab6badc9efc49b719a32cc48db9f3eb7b6da5,"{""inf_count"": 0, ""max"": 3.15625, ""mean"": -0.003446402493864298, ""min"": -3.40625, ""nan_count"": 0, ""std"": 0.34702229499816895, ""zero_count"": 60}","{""inf_count"": 0, ""max"": 4.34375, ""mean"": -6.270602625590982e-06, ""min"": -4.15625, ""nan_count"": 0, ""std"": 0.9999507665634155, ""zero_count"": 0}"
action_dit_norm3,action_head.model.transformer_blocks.0.norm3,96,"[1, 41, 1536]",bfloat16,1e-05,False,f4ff95b062f4bdbcaf6b1ac1e3880e0f586e293a29ae233782b6666b5ddd346f,b30e00b156aeea3b2dd58d1523beda09b6f3858bb8649c4fc65707980af26b93,"{""inf_count"": 0, ""max"": 3.40625, ""mean"": -0.002901621162891388, ""min"": -3.4375, ""nan_count"": 0, ""std"": 0.37805503606796265, ""zero_count"": 50}","{""inf_count"": 0, ""max"": 5.8125, ""mean"": -7.274431936821202e-06, ""min"": -6.375, ""nan_count"": 0, ""std"": 0.9999576807022095, ""zero_count"": 0}"
action_dit_adaln_norm1,action_head.model.transformer_blocks.1.norm1.norm,97,"[1, 41, 1536]",bfloat16,1e-05,False,d3275fca0917b15de467d718146680592a6a3b85cb1f02e6c9bd498f5a239810,3743fb94dda1f5de2b47382eaa2852a41b4a18e1b86ba1de287565fd99d282f8,"{""inf_count"": 0, ""max"": 145.0, ""mean"": 0.08588042855262756, ""min"": -119.0, ""nan_count"": 0, ""std"": 4.992031574249268, ""zero_count"": 21}","{""inf_count"": 0, ""max"": 20.75, ""mean"": 4.841060103899508e-07, ""min"": -20.375, ""nan_count"": 0, ""std"": 0.9999324083328247, ""zero_count"": 0}"
action_dit_norm3,action_head.model.transformer_blocks.1.norm3,97,"[1, 41, 1536]",bfloat16,1e-05,False,cc76d4897944015bb9f97f14f75a9ddac7e923a4660d33632b1750008c15e7ed,2e42af43bc2a565b74a9d8ae6cfa1842e032e0fe027ef97149f9a784f5185222,"{""inf_count"": 0, ""max"": 141.0, ""mean"": 0.08960940688848495, ""min"": -120.0, ""nan_count"": 0, ""std"": 4.988706588745117, ""zero_count"": 19}","{""inf_count"": 0, ""max"": 20.625, ""mean"": 5.045072612119839e-06, ""min"": -21.375, ""nan_count"": 0, ""std"": 0.9999761581420898, ""zero_count"": 0}"
action_dit_adaln_norm1,action_head.model.transformer_blocks.2.norm1.norm,98,"[1, 41, 1536]",bfloat16,1e-05,False,7e038859dffe05b9ead67dae6ac8a9cc5724cba0df7bf1144fc3785e9dd9b356,5b287936b5dc4accd5ad6adc09164a896007ca09fcbbd337d418085d44ff9897,"{""inf_count"": 0, ""max"": 130.0, ""mean"": 0.08014030754566193, ""min"": -96.5, ""nan_count"": 0, ""std"": 4.424335956573486, ""zero_count"": 29}","{""inf_count"": 0, ""max"": 17.875, ""mean"": 4.293714937375626e-06, ""min"": -17.25, ""nan_count"": 0, ""std"": 0.9999170899391174, ""zero_count"": 0}"
action_dit_norm3,action_head.model.transformer_blocks.2.norm3,98,"[1, 41, 1536]",bfloat16,1e-05,False,cfb1e50785e3856f887ff422584844c2f1cfb9751015abdb267c4a6e2b9a71e0,8cf54427d13f5f880cb1cbafa189727258eb6a2c7011e54f428bb9c19f9dd86c,"{""inf_count"": 0, ""max"": 129.0, ""mean"": 0.08523707091808319, ""min"": -96.5, ""nan_count"": 0, ""std"": 4.4498291015625, ""zero_count"": 8}","{""inf_count"": 0, ""max"": 17.875, ""mean"": -2.4505748115188908e-06, ""min"": -17.25, ""nan_count"": 0, ""std"": 1.0001393556594849, ""zero_count"": 0}"
action_dit_adaln_norm1,action_head.model.transformer_blocks.3.norm1.norm,99,"[1, 41, 1536]",bfloat16,1e-05,False,a18e75ce21669f3b35a40fc6d3b4219d28a06048be2d10a4a187fc5edbb06f50,fa0451f761a56139084f0d9c22400a7f5122e1c620aa06d9e3f44b0512fc408d,"{""inf_count"": 0, ""max"": 206.0, ""mean"": 0.11497055739164352, ""min"": -182.0, ""nan_count"": 0, ""std"": 5.602126598358154, ""zero_count"": 23}","{""inf_count"": 0, ""max"": 19.75, ""mean"": 8.96008077688748e-06, ""min"": -14.25, ""nan_count"": 0, ""std"": 0.9999938011169434, ""zero_count"": 0}"
action_dit_norm3,action_head.model.transformer_blocks.3.norm3,99,"[1, 41, 1536]",bfloat16,1e-05,False,1dc87e8d824b3a581926066dd5ca2fd00fd3c2ac37b561c1929370f4d175270b,d36bbd59ca0549745ee4bc9b0eb4f2b3a8800ac27f9364d9b01920bbdf2a206e,"{""inf_count"": 0, ""max"": 184.0, ""mean"": 0.1044498085975647, ""min"": -170.0, ""nan_count"": 0, ""std"": 5.128148555755615, ""zero_count"": 23}","{""inf_count"": 0, ""max"": 18.375, ""mean"": -6.714245046168799e-06, ""min"": -14.1875, ""nan_count"": 0, ""std"": 0.9999861717224121, ""zero_count"": 0}"
action_dit_adaln_norm1,action_head.model.transformer_blocks.4.norm1.norm,100,"[1, 41, 1536]",bfloat16,1e-05,False,0b75f2a5ce394cdcbc158158360298c633eb41419e31a9b73269980fb13e062e,94b2a84f58e6c0734d7c812762a499d25bc0d58d3dacc179a475bec8af0d722b,"{""inf_count"": 0, ""max"": 272.0, ""mean"": 0.13670718669891357, ""min"": -235.0, ""nan_count"": 0, ""std"": 6.37111234664917, ""zero_count"": 13}","{""inf_count"": 0, ""max"": 20.25, ""mean"": -2.861507653051376e-07, ""min"": -14.125, ""nan_count"": 0, ""std"": 1.0000332593917847, ""zero_count"": 0}"
action_dit_norm3,action_head.model.transformer_blocks.4.norm3,100,"[1, 41, 1536]",bfloat16,1e-05,False,42bbc2ece87e9cfc94583fc5b45a9876c3cba6b19a26ac20d66ade99ca24d003,22a1a1e0f6f3cdf25d03102b6b250edb4980445c825d10b7da20c7c033db1b21,"{""inf_count"": 0, ""max"": 274.0, ""mean"": 0.13086067140102386, ""min"": -237.0, ""nan_count"": 0, ""std"": 6.4504852294921875, ""zero_count"": 7}","{""inf_count"": 0, ""max"": 20.125, ""mean"": 2.5491888209216995e-06, ""min"": -14.125, ""nan_count"": 0, ""std"": 0.9999426007270813, ""zero_count"": 0}"
action_dit_adaln_norm1,action_head.model.transformer_blocks.5.norm1.norm,101,"[1, 41, 1536]",bfloat16,1e-05,False,c91371339e2d0706eda8f7c4c16e311c916f0882c50eeae25be0fb8889ccb41e,2c2c04219bc22f13de58067cabda098b7ac3f4b66f78f8b268272a71bc332000,"{""inf_count"": 0, ""max"": 336.0, ""mean"": 0.14612622559070587, ""min"": -300.0, ""nan_count"": 0, ""std"": 7.548913955688477, ""zero_count"": 11}","{""inf_count"": 0, ""max"": 20.0, ""mean"": -2.0238926481397357e-06, ""min"": -14.125, ""nan_count"": 0, ""std"": 1.0000630617141724, ""zero_count"": 0}"
action_dit_norm3,action_head.model.transformer_blocks.5.norm3,101,"[1, 41, 1536]",bfloat16,1e-05,False,4935467536116c6e7cafc3e17806c76de5d7ca6e943210683d4d3269bfbaba1a,39e72b170f196597ed2c1a79662393ba737686795d4ad652729ef71a4a3150a0,"{""inf_count"": 0, ""max"": 328.0, ""mean"": 0.15527014434337616, ""min"": -296.0, ""nan_count"": 0, ""std"": 7.315795421600342, ""zero_count"": 36}","{""inf_count"": 0, ""max"": 19.75, ""mean"": -1.8708832385527785e-06, ""min"": -14.125, ""nan_count"": 0, ""std"": 1.0000258684158325, ""zero_count"": 0}"
action_dit_adaln_norm1,action_head.model.transformer_blocks.6.norm1.norm,102,"[1, 41, 1536]",bfloat16,1e-05,False,6a4923bc3abe0ed658671f29dd5a1951d622dd05fd5f7e23828a12e283c440d1,b8d74f451d0095aeefb9a5c038c621fdd900e19f8a8fd8c26f6c498c9fa8d2a3,"{""inf_count"": 0, ""max"": 372.0, ""mean"": 0.16557444632053375, ""min"": -334.0, ""nan_count"": 0, ""std"": 7.78748083114624, ""zero_count"": 15}","{""inf_count"": 0, ""max"": 20.125, ""mean"": -8.472824447380845e-06, ""min"": -14.0625, ""nan_count"": 0, ""std"": 0.9999901652336121, ""zero_count"": 0}"
action_dit_norm3,action_head.model.transformer_blocks.6.norm3,102,"[1, 41, 1536]",bfloat16,1e-05,False,775c7641b3ae1367e083a42cd6d57ffb293d28fb6380e33b70bb648f64d668cf,902662f6f1b57b50ec48705491646394144d1a04195d99f162979f89723198cc,"{""inf_count"": 0, ""max"": 374.0, ""mean"": 0.16300706565380096, ""min"": -334.0, ""nan_count"": 0, ""std"": 7.816675186157227, ""zero_count"": 10}","{""inf_count"": 0, ""max"": 20.125, ""mean"": -3.2898856261454057e-06, ""min"": -14.0625, ""nan_count"": 0, ""std"": 1.0001014471054077, ""zero_count"": 0}"
action_dit_adaln_norm1,action_head.model.transformer_blocks.7.norm1.norm,103,"[1, 41, 1536]",bfloat16,1e-05,False,2ace72c00cba4bf3e37fe1ae4512dea4dbd3281306faaac56f3797fda34fcd6f,811e8119472d3ec44f847482c2feb855fa5e436db946dad421f9cfdf76857f87,"{""inf_count"": 0, ""max"": 412.0, ""mean"": 0.17091578245162964, ""min"": -372.0, ""nan_count"": 0, ""std"": 8.282370567321777, ""zero_count"": 4}","{""inf_count"": 0, ""max"": 20.5, ""mean"": -8.383175554627087e-06, ""min"": -14.0, ""nan_count"": 0, ""std"": 1.000001072883606, ""zero_count"": 0}"
action_dit_norm3,action_head.model.transformer_blocks.7.norm3,103,"[1, 41, 1536]",bfloat16,1e-05,False,dca7f3ab34513668a2f7f15ec008d4a92ea29f26314ff3e2901a6d03e61ba63e,567604e9fcd48cf8b8c8b10d9b3fd0b0a4ea05335919cd3a38d8572c525a10fc,"{""inf_count"": 0, ""max"": 400.0, ""mean"": 0.1489923596382141, ""min"": -368.0, ""nan_count"": 0, ""std"": 7.904608726501465, ""zero_count"": 57}","{""inf_count"": 0, ""max"": 20.0, ""mean"": 9.394758308189921e-06, ""min"": -14.1875, ""nan_count"": 0, ""std"": 1.0001428127288818, ""zero_count"": 0}"
action_dit_adaln_norm1,action_head.model.transformer_blocks.8.norm1.norm,104,"[1, 41, 1536]",bfloat16,1e-05,False,90778f342d9607f54964e67b84cc84f77aa8a5d9e94d3171489e2598b77913ca,6c61ff7f7671c9dba150eacfbed542c13fe64027c9d521fe3acec59f32a20ed8,"{""inf_count"": 0, ""max"": 426.0, ""mean"": 0.150537371635437, ""min"": -386.0, ""nan_count"": 0, ""std"": 8.05748462677002, ""zero_count"": 12}","{""inf_count"": 0, ""max"": 19.625, ""mean"": -8.074491233855952e-06, ""min"": -14.0625, ""nan_count"": 0, ""std"": 0.999911367893219, ""zero_count"": 0}"
action_dit_norm3,action_head.model.transformer_blocks.8.norm3,104,"[1, 41, 1536]",bfloat16,1e-05,False,c0341d5785cf908aa1195dce4185589e560676d3d477e8d78394c3e4eb48bb21,980eb59c5a67b4b839442e0ab13fb75743fbbc1f243650409c23d44d239ccd15,"{""inf_count"": 0, ""max"": 428.0, ""mean"": 0.14883208274841309, ""min"": -386.0, ""nan_count"": 0, ""std"": 8.101202964782715, ""zero_count"": 13}","{""inf_count"": 0, ""max"": 19.625, ""mean"": 9.83137397270184e-06, ""min"": -14.0625, ""nan_count"": 0, ""std"": 1.0000405311584473, ""zero_count"": 0}"
action_dit_adaln_norm1,action_head.model.transformer_blocks.9.norm1.norm,105,"[1, 41, 1536]",bfloat16,1e-05,False,baa632100c0d359db583fd81d28e34662b73716c6632be3c9c2af13a0757fdea,c46fdb08681d5bb64661f59e53b87d662c59006b117b229fa36bc709c290fede,"{""inf_count"": 0, ""max"": 454.0, ""mean"": 0.151223286986351, ""min"": -410.0, ""nan_count"": 0, ""std"": 8.365354537963867, ""zero_count"": 14}","{""inf_count"": 0, ""max"": 19.75, ""mean"": 1.1661672942864243e-06, ""min"": -13.9375, ""nan_count"": 0, ""std"": 0.9999492168426514, ""zero_count"": 0}"
action_dit_norm3,action_head.model.transformer_blocks.9.norm3,105,"[1, 41, 1536]",bfloat16,1e-05,False,915d95289eae3f76e005dec87abd5992c36dd95d264e2968acf9b5caa9e131ae,750f8474a1fd1f64600e17e559487b9c6f70fa28e953ef82f0e54e0eb26ccabc,"{""inf_count"": 0, ""max"": 442.0, ""mean"": 0.12574534118175507, ""min"": -404.0, ""nan_count"": 0, ""std"": 8.029908180236816, ""zero_count"": 57}","{""inf_count"": 0, ""max"": 18.875, ""mean"": -1.19887715754885e-06, ""min"": -14.0625, ""nan_count"": 0, ""std"": 0.9999231696128845, ""zero_count"": 0}"
action_dit_adaln_norm1,action_head.model.transformer_blocks.10.norm1.norm,106,"[1, 41, 1536]",bfloat16,1e-05,False,2de211780a57f73a886acffe5a222f55e0635fab35181401c06fccdb3d8d6c76,b31788094bcc3dbf0b034c47276ce976de91bed5d1dc1a767d57250d41c68946,"{""inf_count"": 0, ""max"": 460.0, ""mean"": 0.1289452165365219, ""min"": -418.0, ""nan_count"": 0, ""std"": 8.198670387268066, ""zero_count"": 19}","{""inf_count"": 0, ""max"": 18.125, ""mean"": 9.152099664788693e-06, ""min"": -13.9375, ""nan_count"": 0, ""std"": 0.9999911785125732, ""zero_count"": 0}"
action_dit_norm3,action_head.model.transformer_blocks.10.norm3,106,"[1, 41, 1536]",bfloat16,1e-05,False,2e48664facccd8ce5bdac46f510b19ac9a73c7ca831decef020dfcfac9fcade8,c9eefa1e4f1e1ded0d7f0b8cab1e6c0ac7cca6b6a8e1df6df3f4669e68c639fe,"{""inf_count"": 0, ""max"": 460.0, ""mean"": 0.12478919327259064, ""min"": -418.0, ""nan_count"": 0, ""std"": 8.193136215209961, ""zero_count"": 12}","{""inf_count"": 0, ""max"": 17.875, ""mean"": 5.362600859371014e-06, ""min"": -13.9375, ""nan_count"": 0, ""std"": 0.9999634623527527, ""zero_count"": 0}"
action_dit_adaln_norm1,action_head.model.transformer_blocks.11.norm1.norm,107,"[1, 41, 1536]",bfloat16,1e-05,False,43f8f2787e87052200811ce98aa42470e37c43a44926084b17dbb0bee979f730,fab057f32815fc2dddd48acb80f3661dbe1e1d0b649840a52e02c610c68311c2,"{""inf_count"": 0, ""max"": 478.0, ""mean"": 0.1208118423819542, ""min"": -432.0, ""nan_count"": 0, ""std"": 8.377211570739746, ""zero_count"": 11}","{""inf_count"": 0, ""max"": 17.125, ""mean"": 5.4963479669822846e-06, ""min"": -13.8125, ""nan_count"": 0, ""std"": 1.0000243186950684, ""zero_count"": 0}"
action_dit_norm3,action_head.model.transformer_blocks.11.norm3,107,"[1, 41, 1536]",bfloat16,1e-05,False,4caf8b6e5df14439abe5dece787db9b9f9b632c7cf7278611a849baa9a2796a9,34be322acb00bcf481073dc2ca90aed81d4b9560181154f34b2484a648279771,"{""inf_count"": 0, ""max"": 478.0, ""mean"": 0.1118469387292862, ""min"": -432.0, ""nan_count"": 0, ""std"": 8.32548713684082, ""zero_count"": 17}","{""inf_count"": 0, ""max"": 17.25, ""mean"": -5.912489996262593e-06, ""min"": -13.875, ""nan_count"": 0, ""std"": 0.9999917149543762, ""zero_count"": 0}"
action_dit_adaln_norm1,action_head.model.transformer_blocks.12.norm1.norm,108,"[1, 41, 1536]",bfloat16,1e-05,False,802a00c3666c3b34ef1960cfb99e7b21c9159a4138c29a95ef17819acfa0c4ec,58f3c653997885effecb8c43f4928182295cc423789b5f411f85143293a602e1,"{""inf_count"": 0, ""max"": 498.0, ""mean"": 0.1034330502152443, ""min"": -446.0, ""nan_count"": 0, ""std"": 8.540793418884277, ""zero_count"": 10}","{""inf_count"": 0, ""max"": 16.875, ""mean"": -1.0627071787894238e-05, ""min"": -14.0625, ""nan_count"": 0, ""std"": 0.9999755024909973, ""zero_count"": 0}"
action_dit_norm3,action_head.model.transformer_blocks.12.norm3,108,"[1, 41, 1536]",bfloat16,1e-05,False,f867ef195260c86a489376a3c1e48e99fadcf4ce469455021df14e4d5ea826ba,9e956d5b87b549d71b7cef579b5e71fb62dd192fe6ee1d9d8eb4cd33f690eeb2,"{""inf_count"": 0, ""max"": 498.0, ""mean"": 0.10683764517307281, ""min"": -446.0, ""nan_count"": 0, ""std"": 8.558749198913574, ""zero_count"": 15}","{""inf_count"": 0, ""max"": 17.0, ""mean"": -1.9717992927326122e-06, ""min"": -13.9375, ""nan_count"": 0, ""std"": 1.0000089406967163, ""zero_count"": 0}"
action_dit_adaln_norm1,action_head.model.transformer_blocks.13.norm1.norm,109,"[1, 41, 1536]",bfloat16,1e-05,False,b24335f50dc7d45db631aeda18011e1ed57426ee70a36a27e4df3e8ab28a65a9,04fe6413583c74f58a81fc1046cb85087bff9552df61da08a9246b301c29758e,"{""inf_count"": 0, ""max"": 516.0, ""mean"": 0.10059165954589844, ""min"": -460.0, ""nan_count"": 0, ""std"": 8.834283828735352, ""zero_count"": 16}","{""inf_count"": 0, ""max"": 17.0, ""mean"": -7.120089776435634e-06, ""min"": -13.9375, ""nan_count"": 0, ""std"": 0.9999897480010986, ""zero_count"": 0}"
action_dit_norm3,action_head.model.transformer_blocks.13.norm3,109,"[1, 41, 1536]",bfloat16,1e-05,False,1adcd38fddb843131a57f0abada56664088e3073bc5ae8a167fb69c98feea3fd,1c4b010bbefe27979229de2686e7e397392597abed9457632a1f5fe77d5554a3,"{""inf_count"": 0, ""max"": 520.0, ""mean"": 0.10615471005439758, ""min"": -460.0, ""nan_count"": 0, ""std"": 8.844825744628906, ""zero_count"": 26}","{""inf_count"": 0, ""max"": 17.375, ""mean"": 3.453192675806349e-06, ""min"": -14.0, ""nan_count"": 0, ""std"": 0.9999589920043945, ""zero_count"": 0}"
action_dit_adaln_norm1,action_head.model.transformer_blocks.14.norm1.norm,110,"[1, 41, 1536]",bfloat16,1e-05,False,34776b757f410918424508581f82176e6c56ccba7738781e46ccaa3c71b42a66,c0e16a9a12c6168cab5c987699c8496d49569ad8cf754b35d648455fcac1de20,"{""inf_count"": 0, ""max"": 540.0, ""mean"": 0.10327935218811035, ""min"": -470.0, ""nan_count"": 0, ""std"": 9.087735176086426, ""zero_count"": 7}","{""inf_count"": 0, ""max"": 16.75, ""mean"": 1.5991489590305719e-06, ""min"": -14.0, ""nan_count"": 0, ""std"": 1.0000001192092896, ""zero_count"": 0}"
action_dit_norm3,action_head.model.transformer_blocks.14.norm3,110,"[1, 41, 1536]",bfloat16,1e-05,False,6d3a53808c290eef4a4eab89fbaba7d226db92eeecb07e89e40479ffd8bbf895,f5a49d5740214e5e84b2640b9c2440f4b0d1d8127da41f0592f8406d7d613054,"{""inf_count"": 0, ""max"": 540.0, ""mean"": 0.10510501265525818, ""min"": -470.0, ""nan_count"": 0, ""std"": 9.095444679260254, ""zero_count"": 8}","{""inf_count"": 0, ""max"": 16.75, ""mean"": -6.935460987733677e-06, ""min"": -13.9375, ""nan_count"": 0, ""std"": 0.9999514222145081, ""zero_count"": 0}"
action_dit_adaln_norm1,action_head.model.transformer_blocks.15.norm1.norm,111,"[1, 41, 1536]",bfloat16,1e-05,False,2772845b0956fda14fe24e3ac32e7804398d1e6f3694eac1b7c955ea6f739d37,2c7bc5582a7300644d4110365386e4e910276973cb6a74c35a0eb4408827a097,"{""inf_count"": 0, ""max"": 564.0, ""mean"": 0.10631520301103592, ""min"": -486.0, ""nan_count"": 0, ""std"": 9.465998649597168, ""zero_count"": 11}","{""inf_count"": 0, ""max"": 16.25, ""mean"": -1.0906680472544394e-05, ""min"": -13.8125, ""nan_count"": 0, ""std"": 0.9999691843986511, ""zero_count"": 0}"
action_dit_norm3,action_head.model.transformer_blocks.15.norm3,111,"[1, 41, 1536]",bfloat16,1e-05,False,e8fd842d27fea528d5528b4effa49120cd7bc71e1b51b2a04f3c1e65fc598f99,0f2e50d4fa28d3318dac8f84c8b58e5dd30be51e87426f346d52c047c9ce4760,"{""inf_count"": 0, ""max"": 572.0, ""mean"": 0.10689898580312729, ""min"": -486.0, ""nan_count"": 0, ""std"": 9.532027244567871, ""zero_count"": 17}","{""inf_count"": 0, ""max"": 17.0, ""mean"": -3.7659958707081387e-06, ""min"": -13.5, ""nan_count"": 0, ""std"": 0.9998916983604431, ""zero_count"": 0}"
action_dit_adaln_norm1,action_head.model.transformer_blocks.16.norm1.norm,112,"[1, 41, 1536]",bfloat16,1e-05,False,00f40ba0760fd462d5fecedee61fe31ef8d78b28e605ffd9ff0266f6b600d5c3,2c0ba4e6d9a87d89bcb3d602ee8036fd2e587086345955df4c73d42b8307ff31,"{""inf_count"": 0, ""max"": 600.0, ""mean"": 0.0961107388138771, ""min"": -500.0, ""nan_count"": 0, ""std"": 9.893327713012695, ""zero_count"": 6}","{""inf_count"": 0, ""max"": 16.375, ""mean"": -6.1981563703739084e-06, ""min"": -13.4375, ""nan_count"": 0, ""std"": 0.9999584555625916, ""zero_count"": 0}"
action_dit_norm3,action_head.model.transformer_blocks.16.norm3,112,"[1, 41, 1536]",bfloat16,1e-05,False,44f04b36674dd2499ae7a07f6696fa01256e9f75f1d495bd2fff6f7cbe2193a5,de31e01b29741fe01c72dd87bfd79a0d699d629aaf76564fba6eab7a99178423,"{""inf_count"": 0, ""max"": 604.0, ""mean"": 0.10172386467456818, ""min"": -500.0, ""nan_count"": 0, ""std"": 9.925524711608887, ""zero_count"": 14}","{""inf_count"": 0, ""max"": 16.75, ""mean"": -3.950867267121794e-06, ""min"": -13.3125, ""nan_count"": 0, ""std"": 1.0000187158584595, ""zero_count"": 0}"
action_dit_adaln_norm1,action_head.model.transformer_blocks.17.norm1.norm,113,"[1, 41, 1536]",bfloat16,1e-05,False,80fb36a0af6b1848777f524da5ee9e55a530436e5374438ca000d08c4fa42a0c,6a16e6db8ffee0db095bb90ff6601029b5a0fde9d24d1814856370754c62484f,"{""inf_count"": 0, ""max"": 628.0, ""mean"": 0.0990130826830864, ""min"": -512.0, ""nan_count"": 0, ""std"": 10.275735855102539, ""zero_count"": 10}","{""inf_count"": 0, ""max"": 17.0, ""mean"": -1.9051680055781617e-06, ""min"": -13.375, ""nan_count"": 0, ""std"": 1.0000135898590088, ""zero_count"": 0}"
action_dit_norm3,action_head.model.transformer_blocks.17.norm3,113,"[1, 41, 1536]",bfloat16,1e-05,False,dba717160d3e52e2283d7b09669953f3c974a3fd1e1857e3f507c551f32d58b1,5ef23a1b02dcbe0652149329885ae8e2b7efa36521a4973e8061f9450d09f869,"{""inf_count"": 0, ""max"": 628.0, ""mean"": 0.11527341604232788, ""min"": -512.0, ""nan_count"": 0, ""std"": 10.293611526489258, ""zero_count"": 14}","{""inf_count"": 0, ""max"": 16.875, ""mean"": -9.867233529803343e-06, ""min"": -13.25, ""nan_count"": 0, ""std"": 1.000028133392334, ""zero_count"": 0}"
action_dit_adaln_norm1,action_head.model.transformer_blocks.18.norm1.norm,114,"[1, 41, 1536]",bfloat16,1e-05,False,f96eeb41c3ce2d4908f9c12ad08774250372b91050271e4d7a612a788a682d21,bb33b362ac60ddad1c3fbe358cc591717237a2b27d0fb267dd39e16545145907,"{""inf_count"": 0, ""max"": 656.0, ""mean"": 0.1064801961183548, ""min"": -520.0, ""nan_count"": 0, ""std"": 10.613819122314453, ""zero_count"": 10}","{""inf_count"": 0, ""max"": 15.9375, ""mean"": -1.940179572557099e-05, ""min"": -13.625, ""nan_count"": 0, ""std"": 0.9999859929084778, ""zero_count"": 0}"
action_dit_norm3,action_head.model.transformer_blocks.18.norm3,114,"[1, 41, 1536]",bfloat16,1e-05,False,e49337d440534d1a9c559c7c089905963d2dd5bedf22cd0193508f98e469676c,6d60b36106ee120b124d8503146d32b165a387637e5bd1787a8919d5448786f0,"{""inf_count"": 0, ""max"": 656.0, ""mean"": 0.10657211393117905, ""min"": -520.0, ""nan_count"": 0, ""std"": 10.62364387512207, ""zero_count"": 6}","{""inf_count"": 0, ""max"": 16.0, ""mean"": -1.7423455574316904e-05, ""min"": -13.5, ""nan_count"": 0, ""std"": 0.9999774694442749, ""zero_count"": 0}"
action_dit_adaln_norm1,action_head.model.transformer_blocks.19.norm1.norm,115,"[1, 41, 1536]",bfloat16,1e-05,False,a4cd5750f09b9a4b6ce5418918f455b17f5a1fca39ff7ab2a1b15da9e8bad91c,e154d85abf4896e1c665d7e7d31acf0427e8ae111d7fe787c6cfae45c0c57d59,"{""inf_count"": 0, ""max"": 680.0, ""mean"": 0.10725408792495728, ""min"": -528.0, ""nan_count"": 0, ""std"": 10.988129615783691, ""zero_count"": 5}","{""inf_count"": 0, ""max"": 15.6875, ""mean"": 9.004420462588314e-06, ""min"": -13.6875, ""nan_count"": 0, ""std"": 0.9999468922615051, ""zero_count"": 0}"
action_dit_norm3,action_head.model.transformer_blocks.19.norm3,115,"[1, 41, 1536]",bfloat16,1e-05,False,cba97aff5bcd3d5ba9a9661a5a66aa60b0796e2972991d25b70362009a3a8f4b,b08506e3a14e90d9db30a61c4019409cba1f1394335a49d318f2dea8455d33c3,"{""inf_count"": 0, ""max"": 684.0, ""mean"": 0.10767141729593277, ""min"": -528.0, ""nan_count"": 0, ""std"": 11.034566879272461, ""zero_count"": 16}","{""inf_count"": 0, ""max"": 15.875, ""mean"": -1.682159381743986e-05, ""min"": -13.5, ""nan_count"": 0, ""std"": 1.0000284910202026, ""zero_count"": 0}"
action_dit_adaln_norm1,action_head.model.transformer_blocks.20.norm1.norm,116,"[1, 41, 1536]",bfloat16,1e-05,False,5149ee3097739d9b01c7457e3b42ad9e6a91d96e0d156e5e10397e2e25b19a2b,4a4c5bcf0dac6588a9c06811f2fa3fa5f8ebb5bbfff36aff53a51a4124b40a36,"{""inf_count"": 0, ""max"": 716.0, ""mean"": 0.11313117295503616, ""min"": -544.0, ""nan_count"": 0, ""std"": 11.629429817199707, ""zero_count"": 10}","{""inf_count"": 0, ""max"": 15.8125, ""mean"": 4.044877641717903e-06, ""min"": -13.3125, ""nan_count"": 0, ""std"": 0.9999892115592957, ""zero_count"": 0}"
action_dit_norm3,action_head.model.transformer_blocks.20.norm3,116,"[1, 41, 1536]",bfloat16,1e-05,False,d647b5634fe51961e741e9af8e85f5c16b774cc94297c43f6e66216120910b1e,1d3d89b285a49596d3d6f55d6f43fa5b6fb078b249ab6e36ef69b391bab6276a,"{""inf_count"": 0, ""max"": 720.0, ""mean"": 0.11912330240011215, ""min"": -544.0, ""nan_count"": 0, ""std"": 11.67940616607666, ""zero_count"": 15}","{""inf_count"": 0, ""max"": 16.0, ""mean"": 9.486830094829202e-06, ""min"": -13.125, ""nan_count"": 0, ""std"": 1.0000343322753906, ""zero_count"": 0}"
action_dit_adaln_norm1,action_head.model.transformer_blocks.21.norm1.norm,117,"[1, 41, 1536]",bfloat16,1e-05,False,d8f02ce9834f859ced375133126de4d21344a4d55353d5c7ec506c22d3819df0,da3d2479aff74f2b3af7682f5fdfb6156dfaae068630031ca90665f083dce8be,"{""inf_count"": 0, ""max"": 748.0, ""mean"": 0.11759089678525925, ""min"": -556.0, ""nan_count"": 0, ""std"": 12.208930015563965, ""zero_count"": 14}","{""inf_count"": 0, ""max"": 15.6875, ""mean"": -2.564453552622581e-06, ""min"": -13.0625, ""nan_count"": 0, ""std"": 0.9999337792396545, ""zero_count"": 0}"
action_dit_norm3,action_head.model.transformer_blocks.21.norm3,117,"[1, 41, 1536]",bfloat16,1e-05,False,f4e8962b069135f368e76ad00ec8b59904ed97186b2cc8cf3b1647a9e102ec8a,701d3f778a1babc9a8cc5116aa33bf1f2194a0c9c1f01b419a3c4042ba54b881,"{""inf_count"": 0, ""max"": 752.0, ""mean"": 0.12185895442962646, ""min"": -556.0, ""nan_count"": 0, ""std"": 12.27251148223877, ""zero_count"": 17}","{""inf_count"": 0, ""max"": 15.875, ""mean"": -7.805785571690649e-06, ""min"": -12.8125, ""nan_count"": 0, ""std"": 0.9999235272407532, ""zero_count"": 0}"
action_dit_adaln_norm1,action_head.model.transformer_blocks.22.norm1.norm,118,"[1, 41, 1536]",bfloat16,1e-05,False,97a05273185ffe8b5def31ebe0774b8ff6a6d9bc31793b8d5ed04194b9df368c,60e5bf682da90d86d75adf5f5bbc4da0b8a2db2640146d938438e54f27f726a4,"{""inf_count"": 0, ""max"": 784.0, ""mean"": 0.14217206835746765, ""min"": -576.0, ""nan_count"": 0, ""std"": 13.113605499267578, ""zero_count"": 17}","{""inf_count"": 0, ""max"": 15.125, ""mean"": 3.1138581562117906e-06, ""min"": -12.75, ""nan_count"": 0, ""std"": 1.0000849962234497, ""zero_count"": 0}"
action_dit_norm3,action_head.model.transformer_blocks.22.norm3,118,"[1, 41, 1536]",bfloat16,1e-05,False,98da430636c7753b51b9a58d4bf6527f65d7fca9bff4992da7ff138619633980,bdc4a43c85e75f12dc0b90ef34b07a569a27ec646f4457c9293a8a2a0a621e51,"{""inf_count"": 0, ""max"": 784.0, ""mean"": 0.1432352215051651, ""min"": -576.0, ""nan_count"": 0, ""std"": 13.113018035888672, ""zero_count"": 10}","{""inf_count"": 0, ""max"": 15.125, ""mean"": 1.2050556961185066e-06, ""min"": -12.75, ""nan_count"": 0, ""std"": 1.000031590461731, ""zero_count"": 0}"
action_dit_adaln_norm1,action_head.model.transformer_blocks.23.norm1.norm,119,"[1, 41, 1536]",bfloat16,1e-05,False,4899e5198174d0218d55918dcc4c46d813435df61d86874d4068d62d5a5d23f4,4960d6d162cb15074b1419b7c81d668cb95db29fe9e200f9fcf98f770d99e222,"{""inf_count"": 0, ""max"": 808.0, ""mean"": 0.1733216941356659, ""min"": -592.0, ""nan_count"": 0, ""std"": 13.963040351867676, ""zero_count"": 16}","{""inf_count"": 0, ""max"": 14.625, ""mean"": -1.4753361483599292e-06, ""min"": -12.6875, ""nan_count"": 0, ""std"": 1.000054955482483, ""zero_count"": 0}"
action_dit_norm3,action_head.model.transformer_blocks.23.norm3,119,"[1, 41, 1536]",bfloat16,1e-05,False,5b7bb5540d78eeb8d776beab01decd3b0ba971dd32a782928f550c10196f9b6b,24527e1534799d0a068bc9183cb4611d342d8bd1c8a76ec530019d29523c0c24,"{""inf_count"": 0, ""max"": 808.0, ""mean"": 0.1703324168920517, ""min"": -592.0, ""nan_count"": 0, ""std"": 13.983816146850586, ""zero_count"": 16}","{""inf_count"": 0, ""max"": 14.625, ""mean"": 9.181599125440698e-06, ""min"": -12.375, ""nan_count"": 0, ""std"": 1.0000133514404297, ""zero_count"": 0}"
action_dit_adaln_norm1,action_head.model.transformer_blocks.24.norm1.norm,120,"[1, 41, 1536]",bfloat16,1e-05,False,51ef3f2aeddd5f3d7083a282d091dbff1f74ff25c40d9f23c93744282fa201c3,d4c3fbd7a2abe976d39ecd4561f683d825233ad2b8cbc78ead2d6810dc4b849e,"{""inf_count"": 0, ""max"": 836.0, ""mean"": 0.24613791704177856, ""min"": -612.0, ""nan_count"": 0, ""std"": 15.340912818908691, ""zero_count"": 15}","{""inf_count"": 0, ""max"": 14.0625, ""mean"": -2.215790573245613e-06, ""min"": -12.0625, ""nan_count"": 0, ""std"": 1.0000314712524414, ""zero_count"": 0}"
action_dit_norm3,action_head.model.transformer_blocks.24.norm3,120,"[1, 41, 1536]",bfloat16,1e-05,False,7636cfca308877a6da3ffb7a94b91347360478208c1946aa21aeb421571b6be6,1c7bfed4da76ef98e1a977f67abb01740c12e5130c705b6ce036b7c7538a5026,"{""inf_count"": 0, ""max"": 836.0, ""mean"": 0.2474445104598999, ""min"": -612.0, ""nan_count"": 0, ""std"": 15.35042953491211, ""zero_count"": 13}","{""inf_count"": 0, ""max"": 14.0625, ""mean"": -6.675235653119671e-08, ""min"": -12.0, ""nan_count"": 0, ""std"": 1.0000728368759155, ""zero_count"": 0}"
action_dit_adaln_norm1,action_head.model.transformer_blocks.25.norm1.norm,121,"[1, 41, 1536]",bfloat16,1e-05,False,14858b39c9e72cc71815cdb63c94f7e3e51268526d94ba0e6cca7727d8d0821d,8fbc2aff1b2543ba9a353c40f4378146ed49c33bc903b8fcf375b383ef65d2fd,"{""inf_count"": 0, ""max"": 856.0, ""mean"": 0.34898486733436584, ""min"": -632.0, ""nan_count"": 0, ""std"": 16.914764404296875, ""zero_count"": 11}","{""inf_count"": 0, ""max"": 13.5625, ""mean"": 6.8129807004879694e-06, ""min"": -10.75, ""nan_count"": 0, ""std"": 1.0000426769256592, ""zero_count"": 0}"
action_dit_norm3,action_head.model.transformer_blocks.25.norm3,121,"[1, 41, 1536]",bfloat16,1e-05,False,9d8534b7863ab6812777a9676173442c1e26fffe4f495a435367d901889394ed,a5a952996a4e0d2d3137c51400b22a70ff5c3704942e6a382b4d70ae2210c8cb,"{""inf_count"": 0, ""max"": 856.0, ""mean"": 0.34314900636672974, ""min"": -632.0, ""nan_count"": 0, ""std"": 16.86490249633789, ""zero_count"": 16}","{""inf_count"": 0, ""max"": 13.5625, ""mean"": 8.314363185490947e-06, ""min"": -10.875, ""nan_count"": 0, ""std"": 1.000091314315796, ""zero_count"": 0}"
action_dit_adaln_norm1,action_head.model.transformer_blocks.26.norm1.norm,122,"[1, 41, 1536]",bfloat16,1e-05,False,d3ed52a2959beb659bf10229c440a90e03fb522bf6b36762f6960a91e11cf092,6fab1d4a093f7770620632ff4d6a3be3ef77011f98ca16046e72edef5b1b4f2c,"{""inf_count"": 0, ""max"": 908.0, ""mean"": 0.5698445439338684, ""min"": -652.0, ""nan_count"": 0, ""std"": 19.845375061035156, ""zero_count"": 9}","{""inf_count"": 0, ""max"": 13.3125, ""mean"": -8.510864972777199e-06, ""min"": -9.5625, ""nan_count"": 0, ""std"": 0.9999370574951172, ""zero_count"": 0}"
action_dit_norm3,action_head.model.transformer_blocks.26.norm3,122,"[1, 41, 1536]",bfloat16,1e-05,False,ab86df0fc011ecf7087dd3bfe97b58b15bff0a4af3178a8be5588bc5e6b4fd87,9b58386967cd82e0df1df87b9df4fb3942b117fb995dc4bacd17b2072b1f0b5b,"{""inf_count"": 0, ""max"": 908.0, ""mean"": 0.573851466178894, ""min"": -652.0, ""nan_count"": 0, ""std"": 19.857189178466797, ""zero_count"": 4}","{""inf_count"": 0, ""max"": 13.3125, ""mean"": -4.662003902922152e-06, ""min"": -9.5625, ""nan_count"": 0, ""std"": 0.9999425411224365, ""zero_count"": 0}"
action_dit_adaln_norm1,action_head.model.transformer_blocks.27.norm1.norm,123,"[1, 41, 1536]",bfloat16,1e-05,False,60c8d3ff0fc458a5b062e8ae2e57a64cfe3aeb8e556948fa907a2c8b9af73589,0ddb84e47aa3062627965e179608277bc2c0f6518ea4207886e6bb610f422848,"{""inf_count"": 0, ""max"": 956.0, ""mean"": 0.8102664947509766, ""min"": -684.0, ""nan_count"": 0, ""std"": 23.042333602905273, ""zero_count"": 4}","{""inf_count"": 0, ""max"": 13.0625, ""mean"": -1.809945956665615e-06, ""min"": -9.375, ""nan_count"": 0, ""std"": 0.9999725818634033, ""zero_count"": 0}"
action_dit_norm3,action_head.model.transformer_blocks.27.norm3,123,"[1, 41, 1536]",bfloat16,1e-05,False,74bbffb40b279137cb7634ffa9f23a21e02fa11f3f0e3cbdab8acedca376165f,3734684e526a02705d91e493e24a0205f7166bfc43a81954f9cd6237528a750f,"{""inf_count"": 0, ""max"": 956.0, ""mean"": 0.7967838048934937, ""min"": -680.0, ""nan_count"": 0, ""std"": 22.831218719482422, ""zero_count"": 18}","{""inf_count"": 0, ""max"": 13.125, ""mean"": 2.7515054625837365e-06, ""min"": -9.375, ""nan_count"": 0, ""std"": 0.9999954104423523, ""zero_count"": 0}"
action_dit_adaln_norm1,action_head.model.transformer_blocks.28.norm1.norm,124,"[1, 41, 1536]",bfloat16,1e-05,False,dccc8d43f86e9dcad20e749f6b12e4fc3845a8b2e88699a283b6d28b5adb6dd0,3918add2734a7a54f997b4795d50efdb1420c3c296c309fc23060de77cca57e8,"{""inf_count"": 0, ""max"": 1056.0, ""mean"": 1.3860485553741455, ""min"": -720.0, ""nan_count"": 0, ""std"": 30.529319763183594, ""zero_count"": 9}","{""inf_count"": 0, ""max"": 12.9375, ""mean"": -4.085583441337803e-06, ""min"": -9.0625, ""nan_count"": 0, ""std"": 0.9999651312828064, ""zero_count"": 0}"
action_dit_norm3,action_head.model.transformer_blocks.28.norm3,124,"[1, 41, 1536]",bfloat16,1e-05,False,b7de1b5eaccb928f559f412915474d268dba23cfa223d26292e12fecf93ea1a5,0c6286821f2eca31d1430bdab6190f7a1965d735470073234156dbe016f8f009,"{""inf_count"": 0, ""max"": 1056.0, ""mean"": 1.3786343336105347, ""min"": -720.0, ""nan_count"": 0, ""std"": 30.482288360595703, ""zero_count"": 4}","{""inf_count"": 0, ""max"": 12.9375, ""mean"": 3.5132818538841093e-06, ""min"": -9.125, ""nan_count"": 0, ""std"": 1.000010371208191, ""zero_count"": 0}"
action_dit_adaln_norm1,action_head.model.transformer_blocks.29.norm1.norm,125,"[1, 41, 1536]",bfloat16,1e-05,False,1af6a69e7210f2b06db59971e6eeda37b3893f36ac7c47dd87ffae1dffbe4fb7,13860ae22d6420a2b992ce65a38ae515234fc8045b962384e42059a6775f2022,"{""inf_count"": 0, ""max"": 1144.0, ""mean"": 1.9325071573257446, ""min"": -756.0, ""nan_count"": 0, ""std"": 38.31489562988281, ""zero_count"": 12}","{""inf_count"": 0, ""max"": 12.625, ""mean"": -1.1983926242464804e-06, ""min"": -8.9375, ""nan_count"": 0, ""std"": 0.9999516010284424, ""zero_count"": 0}"
action_dit_norm3,action_head.model.transformer_blocks.29.norm3,125,"[1, 41, 1536]",bfloat16,1e-05,False,800e5cc86a81ab956117b07841e62eef967f330afcfbb5b522e1dbe6233998c7,71c5ae9156d9e5d6f88a349a678b505dd8cc03246a3c68832c201098348dcb2e,"{""inf_count"": 0, ""max"": 1136.0, ""mean"": 1.9076106548309326, ""min"": -748.0, ""nan_count"": 0, ""std"": 37.827606201171875, ""zero_count"": 15}","{""inf_count"": 0, ""max"": 12.625, ""mean"": -2.0119718101341277e-05, ""min"": -8.875, ""nan_count"": 0, ""std"": 0.9998596906661987, ""zero_count"": 0}"
action_dit_adaln_norm1,action_head.model.transformer_blocks.30.norm1.norm,126,"[1, 41, 1536]",bfloat16,1e-05,False,2710b5e4687ebe43b8ffb221b3b32e3eed7d26b5473f8ee98e58c3279a2114e1,3a70d970e7b8e9404c7e59d9beb5d5f6c19cc62b96f60a6468f35fbc4e9c48f6,"{""inf_count"": 0, ""max"": 1208.0, ""mean"": 2.3558638095855713, ""min"": -772.0, ""nan_count"": 0, ""std"": 44.21675109863281, ""zero_count"": 14}","{""inf_count"": 0, ""max"": 12.5, ""mean"": 1.4879354239383247e-05, ""min"": -9.1875, ""nan_count"": 0, ""std"": 1.000091791152954, ""zero_count"": 0}"
action_dit_norm3,action_head.model.transformer_blocks.30.norm3,126,"[1, 41, 1536]",bfloat16,1e-05,False,c340bde2c2ca4d15995f20cf8fced43ab23302c98c41203fda4b87276a12e651,4599c592da7dfc8dae187062186bdd8dfbb3d8f57e475ec983e22f0c3b6d46f0,"{""inf_count"": 0, ""max"": 1208.0, ""mean"": 2.3512439727783203, ""min"": -772.0, ""nan_count"": 0, ""std"": 44.18876647949219, ""zero_count"": 5}","{""inf_count"": 0, ""max"": 12.5, ""mean"": -8.853470490066684e-07, ""min"": -9.25, ""nan_count"": 0, ""std"": 0.999980628490448, ""zero_count"": 0}"
action_dit_adaln_norm1,action_head.model.transformer_blocks.31.norm1.norm,127,"[1, 41, 1536]",bfloat16,1e-05,False,d0e393a86e0f391f8d36acab599246d9d90ff7f57efde718c2d22c366f29ea9d,48f45b72802cc54fbce308712dd0441d92b1522c174c8a36175ac01bac6f0e2b,"{""inf_count"": 0, ""max"": 1248.0, ""mean"": 2.516374349594116, ""min"": -792.0, ""nan_count"": 0, ""std"": 46.85320281982422, ""zero_count"": 14}","{""inf_count"": 0, ""max"": 12.5, ""mean"": -1.1131531209684908e-05, ""min"": -8.9375, ""nan_count"": 0, ""std"": 0.9999176859855652, ""zero_count"": 0}"
action_dit_norm3,action_head.model.transformer_blocks.31.norm3,127,"[1, 41, 1536]",bfloat16,1e-05,False,23b61ea89755b163cbee5389d078f708e781be2c37ae2abd4624ea317fd6d976,dcdc11c9362c1e42562afc8a94b996f894b95c62b6d2836de805678f32ff891c,"{""inf_count"": 0, ""max"": 1248.0, ""mean"": 2.4972927570343018, ""min"": -788.0, ""nan_count"": 0, ""std"": 46.552371978759766, ""zero_count"": 19}","{""inf_count"": 0, ""max"": 12.5, ""mean"": 1.4762083992536645e-05, ""min"": -8.875, ""nan_count"": 0, ""std"": 1.0000925064086914, ""zero_count"": 0}"
action_dit_norm_out,action_head.model.norm_out,3,"[1, 41, 1536]",bfloat16,1e-06,False,09748b7da038db70d2764ffd117fe68fdb9b490ea960dfb0a989c2d25d96a409,2e491a0b057e05f7188aae22bfe094daea9ba322ed36f28d30319e83b5abc31f,"{""inf_count"": 0, ""max"": 1216.0, ""mean"": 2.335590124130249, ""min"": -772.0, ""nan_count"": 0, ""std"": 42.78286361694336, ""zero_count"": 30}","{""inf_count"": 0, ""max"": 12.5625, ""mean"": 1.0417244084237609e-05, ""min"": -9.0, ""nan_count"": 0, ""std"": 1.0001039505004883, ""zero_count"": 0}"
