[WARNING GRT-0281] Net u_b2_implementation/u_pcu/u_quad_datapath/packet_reducer_rst_n has a large fanout of 1257 terminals.
[WARNING GRT-0281] Net u_b2_implementation/u_pcu/u_quad_datapath/scalar_array_rst_n has a large fanout of 4126 terminals.
[WARNING GRT-0281] Net u_b2_implementation/u_pcu/u_quad_datapath/g_quad\[0\].u_bank_slice/apply_rst_n[0] has a large fanout of 3400 terminals.
[WARNING GRT-0281] Net u_b2_implementation/u_pcu/u_quad_datapath/g_quad\[0\].u_bank_slice/apply_rst_n[2] has a large fanout of 3400 terminals.
[WARNING GRT-0281] Net u_b2_implementation/u_pcu/u_quad_datapath/g_quad\[0\].u_bank_slice/reduce_rst_n[0] has a large fanout of 2311 terminals.
[WARNING GRT-0281] Net u_b2_implementation/u_pcu/u_quad_datapath/g_quad\[0\].u_bank_slice/reduce_rst_n[1] has a large fanout of 1157 terminals.
[WARNING GRT-0281] Net u_b2_implementation/u_pcu/u_quad_datapath/g_quad\[0\].u_bank_slice/reduce_rst_n[2] has a large fanout of 2311 terminals.
[WARNING GRT-0281] Net u_b2_implementation/u_pcu/u_quad_datapath/g_quad\[0\].u_bank_slice/reduce_rst_n[3] has a large fanout of 2311 terminals.
[WARNING GRT-0281] Net u_b2_implementation/u_pcu/u_quad_datapath/g_quad\[1\].u_bank_slice/apply_rst_n[1] has a large fanout of 3400 terminals.
[WARNING GRT-0281] Net u_b2_implementation/u_pcu/u_quad_datapath/g_quad\[1\].u_bank_slice/reduce_rst_n[0] has a large fanout of 1157 terminals.
[WARNING GRT-0281] Net u_b2_implementation/u_pcu/u_quad_datapath/g_quad\[1\].u_bank_slice/reduce_rst_n[2] has a large fanout of 1146 terminals.
[WARNING GRT-0281] Net u_b2_implementation/u_pcu/u_quad_datapath/g_quad\[1\].u_bank_slice/reduce_rst_n[3] has a large fanout of 1157 terminals.
[WARNING GRT-0281] Net u_b2_implementation/u_pcu/u_quad_datapath/g_quad\[2\].u_bank_slice/apply_rst_n[0] has a large fanout of 1702 terminals.
[WARNING GRT-0281] Net u_b2_implementation/u_pcu/u_quad_datapath/g_quad\[2\].u_bank_slice/apply_rst_n[1] has a large fanout of 1702 terminals.
[WARNING GRT-0281] Net u_b2_implementation/u_pcu/u_quad_datapath/g_quad\[2\].u_bank_slice/reduce_rst_n[0] has a large fanout of 1157 terminals.
[WARNING GRT-0281] Net u_b2_implementation/u_pcu/u_quad_datapath/g_quad\[2\].u_bank_slice/reduce_rst_n[1] has a large fanout of 2311 terminals.
[WARNING GRT-0281] Net u_b2_implementation/u_pcu/u_quad_datapath/g_quad\[2\].u_bank_slice/reduce_rst_n[2] has a large fanout of 2311 terminals.
[WARNING GRT-0281] Net u_b2_implementation/u_pcu/u_quad_datapath/g_quad\[2\].u_bank_slice/reduce_rst_n[3] has a large fanout of 1157 terminals.
[WARNING GRT-0281] Net u_b2_implementation/u_pcu/u_quad_datapath/g_quad\[3\].u_bank_slice/apply_rst_n[0] has a large fanout of 1702 terminals.
[WARNING GRT-0281] Net u_b2_implementation/u_pcu/u_quad_datapath/g_quad\[3\].u_bank_slice/apply_rst_n[1] has a large fanout of 3400 terminals.
[WARNING GRT-0281] Net u_b2_implementation/u_pcu/u_quad_datapath/g_quad\[3\].u_bank_slice/apply_rst_n[3] has a large fanout of 3400 terminals.
[WARNING GRT-0281] Net u_b2_implementation/u_pcu/u_quad_datapath/g_quad\[3\].u_bank_slice/reduce_rst_n[0] has a large fanout of 1157 terminals.
[WARNING GRT-0281] Net u_b2_implementation/u_pcu/u_quad_datapath/g_quad\[3\].u_bank_slice/reduce_rst_n[1] has a large fanout of 2311 terminals.
[WARNING GRT-0281] Net u_b2_implementation/u_quad_local_adapter/payload_rst_n[1] has a large fanout of 1795 terminals.
[WARNING GRT-0281] Net u_b2_implementation/u_quad_local_adapter/payload_rst_n[3] has a large fanout of 1795 terminals.
[WARNING GRT-0281] Net u_b2_implementation/u_quad_local_adapter/prepare_replay_upper has a large fanout of 2133 terminals.
[WARNING GRT-0281] Net u_b2_implementation/u_writeback_slice/capture has a large fanout of 2321 terminals.
[WARNING GRT-0281] Net u_b2_implementation/u_pcu/u_quad_datapath/g_quad\[3\].u_bank_slice/g_bank\[2\].u_apply/net has a large fanout of 6794 terminals.
[WARNING GRT-0281] Net u_b2_implementation/u_pcu/u_quad_datapath/g_quad\[2\].u_bank_slice/g_bank\[3\].u_apply/net has a large fanout of 6794 terminals.
[WARNING GRT-0281] Net u_b2_implementation/u_pcu/u_quad_datapath/g_quad\[1\].u_bank_slice/g_bank\[3\].u_apply/net has a large fanout of 6794 terminals.
[WARNING GRT-0281] Net u_b2_implementation/u_pcu/u_quad_datapath/g_quad\[1\].u_bank_slice/g_bank\[2\].u_apply/net has a large fanout of 6794 terminals.
[WARNING GRT-0281] Net u_b2_implementation/u_pcu/u_quad_datapath/g_quad\[2\].u_bank_slice/g_bank\[2\].u_apply/net has a large fanout of 6794 terminals.
[WARNING GRT-0281] Net u_b2_implementation/u_pcu/u_quad_datapath/g_quad\[0\].u_bank_slice/g_bank\[3\].u_apply/net has a large fanout of 6794 terminals.
[WARNING GRT-0281] Net u_b2_implementation/u_pcu/u_quad_datapath/g_quad\[0\].u_bank_slice/g_bank\[1\].u_apply/net has a large fanout of 6794 terminals.
[WARNING GRT-0281] Net u_b2_implementation/u_pcu/u_quad_datapath/g_quad\[2\].u_bank_slice/g_bank\[1\].u_apply/net has a large fanout of 6794 terminals.
[WARNING GRT-0281] Net u_b2_implementation/u_pcu/u_quad_datapath/g_quad\[3\].u_bank_slice/g_bank\[3\].u_apply/net has a large fanout of 6794 terminals.
[WARNING GRT-0281] Net u_b2_implementation/u_pcu/u_quad_datapath/g_quad\[2\].u_bank_slice/g_bank\[0\].u_apply/net has a large fanout of 6794 terminals.
[WARNING GRT-0281] Net u_b2_implementation/u_pcu/u_quad_datapath/g_quad\[0\].u_bank_slice/g_bank\[2\].u_apply/net has a large fanout of 6794 terminals.
[WARNING GRT-0281] Net u_b2_implementation/u_pcu/u_quad_datapath/g_quad\[3\].u_bank_slice/g_bank\[1\].u_apply/net has a large fanout of 6794 terminals.
[WARNING GRT-0281] Net u_b2_implementation/u_pcu/u_quad_datapath/g_quad\[1\].u_bank_slice/g_bank\[1\].u_apply/net has a large fanout of 6794 terminals.
[WARNING GRT-0281] Net u_b2_implementation/u_pcu/u_quad_datapath/g_quad\[3\].u_bank_slice/g_bank\[0\].u_apply/net has a large fanout of 6794 terminals.
[WARNING GRT-0281] Net u_b2_implementation/u_pcu/u_quad_datapath/g_quad\[1\].u_bank_slice/g_bank\[0\].u_apply/net has a large fanout of 6794 terminals.
[WARNING GRT-0281] Net net380637 has a large fanout of 1064 terminals.
[WARNING GRT-0281] Net u_b2_implementation/u_pcu/u_quad_datapath/g_quad\[0\].u_bank_slice/g_bank\[0\].u_apply/net has a large fanout of 6794 terminals.
[WARNING GRT-0281] Net u_b2_implementation/u_pcu/u_quad_datapath/g_quad\[1\].u_bank_slice/g_bank\[3\].u_apply/net381354 has a large fanout of 3398 terminals.
[WARNING GRT-0281] Net u_b2_implementation/u_pcu/u_quad_datapath/g_quad\[3\].u_bank_slice/g_bank\[2\].u_apply/net381407 has a large fanout of 3398 terminals.
[WARNING GRT-0281] Net u_b2_implementation/u_pcu/u_quad_datapath/g_quad\[2\].u_bank_slice/g_bank\[3\].u_apply/net381471 has a large fanout of 3398 terminals.
[WARNING GRT-0281] Net u_b2_implementation/u_pcu/u_quad_datapath/g_quad\[1\].u_bank_slice/g_bank\[2\].u_apply/net381485 has a large fanout of 3398 terminals.
[WARNING GRT-0281] Net u_b2_implementation/u_pcu/u_quad_datapath/g_quad\[2\].u_bank_slice/g_bank\[2\].u_apply/net381486 has a large fanout of 3398 terminals.
[WARNING GRT-0281] Net u_b2_implementation/u_pcu/u_quad_datapath/g_quad\[0\].u_bank_slice/g_bank\[1\].u_apply/net381487 has a large fanout of 3398 terminals.
[WARNING GRT-0281] Net u_b2_implementation/u_pcu/u_quad_datapath/g_quad\[1\].u_bank_slice/g_bank\[1\].u_reduce/net has a large fanout of 2310 terminals.
[WARNING GRT-0281] Net u_b2_implementation/u_pcu/u_quad_datapath/g_quad\[0\].u_bank_slice/g_bank\[3\].u_apply/net381495 has a large fanout of 3398 terminals.
[WARNING GRT-0281] Net u_b2_implementation/u_pcu/u_quad_datapath/g_quad\[3\].u_bank_slice/g_bank\[0\].u_apply/net381496 has a large fanout of 3398 terminals.
[WARNING GRT-0281] Net u_b2_implementation/u_pcu/u_quad_datapath/g_quad\[2\].u_bank_slice/g_bank\[1\].u_apply/net381497 has a large fanout of 3398 terminals.
[WARNING GRT-0281] Net u_b2_implementation/u_quad_local_adapter/g_quad\[2\].u_payload_store/net has a large fanout of 1793 terminals.
[WARNING GRT-0281] Net u_b2_implementation/u_quad_local_adapter/g_quad\[0\].u_payload_store/net has a large fanout of 1793 terminals.
[WARNING GRT-0281] Net u_b2_implementation/u_pcu/u_quad_datapath/g_quad\[0\].u_bank_slice/g_bank\[3\].u_apply/net381500 has a large fanout of 1700 terminals.
[WARNING GRT-0281] Net u_b2_implementation/u_pcu/u_quad_datapath/g_quad\[1\].u_bank_slice/g_bank\[0\].u_apply/net381501 has a large fanout of 3398 terminals.
[WARNING GRT-0281] Net u_b2_implementation/u_pcu/u_quad_datapath/g_quad\[2\].u_bank_slice/g_bank\[3\].u_apply/net381502 has a large fanout of 1700 terminals.
[WARNING GRT-0281] Net u_b2_implementation/u_pcu/u_quad_datapath/g_quad\[2\].u_bank_slice/g_bank\[0\].u_apply/net381503 has a large fanout of 3398 terminals.
[WARNING GRT-0281] Net u_b2_implementation/u_pcu/u_quad_datapath/g_quad\[1\].u_bank_slice/g_bank\[3\].u_apply/net381504 has a large fanout of 1700 terminals.
[WARNING GRT-0281] Net u_b2_implementation/u_pcu/u_quad_datapath/g_quad\[1\].u_bank_slice/g_bank\[0\].u_reduce/net has a large fanout of 2310 terminals.
[WARNING GRT-0281] Net u_b2_implementation/u_pcu/u_quad_datapath/g_quad\[3\].u_bank_slice/g_bank\[2\].u_apply/net381505 has a large fanout of 1700 terminals.
[WARNING GRT-0281] Net u_b2_implementation/u_quad_local_adapter/g_quad\[3\].u_payload_store/net has a large fanout of 1793 terminals.
[WARNING GRT-0281] Net u_b2_implementation/u_pcu/u_quad_datapath/g_quad\[2\].u_bank_slice/g_bank\[2\].u_apply/net381506 has a large fanout of 1700 terminals.
[WARNING GRT-0281] Net u_b2_implementation/u_pcu/u_quad_datapath/g_quad\[3\].u_bank_slice/g_bank\[0\].u_reduce/net has a large fanout of 2310 terminals.
[WARNING GRT-0281] Net u_b2_implementation/u_pcu/u_quad_datapath/g_quad\[0\].u_bank_slice/g_bank\[1\].u_reduce/net has a large fanout of 2310 terminals.
[WARNING GRT-0281] Net u_b2_implementation/u_quad_local_adapter/g_quad\[1\].u_payload_store/net has a large fanout of 1793 terminals.
[WARNING GRT-0281] Net u_b2_implementation/u_pcu/u_quad_datapath/g_quad\[1\].u_bank_slice/g_bank\[3\].u_reduce/net has a large fanout of 2310 terminals.
[WARNING GRT-0281] Net u_b2_implementation/u_pcu/u_quad_datapath/g_quad\[0\].u_bank_slice/g_bank\[1\].u_apply/net381510 has a large fanout of 1700 terminals.
[WARNING GRT-0281] Net u_b2_implementation/u_pcu/u_quad_datapath/g_quad\[2\].u_bank_slice/g_bank\[3\].u_reduce/net has a large fanout of 2310 terminals.
[WARNING GRT-0281] Net u_b2_implementation/u_pcu/u_quad_datapath/g_quad\[2\].u_bank_slice/g_bank\[0\].u_reduce/net has a large fanout of 2310 terminals.
[WARNING GRT-0281] Net u_b2_implementation/u_pcu/u_quad_datapath/g_quad\[1\].u_bank_slice/g_bank\[2\].u_reduce/net has a large fanout of 2310 terminals.
[WARNING GRT-0281] Net u_b2_implementation/u_pcu/u_quad_datapath/g_quad\[3\].u_bank_slice/net has a large fanout of 2310 terminals.
[WARNING GRT-0281] Net u_b2_implementation/u_pcu/u_quad_datapath/g_quad\[2\].u_bank_slice/g_bank\[1\].u_reduce/net has a large fanout of 2310 terminals.
[WARNING GRT-0281] Net u_b2_implementation/u_pcu/u_quad_datapath/g_quad\[0\].u_bank_slice/net has a large fanout of 3398 terminals.
[WARNING GRT-0281] Net u_b2_implementation/u_pcu/u_quad_datapath/g_quad\[3\].u_bank_slice/g_bank\[3\].u_reduce/net has a large fanout of 2310 terminals.
[WARNING GRT-0281] Net u_b2_implementation/u_pcu/u_quad_datapath/g_quad\[1\].u_bank_slice/g_bank\[2\].u_apply/net381512 has a large fanout of 1700 terminals.
[WARNING GRT-0281] Net u_b2_implementation/u_pcu/u_quad_datapath/g_quad\[3\].u_bank_slice/net381513 has a large fanout of 3398 terminals.
[WARNING GRT-0281] Net u_b2_implementation/u_pcu/u_quad_datapath/g_quad\[0\].u_bank_slice/net381514 has a large fanout of 2310 terminals.
[WARNING GRT-0281] Net u_b2_implementation/u_pcu/u_quad_datapath/g_quad\[0\].u_bank_slice/net381515 has a large fanout of 3398 terminals.
[WARNING GRT-0281] Net u_b2_implementation/u_pcu/u_quad_datapath/g_quad\[3\].u_bank_slice/g_bank\[3\].u_reduce/net381516 has a large fanout of 1156 terminals.
[WARNING GRT-0281] Net u_b2_implementation/u_pcu/u_quad_datapath/g_quad\[3\].u_bank_slice/g_bank\[1\].u_reduce/net has a large fanout of 2310 terminals.
[WARNING GRT-0281] Net u_b2_implementation/u_pcu/u_quad_datapath/g_quad\[0\].u_bank_slice/net381519 has a large fanout of 2310 terminals.
[WARNING GRT-0281] Net u_b2_implementation/u_pcu/u_quad_datapath/g_quad\[0\].u_bank_slice/net381520 has a large fanout of 2310 terminals.
[WARNING GRT-0281] Net u_b2_implementation/u_pcu/u_quad_datapath/g_quad\[2\].u_bank_slice/g_bank\[1\].u_apply/net381522 has a large fanout of 1700 terminals.
[WARNING GRT-0281] Net u_b2_implementation/u_pcu/u_quad_datapath/g_quad\[1\].u_bank_slice/g_bank\[1\].u_reduce/net381577 has a large fanout of 1156 terminals.
[WARNING GRT-0281] Net u_b2_implementation/u_pcu/u_quad_datapath/g_quad\[1\].u_bank_slice/g_bank\[0\].u_reduce/net381579 has a large fanout of 1156 terminals.
[WARNING GRT-0281] Net u_b2_implementation/u_pcu/u_quad_datapath/g_quad\[1\].u_bank_slice/g_bank\[2\].u_reduce/net381583 has a large fanout of 1156 terminals.
[WARNING GRT-0281] Net u_b2_implementation/u_pcu/u_quad_datapath/g_quad\[0\].u_bank_slice/g_bank\[1\].u_reduce/net381585 has a large fanout of 1156 terminals.
[WARNING GRT-0281] Net u_b2_implementation/u_pcu/u_quad_datapath/g_quad\[1\].u_bank_slice/g_bank\[3\].u_reduce/net381586 has a large fanout of 1156 terminals.
[WARNING GRT-0281] Net u_b2_implementation/u_pcu/u_quad_datapath/g_quad\[1\].u_bank_slice/g_bank\[0\].u_apply/net381589 has a large fanout of 1700 terminals.
[WARNING GRT-0281] Net u_b2_implementation/u_pcu/u_quad_datapath/g_quad\[3\].u_bank_slice/net381590 has a large fanout of 3398 terminals.
[WARNING GRT-0281] Net u_b2_implementation/u_pcu/u_quad_datapath/g_quad\[2\].u_bank_slice/g_bank\[3\].u_reduce/net381592 has a large fanout of 1156 terminals.
[WARNING GRT-0281] Net u_b2_implementation/u_pcu/u_quad_datapath/g_quad\[2\].u_bank_slice/net has a large fanout of 2310 terminals.
[WARNING GRT-0281] Net u_b2_implementation/u_pcu/u_quad_datapath/g_quad\[3\].u_bank_slice/g_bank\[0\].u_reduce/net381635 has a large fanout of 1156 terminals.
[WARNING GRT-0281] Net u_b2_implementation/u_pcu/u_quad_datapath/g_quad\[1\].u_bank_slice/net has a large fanout of 3398 terminals.
[WARNING GRT-0281] Net u_b2_implementation/u_pcu/u_quad_datapath/g_quad\[2\].u_bank_slice/g_bank\[0\].u_apply/net381660 has a large fanout of 1700 terminals.
[WARNING GRT-0281] Net u_b2_implementation/u_pcu/u_quad_datapath/g_quad\[2\].u_bank_slice/g_bank\[0\].u_reduce/net381661 has a large fanout of 1156 terminals.
[WARNING GRT-0281] Net u_b2_implementation/u_pcu/u_quad_datapath/g_quad\[3\].u_bank_slice/g_bank\[0\].u_apply/net381673 has a large fanout of 1700 terminals.
[WARNING GRT-0281] Net u_b2_implementation/u_pcu/u_quad_datapath/g_quad\[3\].u_bank_slice/g_bank\[2\].u_reduce/net has a large fanout of 1156 terminals.
[INFO ORD-0030] Using 16 thread(s).
R16_DRT_POLICY canonical=1 detailed_route_invocations=1 threads=16 droute_end_iter=64 antenna_repair_reroute=0 global_route=0
[INFO DRT-0149] Reading tech and libs.
[WARNING DRT-0349] LEF58_ENCLOSURE with no CUTCLASS is not supported. Skipping for layer mcon
[WARNING DRT-0349] LEF58_ENCLOSURE with no CUTCLASS is not supported. Skipping for layer mcon
[WARNING DRT-0349] LEF58_ENCLOSURE with no CUTCLASS is not supported. Skipping for layer via
[WARNING DRT-0349] LEF58_ENCLOSURE with no CUTCLASS is not supported. Skipping for layer via
[WARNING DRT-0349] LEF58_ENCLOSURE with no CUTCLASS is not supported. Skipping for layer via2
[WARNING DRT-0349] LEF58_ENCLOSURE with no CUTCLASS is not supported. Skipping for layer via2
[WARNING DRT-0349] LEF58_ENCLOSURE with no CUTCLASS is not supported. Skipping for layer via3
[WARNING DRT-0349] LEF58_ENCLOSURE with no CUTCLASS is not supported. Skipping for layer via3
[WARNING DRT-0349] LEF58_ENCLOSURE with no CUTCLASS is not supported. Skipping for layer via4
[WARNING DRT-0349] LEF58_ENCLOSURE with no CUTCLASS is not supported. Skipping for layer via4

Units:                1000
Number of layers:     13
Number of macros:     441
Number of vias:       29
Number of viarulegen: 25

[INFO DRT-0150] Reading design.
[WARNING DRT-0120] Large net u_b2_implementation/adapter_control_rst_n has 176 pins which may impact routing performance. Consider optimization.
[WARNING DRT-0120] Large net u_b2_implementation/u_pcu/wrapper_rst_n has 574 pins which may impact routing performance. Consider optimization.
[WARNING DRT-0120] Large net u_b2_implementation/u_pcu/u_quad_datapath/context_occupancy_o[3] has 242 pins which may impact routing performance. Consider optimization.
[WARNING DRT-0120] Large net u_b2_implementation/u_pcu/u_quad_datapath/context_rst_n has 660 pins which may impact routing performance. Consider optimization.
[WARNING DRT-0120] Large net u_b2_implementation/u_pcu/u_quad_datapath/packet_reducer_rst_n has 1257 pins which may impact routing performance. Consider optimization.
[WARNING DRT-0120] Large net u_b2_implementation/u_pcu/u_quad_datapath/quad_partial_ready[0] has 279 pins which may impact routing performance. Consider optimization.
[WARNING DRT-0120] Large net u_b2_implementation/u_pcu/u_quad_datapath/scalar_array_rst_n has 4126 pins which may impact routing performance. Consider optimization.
[WARNING DRT-0120] Large net u_b2_implementation/u_pcu/u_quad_datapath/g_quad\[0\].u_bank_slice/apply_rst_n[0] has 3400 pins which may impact routing performance. Consider optimization.
[WARNING DRT-0120] Large net u_b2_implementation/u_pcu/u_quad_datapath/g_quad\[0\].u_bank_slice/apply_rst_n[1] has 853 pins which may impact routing performance. Consider optimization.
[WARNING DRT-0120] Large net u_b2_implementation/u_pcu/u_quad_datapath/g_quad\[0\].u_bank_slice/apply_rst_n[2] has 3400 pins which may impact routing performance. Consider optimization.
[WARNING DRT-0120] Large net u_b2_implementation/u_pcu/u_quad_datapath/g_quad\[0\].u_bank_slice/apply_rst_n[3] has 853 pins which may impact routing performance. Consider optimization.
[WARNING DRT-0120] Large net u_b2_implementation/u_pcu/u_quad_datapath/g_quad\[0\].u_bank_slice/quad_reducer_rst_n has 1000 pins which may impact routing performance. Consider optimization.
[WARNING DRT-0120] Large net u_b2_implementation/u_pcu/u_quad_datapath/g_quad\[0\].u_bank_slice/reduce_rst_n[0] has 2311 pins which may impact routing performance. Consider optimization.
[WARNING DRT-0120] Large net u_b2_implementation/u_pcu/u_quad_datapath/g_quad\[0\].u_bank_slice/reduce_rst_n[1] has 1157 pins which may impact routing performance. Consider optimization.
[WARNING DRT-0120] Large net u_b2_implementation/u_pcu/u_quad_datapath/g_quad\[0\].u_bank_slice/reduce_rst_n[2] has 2311 pins which may impact routing performance. Consider optimization.
[WARNING DRT-0120] Large net u_b2_implementation/u_pcu/u_quad_datapath/g_quad\[0\].u_bank_slice/reduce_rst_n[3] has 2311 pins which may impact routing performance. Consider optimization.
[WARNING DRT-0120] Large net u_b2_implementation/u_pcu/u_quad_datapath/g_quad\[0\].u_bank_slice/g_bank\[0\].u_apply/_02491_ has 147 pins which may impact routing performance. Consider optimization.
[WARNING DRT-0120] Large net u_b2_implementation/u_pcu/u_quad_datapath/g_quad\[0\].u_bank_slice/g_bank\[0\].u_apply/_02492_ has 147 pins which may impact routing performance. Consider optimization.
[WARNING DRT-0120] Large net u_b2_implementation/u_pcu/u_quad_datapath/g_quad\[0\].u_bank_slice/g_bank\[0\].u_apply/_02493_ has 147 pins which may impact routing performance. Consider optimization.
[WARNING DRT-0120] Large net u_b2_implementation/u_pcu/u_quad_datapath/g_quad\[0\].u_bank_slice/g_bank\[0\].u_apply/_02494_ has 147 pins which may impact routing performance. Consider optimization.
[WARNING DRT-0120] Large net u_b2_implementation/u_pcu/u_quad_datapath/g_quad\[0\].u_bank_slice/g_bank\[0\].u_apply/_02495_ has 147 pins which may impact routing performance. Consider optimization.
[WARNING DRT-0120] Large net u_b2_implementation/u_pcu/u_quad_datapath/g_quad\[0\].u_bank_slice/g_bank\[0\].u_apply/_02496_ has 147 pins which may impact routing performance. Consider optimization.
[WARNING DRT-0120] Large net u_b2_implementation/u_pcu/u_quad_datapath/g_quad\[0\].u_bank_slice/g_bank\[0\].u_apply/_02497_ has 147 pins which may impact routing performance. Consider optimization.
[WARNING DRT-0120] Large net u_b2_implementation/u_pcu/u_quad_datapath/g_quad\[0\].u_bank_slice/g_bank\[0\].u_apply/_02498_ has 147 pins which may impact routing performance. Consider optimization.
[WARNING DRT-0120] Large net u_b2_implementation/u_pcu/u_quad_datapath/g_quad\[0\].u_bank_slice/g_bank\[0\].u_apply/_02499_ has 147 pins which may impact routing performance. Consider optimization.
[WARNING DRT-0120] Large net u_b2_implementation/u_pcu/u_quad_datapath/g_quad\[0\].u_bank_slice/g_bank\[0\].u_apply/_02500_ has 147 pins which may impact routing performance. Consider optimization.
[WARNING DRT-0120] Large net u_b2_implementation/u_pcu/u_quad_datapath/g_quad\[0\].u_bank_slice/g_bank\[0\].u_apply/_02501_ has 147 pins which may impact routing performance. Consider optimization.
[WARNING DRT-0120] Large net u_b2_implementation/u_pcu/u_quad_datapath/g_quad\[0\].u_bank_slice/g_bank\[0\].u_apply/_02502_ has 147 pins which may impact routing performance. Consider optimization.
[WARNING DRT-0120] Large net u_b2_implementation/u_pcu/u_quad_datapath/g_quad\[0\].u_bank_slice/g_bank\[0\].u_apply/_02503_ has 147 pins which may impact routing performance. Consider optimization.
[WARNING DRT-0120] Large net u_b2_implementation/u_pcu/u_quad_datapath/g_quad\[0\].u_bank_slice/g_bank\[0\].u_apply/_02504_ has 147 pins which may impact routing performance. Consider optimization.
[WARNING DRT-0120] Large net u_b2_implementation/u_pcu/u_quad_datapath/g_quad\[0\].u_bank_slice/g_bank\[0\].u_apply/_02505_ has 147 pins which may impact routing performance. Consider optimization.
[WARNING DRT-0120] Large net u_b2_implementation/u_pcu/u_quad_datapath/g_quad\[0\].u_bank_slice/g_bank\[0\].u_apply/_02506_ has 147 pins which may impact routing performance. Consider optimization.
[WARNING DRT-0120] Large net u_b2_implementation/u_pcu/u_quad_datapath/g_quad\[0\].u_bank_slice/g_bank\[0\].u_apply/meta_inv_q[64] has 233 pins which may impact routing performance. Consider optimization.
[WARNING DRT-0120] Large net u_b2_implementation/u_pcu/u_quad_datapath/g_quad\[0\].u_bank_slice/g_bank\[0\].u_apply/meta_inv_q[65] has 249 pins which may impact routing performance. Consider optimization.
[WARNING DRT-0120] Large net u_b2_implementation/u_pcu/u_quad_datapath/g_quad\[0\].u_bank_slice/g_bank\[0\].u_apply/meta_inv_q[66] has 241 pins which may impact routing performance. Consider optimization.
[WARNING DRT-0120] Large net u_b2_implementation/u_pcu/u_quad_datapath/g_quad\[0\].u_bank_slice/g_bank\[0\].u_apply/meta_inv_q[67] has 241 pins which may impact routing performance. Consider optimization.
[WARNING DRT-0120] Large net u_b2_implementation/u_pcu/u_quad_datapath/g_quad\[0\].u_bank_slice/g_bank\[0\].u_apply/meta_inv_q[68] has 209 pins which may impact routing performance. Consider optimization.
[WARNING DRT-0120] Large net u_b2_implementation/u_pcu/u_quad_datapath/g_quad\[0\].u_bank_slice/g_bank\[0\].u_apply/meta_inv_q[69] has 209 pins which may impact routing performance. Consider optimization.
[WARNING DRT-0120] Large net u_b2_implementation/u_pcu/u_quad_datapath/g_quad\[0\].u_bank_slice/g_bank\[0\].u_apply/meta_inv_q[70] has 225 pins which may impact routing performance. Consider optimization.
[WARNING DRT-0120] Large net u_b2_implementation/u_pcu/u_quad_datapath/g_quad\[0\].u_bank_slice/g_bank\[0\].u_apply/meta_inv_q[71] has 209 pins which may impact routing performance. Consider optimization.
[WARNING DRT-0120] Large net u_b2_implementation/u_pcu/u_quad_datapath/g_quad\[0\].u_bank_slice/g_bank\[0\].u_apply/meta_inv_q[72] has 209 pins which may impact routing performance. Consider optimization.
[WARNING DRT-0120] Large net u_b2_implementation/u_pcu/u_quad_datapath/g_quad\[0\].u_bank_slice/g_bank\[0\].u_apply/meta_inv_q[73] has 297 pins which may impact routing performance. Consider optimization.
[WARNING DRT-0120] Large net u_b2_implementation/u_pcu/u_quad_datapath/g_quad\[0\].u_bank_slice/g_bank\[0\].u_apply/meta_inv_q[74] has 297 pins which may impact routing performance. Consider optimization.
[WARNING DRT-0120] Large net u_b2_implementation/u_pcu/u_quad_datapath/g_quad\[0\].u_bank_slice/g_bank\[0\].u_apply/meta_inv_q[75] has 289 pins which may impact routing performance. Consider optimization.
[WARNING DRT-0120] Large net u_b2_implementation/u_pcu/u_quad_datapath/g_quad\[0\].u_bank_slice/g_bank\[0\].u_apply/meta_inv_q[76] has 289 pins which may impact routing performance. Consider optimization.
[WARNING DRT-0120] Large net u_b2_implementation/u_pcu/u_quad_datapath/g_quad\[0\].u_bank_slice/g_bank\[0\].u_apply/meta_inv_q[77] has 209 pins which may impact routing performance. Consider optimization.
[WARNING DRT-0120] Large net u_b2_implementation/u_pcu/u_quad_datapath/g_quad\[0\].u_bank_slice/g_bank\[0\].u_apply/meta_inv_q[78] has 201 pins which may impact routing performance. Consider optimization.
[WARNING DRT-0120] Large net u_b2_implementation/u_pcu/u_quad_datapath/g_quad\[0\].u_bank_slice/g_bank\[0\].u_apply/meta_inv_q[79] has 217 pins which may impact routing performance. Consider optimization.
[WARNING DRT-0120] Large net u_b2_implementation/u_pcu/u_quad_datapath/g_quad\[0\].u_bank_slice/g_bank\[0\].u_apply/meta_inv_q[80] has 217 pins which may impact routing performance. Consider optimization.
[WARNING DRT-0120] Large net u_b2_implementation/u_pcu/u_quad_datapath/g_quad\[0\].u_bank_slice/g_bank\[0\].u_apply/meta_inv_q[81] has 217 pins which may impact routing performance. Consider optimization.
[WARNING DRT-0120] Large net u_b2_implementation/u_pcu/u_quad_datapath/g_quad\[0\].u_bank_slice/g_bank\[0\].u_apply/meta_inv_q[82] has 377 pins which may impact routing performance. Consider optimization.
[WARNING DRT-0120] Large net u_b2_implementation/u_pcu/u_quad_datapath/g_quad\[0\].u_bank_slice/g_bank\[0\].u_apply/meta_inv_q[83] has 321 pins which may impact routing performance. Consider optimization.
[WARNING DRT-0120] Large net u_b2_implementation/u_pcu/u_quad_datapath/g_quad\[0\].u_bank_slice/g_bank\[0\].u_apply/meta_inv_q[84] has 321 pins which may impact routing performance. Consider optimization.
[WARNING DRT-0120] Large net u_b2_implementation/u_pcu/u_quad_datapath/g_quad\[0\].u_bank_slice/g_bank\[0\].u_apply/meta_inv_q[85] has 209 pins which may impact routing performance. Consider optimization.
[WARNING DRT-0120] Large net u_b2_implementation/u_pcu/u_quad_datapath/g_quad\[0\].u_bank_slice/g_bank\[0\].u_apply/meta_inv_q[86] has 209 pins which may impact routing performance. Consider optimization.
[WARNING DRT-0120] Large net u_b2_implementation/u_pcu/u_quad_datapath/g_quad\[0\].u_bank_slice/g_bank\[0\].u_apply/meta_mode_q[8] has 257 pins which may impact routing performance. Consider optimization.
[WARNING DRT-0120] Large net u_b2_implementation/u_pcu/u_quad_datapath/g_quad\[0\].u_bank_slice/g_bank\[0\].u_apply/rd_ptr_q[0] has 583 pins which may impact routing performance. Consider optimization.
[WARNING DRT-0120] Large net u_b2_implementation/u_pcu/u_quad_datapath/g_quad\[0\].u_bank_slice/g_bank\[0\].u_apply/rd_ptr_q[1] has 173 pins which may impact routing performance. Consider optimization.
[WARNING DRT-0120] Large net u_b2_implementation/u_pcu/u_quad_datapath/g_quad\[0\].u_bank_slice/g_bank\[0\].u_apply/rd_ptr_q[2] has 583 pins which may impact routing performance. Consider optimization.
[WARNING DRT-0120] Large net u_b2_implementation/u_pcu/u_quad_datapath/g_quad\[0\].u_bank_slice/g_bank\[0\].u_apply/rd_ptr_q[3] has 171 pins which may impact routing performance. Consider optimization.
[WARNING DRT-0120] Large net u_b2_implementation/u_pcu/u_quad_datapath/g_quad\[0\].u_bank_slice/g_bank\[0\].u_apply/g_lane\[0\].un/_05114_ has 104 pins which may impact routing performance. Consider optimization.
[WARNING DRT-0120] Large net u_b2_implementation/u_pcu/u_quad_datapath/g_quad\[0\].u_bank_slice/g_bank\[0\].u_apply/g_lane\[0\].us/_05114_ has 104 pins which may impact routing performance. Consider optimization.
[WARNING DRT-0120] Large net u_b2_implementation/u_pcu/u_quad_datapath/g_quad\[0\].u_bank_slice/g_bank\[0\].u_apply/g_lane\[1\].un/_05114_ has 104 pins which may impact routing performance. Consider optimization.
[WARNING DRT-0120] Large net u_b2_implementation/u_pcu/u_quad_datapath/g_quad\[0\].u_bank_slice/g_bank\[0\].u_apply/g_lane\[1\].us/_05114_ has 104 pins which may impact routing performance. Consider optimization.
[WARNING DRT-0120] Large net u_b2_implementation/u_pcu/u_quad_datapath/g_quad\[0\].u_bank_slice/g_bank\[0\].u_apply/g_lane\[2\].un/_05114_ has 104 pins which may impact routing performance. Consider optimization.
[WARNING DRT-0120] Large net u_b2_implementation/u_pcu/u_quad_datapath/g_quad\[0\].u_bank_slice/g_bank\[0\].u_apply/g_lane\[2\].us/_05114_ has 104 pins which may impact routing performance. Consider optimization.
[WARNING DRT-0120] Large net u_b2_implementation/u_pcu/u_quad_datapath/g_quad\[0\].u_bank_slice/g_bank\[0\].u_apply/g_lane\[3\].un/_05114_ has 104 pins which may impact routing performance. Consider optimization.
[WARNING DRT-0120] Large net u_b2_implementation/u_pcu/u_quad_datapath/g_quad\[0\].u_bank_slice/g_bank\[0\].u_apply/g_lane\[3\].us/_05114_ has 104 pins which may impact routing performance. Consider optimization.
[WARNING DRT-0120] Large net u_b2_implementation/u_pcu/u_quad_datapath/g_quad\[0\].u_bank_slice/g_bank\[0\].u_apply/g_lane\[4\].un/_05114_ has 104 pins which may impact routing performance. Consider optimization.
[WARNING DRT-0120] Large net u_b2_implementation/u_pcu/u_quad_datapath/g_quad\[0\].u_bank_slice/g_bank\[0\].u_apply/g_lane\[4\].us/_05114_ has 104 pins which may impact routing performance. Consider optimization.
[WARNING DRT-0120] Large net u_b2_implementation/u_pcu/u_quad_datapath/g_quad\[0\].u_bank_slice/g_bank\[0\].u_apply/g_lane\[5\].un/_05114_ has 104 pins which may impact routing performance. Consider optimization.
[WARNING DRT-0120] Large net u_b2_implementation/u_pcu/u_quad_datapath/g_quad\[0\].u_bank_slice/g_bank\[0\].u_apply/g_lane\[5\].us/_05114_ has 104 pins which may impact routing performance. Consider optimization.
[WARNING DRT-0120] Large net u_b2_implementation/u_pcu/u_quad_datapath/g_quad\[0\].u_bank_slice/g_bank\[0\].u_apply/g_lane\[6\].un/_05114_ has 104 pins which may impact routing performance. Consider optimization.
[WARNING DRT-0120] Large net u_b2_implementation/u_pcu/u_quad_datapath/g_quad\[0\].u_bank_slice/g_bank\[0\].u_apply/g_lane\[6\].us/_05114_ has 104 pins which may impact routing performance. Consider optimization.
[WARNING DRT-0120] Large net u_b2_implementation/u_pcu/u_quad_datapath/g_quad\[0\].u_bank_slice/g_bank\[0\].u_apply/g_lane\[7\].un/_05114_ has 104 pins which may impact routing performance. Consider optimization.
[WARNING DRT-0120] Large net u_b2_implementation/u_pcu/u_quad_datapath/g_quad\[0\].u_bank_slice/g_bank\[0\].u_apply/g_lane\[7\].us/_05114_ has 104 pins which may impact routing performance. Consider optimization.
[WARNING DRT-0120] Large net u_b2_implementation/u_pcu/u_quad_datapath/g_quad\[0\].u_bank_slice/g_bank\[0\].u_reduce/_0760_ has 534 pins which may impact routing performance. Consider optimization.
[WARNING DRT-0120] Large net u_b2_implementation/u_pcu/u_quad_datapath/g_quad\[0\].u_bank_slice/g_bank\[0\].u_reduce/_0791_ has 212 pins which may impact routing performance. Consider optimization.
[WARNING DRT-0120] Large net u_b2_implementation/u_pcu/u_quad_datapath/g_quad\[0\].u_bank_slice/g_bank\[0\].u_reduce/_0812_ has 213 pins which may impact routing performance. Consider optimization.
[WARNING DRT-0120] Large net u_b2_implementation/u_pcu/u_quad_datapath/g_quad\[0\].u_bank_slice/g_bank\[0\].u_reduce/_0818_ has 131 pins which may impact routing performance. Consider optimization.
[WARNING DRT-0120] Large net u_b2_implementation/u_pcu/u_quad_datapath/g_quad\[0\].u_bank_slice/g_bank\[0\].u_reduce/_0819_ has 131 pins which may impact routing performance. Consider optimization.
[WARNING DRT-0120] Large net u_b2_implementation/u_pcu/u_quad_datapath/g_quad\[0\].u_bank_slice/g_bank\[0\].u_reduce/_0821_ has 131 pins which may impact routing performance. Consider optimization.
[WARNING DRT-0120] Large net u_b2_implementation/u_pcu/u_quad_datapath/g_quad\[0\].u_bank_slice/g_bank\[0\].u_reduce/_0829_ has 129 pins which may impact routing performance. Consider optimization.
[WARNING DRT-0120] Large net u_b2_implementation/u_pcu/u_quad_datapath/g_quad\[0\].u_bank_slice/g_bank\[0\].u_reduce/_0958_ has 257 pins which may impact routing performance. Consider optimization.
[WARNING DRT-0120] Large net u_b2_implementation/u_pcu/u_quad_datapath/g_quad\[0\].u_bank_slice/g_bank\[0\].u_reduce/_0959_ has 259 pins which may impact routing performance. Consider optimization.
[WARNING DRT-0120] Large net u_b2_implementation/u_pcu/u_quad_datapath/g_quad\[0\].u_bank_slice/g_bank\[0\].u_reduce/ctx_delay_q\[9\][0] has 130 pins which may impact routing performance. Consider optimization.
[WARNING DRT-0120] Large net u_b2_implementation/u_pcu/u_quad_datapath/g_quad\[0\].u_bank_slice/g_bank\[0\].u_reduce/input_fire has 523 pins which may impact routing performance. Consider optimization.
[WARNING DRT-0120] Large net u_b2_implementation/u_pcu/u_quad_datapath/g_quad\[0\].u_bank_slice/g_bank\[0\].u_reduce/slot_delay_q\[9\][1] has 130 pins which may impact routing performance. Consider optimization.
[WARNING DRT-0120] Large net u_b2_implementation/u_pcu/u_quad_datapath/g_quad\[0\].u_bank_slice/g_bank\[1\].u_apply/_02491_ has 147 pins which may impact routing performance. Consider optimization.
[WARNING DRT-0120] Large net u_b2_implementation/u_pcu/u_quad_datapath/g_quad\[0\].u_bank_slice/g_bank\[1\].u_apply/_02492_ has 147 pins which may impact routing performance. Consider optimization.
[WARNING DRT-0120] Large net u_b2_implementation/u_pcu/u_quad_datapath/g_quad\[0\].u_bank_slice/g_bank\[1\].u_apply/_02493_ has 147 pins which may impact routing performance. Consider optimization.
[WARNING DRT-0120] Large net u_b2_implementation/u_pcu/u_quad_datapath/g_quad\[0\].u_bank_slice/g_bank\[1\].u_apply/_02494_ has 147 pins which may impact routing performance. Consider optimization.
[WARNING DRT-0120] Large net u_b2_implementation/u_pcu/u_quad_datapath/g_quad\[0\].u_bank_slice/g_bank\[1\].u_apply/_02495_ has 147 pins which may impact routing performance. Consider optimization.
[WARNING DRT-0120] Large net u_b2_implementation/u_pcu/u_quad_datapath/g_quad\[0\].u_bank_slice/g_bank\[1\].u_apply/_02496_ has 147 pins which may impact routing performance. Consider optimization.
[WARNING DRT-0120] Large net u_b2_implementation/u_pcu/u_quad_datapath/g_quad\[0\].u_bank_slice/g_bank\[1\].u_apply/_02497_ has 147 pins which may impact routing performance. Consider optimization.
[WARNING DRT-0120] Large net u_b2_implementation/u_pcu/u_quad_datapath/g_quad\[0\].u_bank_slice/g_bank\[1\].u_apply/_02498_ has 147 pins which may impact routing performance. Consider optimization.
[WARNING DRT-0120] Large net u_b2_implementation/u_pcu/u_quad_datapath/g_quad\[0\].u_bank_slice/g_bank\[1\].u_apply/_02499_ has 147 pins which may impact routing performance. Consider optimization.
[WARNING DRT-0120] Large net u_b2_implementation/u_pcu/u_quad_datapath/g_quad\[0\].u_bank_slice/g_bank\[1\].u_apply/_02500_ has 147 pins which may impact routing performance. Consider optimization.
[WARNING DRT-0120] Large net u_b2_implementation/u_pcu/u_quad_datapath/g_quad\[0\].u_bank_slice/g_bank\[1\].u_apply/_02501_ has 147 pins which may impact routing performance. Consider optimization.
[WARNING DRT-0120] Large net u_b2_implementation/u_pcu/u_quad_datapath/g_quad\[0\].u_bank_slice/g_bank\[1\].u_apply/_02502_ has 147 pins which may impact routing performance. Consider optimization.
[WARNING DRT-0120] Large net u_b2_implementation/u_pcu/u_quad_datapath/g_quad\[0\].u_bank_slice/g_bank\[1\].u_apply/_02503_ has 147 pins which may impact routing performance. Consider optimization.
[WARNING DRT-0120] Large net u_b2_implementation/u_pcu/u_quad_datapath/g_quad\[0\].u_bank_slice/g_bank\[1\].u_apply/_02504_ has 147 pins which may impact routing performance. Consider optimization.
[WARNING DRT-0120] Large net u_b2_implementation/u_pcu/u_quad_datapath/g_quad\[0\].u_bank_slice/g_bank\[1\].u_apply/_02505_ has 147 pins which may impact routing performance. Consider optimization.
[WARNING DRT-0120] Large net u_b2_implementation/u_pcu/u_quad_datapath/g_quad\[0\].u_bank_slice/g_bank\[1\].u_apply/_02506_ has 147 pins which may impact routing performance. Consider optimization.
[WARNING DRT-0120] Large net u_b2_implementation/u_pcu/u_quad_datapath/g_quad\[0\].u_bank_slice/g_bank\[1\].u_apply/meta_inv_q[64] has 233 pins which may impact routing performance. Consider optimization.
[WARNING DRT-0120] Large net u_b2_implementation/u_pcu/u_quad_datapath/g_quad\[0\].u_bank_slice/g_bank\[1\].u_apply/meta_inv_q[65] has 249 pins which may impact routing performance. Consider optimization.
[WARNING DRT-0120] Large net u_b2_implementation/u_pcu/u_quad_datapath/g_quad\[0\].u_bank_slice/g_bank\[1\].u_apply/meta_inv_q[66] has 241 pins which may impact routing performance. Consider optimization.
[WARNING DRT-0120] Large net u_b2_implementation/u_pcu/u_quad_datapath/g_quad\[0\].u_bank_slice/g_bank\[1\].u_apply/meta_inv_q[67] has 241 pins which may impact routing performance. Consider optimization.
[WARNING DRT-0120] Large net u_b2_implementation/u_pcu/u_quad_datapath/g_quad\[0\].u_bank_slice/g_bank\[1\].u_apply/meta_inv_q[68] has 209 pins which may impact routing performance. Consider optimization.
[WARNING DRT-0120] Large net u_b2_implementation/u_pcu/u_quad_datapath/g_quad\[0\].u_bank_slice/g_bank\[1\].u_apply/meta_inv_q[69] has 209 pins which may impact routing performance. Consider optimization.
[WARNING DRT-0120] Large net u_b2_implementation/u_pcu/u_quad_datapath/g_quad\[0\].u_bank_slice/g_bank\[1\].u_apply/meta_inv_q[70] has 225 pins which may impact routing performance. Consider optimization.
[WARNING DRT-0120] Large net u_b2_implementation/u_pcu/u_quad_datapath/g_quad\[0\].u_bank_slice/g_bank\[1\].u_apply/meta_inv_q[71] has 209 pins which may impact routing performance. Consider optimization.
[WARNING DRT-0120] Large net u_b2_implementation/u_pcu/u_quad_datapath/g_quad\[0\].u_bank_slice/g_bank\[1\].u_apply/meta_inv_q[72] has 209 pins which may impact routing performance. Consider optimization.
[WARNING DRT-0120] Large net u_b2_implementation/u_pcu/u_quad_datapath/g_quad\[0\].u_bank_slice/g_bank\[1\].u_apply/meta_inv_q[73] has 297 pins which may impact routing performance. Consider optimization.
[WARNING DRT-0120] Large net u_b2_implementation/u_pcu/u_quad_datapath/g_quad\[0\].u_bank_slice/g_bank\[1\].u_apply/meta_inv_q[74] has 297 pins which may impact routing performance. Consider optimization.
[WARNING DRT-0120] Large net u_b2_implementation/u_pcu/u_quad_datapath/g_quad\[0\].u_bank_slice/g_bank\[1\].u_apply/meta_inv_q[75] has 289 pins which may impact routing performance. Consider optimization.
[WARNING DRT-0120] Large net u_b2_implementation/u_pcu/u_quad_datapath/g_quad\[0\].u_bank_slice/g_bank\[1\].u_apply/meta_inv_q[76] has 289 pins which may impact routing performance. Consider optimization.
[WARNING DRT-0120] Large net u_b2_implementation/u_pcu/u_quad_datapath/g_quad\[0\].u_bank_slice/g_bank\[1\].u_apply/meta_inv_q[77] has 209 pins which may impact routing performance. Consider optimization.
[WARNING DRT-0120] Large net u_b2_implementation/u_pcu/u_quad_datapath/g_quad\[0\].u_bank_slice/g_bank\[1\].u_apply/meta_inv_q[78] has 201 pins which may impact routing performance. Consider optimization.
[WARNING DRT-0120] Large net u_b2_implementation/u_pcu/u_quad_datapath/g_quad\[0\].u_bank_slice/g_bank\[1\].u_apply/meta_inv_q[79] has 217 pins which may impact routing performance. Consider optimization.
[WARNING DRT-0120] Large net u_b2_implementation/u_pcu/u_quad_datapath/g_quad\[0\].u_bank_slice/g_bank\[1\].u_apply/meta_inv_q[80] has 217 pins which may impact routing performance. Consider optimization.
[WARNING DRT-0120] Large net u_b2_implementation/u_pcu/u_quad_datapath/g_quad\[0\].u_bank_slice/g_bank\[1\].u_apply/meta_inv_q[81] has 217 pins which may impact routing performance. Consider optimization.
[WARNING DRT-0120] Large net u_b2_implementation/u_pcu/u_quad_datapath/g_quad\[0\].u_bank_slice/g_bank\[1\].u_apply/meta_inv_q[82] has 377 pins which may impact routing performance. Consider optimization.
[WARNING DRT-0120] Large net u_b2_implementation/u_pcu/u_quad_datapath/g_quad\[0\].u_bank_slice/g_bank\[1\].u_apply/meta_inv_q[83] has 321 pins which may impact routing performance. Consider optimization.
[WARNING DRT-0120] Large net u_b2_implementation/u_pcu/u_quad_datapath/g_quad\[0\].u_bank_slice/g_bank\[1\].u_apply/meta_inv_q[84] has 321 pins which may impact routing performance. Consider optimization.
[WARNING DRT-0120] Large net u_b2_implementation/u_pcu/u_quad_datapath/g_quad\[0\].u_bank_slice/g_bank\[1\].u_apply/meta_inv_q[85] has 209 pins which may impact routing performance. Consider optimization.
[WARNING DRT-0120] Large net u_b2_implementation/u_pcu/u_quad_datapath/g_quad\[0\].u_bank_slice/g_bank\[1\].u_apply/meta_inv_q[86] has 209 pins which may impact routing performance. Consider optimization.
[WARNING DRT-0120] Large net u_b2_implementation/u_pcu/u_quad_datapath/g_quad\[0\].u_bank_slice/g_bank\[1\].u_apply/meta_mode_q[8] has 257 pins which may impact routing performance. Consider optimization.
[WARNING DRT-0120] Large net u_b2_implementation/u_pcu/u_quad_datapath/g_quad\[0\].u_bank_slice/g_bank\[1\].u_apply/rd_ptr_q[0] has 583 pins which may impact routing performance. Consider optimization.
[WARNING DRT-0120] Large net u_b2_implementation/u_pcu/u_quad_datapath/g_quad\[0\].u_bank_slice/g_bank\[1\].u_apply/rd_ptr_q[1] has 173 pins which may impact routing performance. Consider optimization.
[WARNING DRT-0120] Large net u_b2_implementation/u_pcu/u_quad_datapath/g_quad\[0\].u_bank_slice/g_bank\[1\].u_apply/rd_ptr_q[2] has 583 pins which may impact routing performance. Consider optimization.
[WARNING DRT-0120] Large net u_b2_implementation/u_pcu/u_quad_datapath/g_quad\[0\].u_bank_slice/g_bank\[1\].u_apply/rd_ptr_q[3] has 171 pins which may impact routing performance. Consider optimization.
[WARNING DRT-0120] Large net u_b2_implementation/u_pcu/u_quad_datapath/g_quad\[0\].u_bank_slice/g_bank\[1\].u_apply/g_lane\[0\].un/_05114_ has 104 pins which may impact routing performance. Consider optimization.
[WARNING DRT-0120] Large net u_b2_implementation/u_pcu/u_quad_datapath/g_quad\[0\].u_bank_slice/g_bank\[1\].u_apply/g_lane\[0\].us/_05114_ has 104 pins which may impact routing performance. Consider optimization.
[WARNING DRT-0120] Large net u_b2_implementation/u_pcu/u_quad_datapath/g_quad\[0\].u_bank_slice/g_bank\[1\].u_apply/g_lane\[1\].un/_05114_ has 104 pins which may impact routing performance. Consider optimization.
[WARNING DRT-0120] Large net u_b2_implementation/u_pcu/u_quad_datapath/g_quad\[0\].u_bank_slice/g_bank\[1\].u_apply/g_lane\[1\].us/_05114_ has 104 pins which may impact routing performance. Consider optimization.
[WARNING DRT-0120] Large net u_b2_implementation/u_pcu/u_quad_datapath/g_quad\[0\].u_bank_slice/g_bank\[1\].u_apply/g_lane\[2\].un/_05114_ has 104 pins which may impact routing performance. Consider optimization.
[WARNING DRT-0120] Large net u_b2_implementation/u_pcu/u_quad_datapath/g_quad\[0\].u_bank_slice/g_bank\[1\].u_apply/g_lane\[2\].us/_05114_ has 104 pins which may impact routing performance. Consider optimization.
[WARNING DRT-0120] Large net u_b2_implementation/u_pcu/u_quad_datapath/g_quad\[0\].u_bank_slice/g_bank\[1\].u_apply/g_lane\[3\].un/_05114_ has 104 pins which may impact routing performance. Consider optimization.
[WARNING DRT-0120] Large net u_b2_implementation/u_pcu/u_quad_datapath/g_quad\[0\].u_bank_slice/g_bank\[1\].u_apply/g_lane\[3\].us/_05114_ has 104 pins which may impact routing performance. Consider optimization.
[WARNING DRT-0120] Large net u_b2_implementation/u_pcu/u_quad_datapath/g_quad\[0\].u_bank_slice/g_bank\[1\].u_apply/g_lane\[4\].un/_05114_ has 104 pins which may impact routing performance. Consider optimization.
[WARNING DRT-0120] Large net u_b2_implementation/u_pcu/u_quad_datapath/g_quad\[0\].u_bank_slice/g_bank\[1\].u_apply/g_lane\[4\].us/_05114_ has 104 pins which may impact routing performance. Consider optimization.
[WARNING DRT-0120] Large net u_b2_implementation/u_pcu/u_quad_datapath/g_quad\[0\].u_bank_slice/g_bank\[1\].u_apply/g_lane\[5\].un/_05114_ has 104 pins which may impact routing performance. Consider optimization.
[WARNING DRT-0120] Large net u_b2_implementation/u_pcu/u_quad_datapath/g_quad\[0\].u_bank_slice/g_bank\[1\].u_apply/g_lane\[5\].us/_05114_ has 104 pins which may impact routing performance. Consider optimization.
[WARNING DRT-0120] Large net u_b2_implementation/u_pcu/u_quad_datapath/g_quad\[0\].u_bank_slice/g_bank\[1\].u_apply/g_lane\[6\].un/_05114_ has 104 pins which may impact routing performance. Consider optimization.
[WARNING DRT-0120] Large net u_b2_implementation/u_pcu/u_quad_datapath/g_quad\[0\].u_bank_slice/g_bank\[1\].u_apply/g_lane\[6\].us/_05114_ has 104 pins which may impact routing performance. Consider optimization.
[WARNING DRT-0120] Large net u_b2_implementation/u_pcu/u_quad_datapath/g_quad\[0\].u_bank_slice/g_bank\[1\].u_apply/g_lane\[7\].un/_05114_ has 104 pins which may impact routing performance. Consider optimization.
[WARNING DRT-0120] Large net u_b2_implementation/u_pcu/u_quad_datapath/g_quad\[0\].u_bank_slice/g_bank\[1\].u_apply/g_lane\[7\].us/_05114_ has 104 pins which may impact routing performance. Consider optimization.
[WARNING DRT-0120] Large net u_b2_implementation/u_pcu/u_quad_datapath/g_quad\[0\].u_bank_slice/g_bank\[1\].u_reduce/_0760_ has 534 pins which may impact routing performance. Consider optimization.
[WARNING DRT-0120] Large net u_b2_implementation/u_pcu/u_quad_datapath/g_quad\[0\].u_bank_slice/g_bank\[1\].u_reduce/_0791_ has 215 pins which may impact routing performance. Consider optimization.
[WARNING DRT-0120] Large net u_b2_implementation/u_pcu/u_quad_datapath/g_quad\[0\].u_bank_slice/g_bank\[1\].u_reduce/_0812_ has 213 pins which may impact routing performance. Consider optimization.
[WARNING DRT-0120] Large net u_b2_implementation/u_pcu/u_quad_datapath/g_quad\[0\].u_bank_slice/g_bank\[1\].u_reduce/_0818_ has 132 pins which may impact routing performance. Consider optimization.
[WARNING DRT-0120] Large net u_b2_implementation/u_pcu/u_quad_datapath/g_quad\[0\].u_bank_slice/g_bank\[1\].u_reduce/_0819_ has 132 pins which may impact routing performance. Consider optimization.
[WARNING DRT-0120] Large net u_b2_implementation/u_pcu/u_quad_datapath/g_quad\[0\].u_bank_slice/g_bank\[1\].u_reduce/_0821_ has 132 pins which may impact routing performance. Consider optimization.
[WARNING DRT-0120] Large net u_b2_implementation/u_pcu/u_quad_datapath/g_quad\[0\].u_bank_slice/g_bank\[1\].u_reduce/_0829_ has 129 pins which may impact routing performance. Consider optimization.
[WARNING DRT-0120] Large net u_b2_implementation/u_pcu/u_quad_datapath/g_quad\[0\].u_bank_slice/g_bank\[1\].u_reduce/_0958_ has 257 pins which may impact routing performance. Consider optimization.
[WARNING DRT-0120] Large net u_b2_implementation/u_pcu/u_quad_datapath/g_quad\[0\].u_bank_slice/g_bank\[1\].u_reduce/_0959_ has 259 pins which may impact routing performance. Consider optimization.
[WARNING DRT-0120] Large net u_b2_implementation/u_pcu/u_quad_datapath/g_quad\[0\].u_bank_slice/g_bank\[1\].u_reduce/ctx_delay_q\[9\][0] has 130 pins which may impact routing performance. Consider optimization.
[WARNING DRT-0120] Large net u_b2_implementation/u_pcu/u_quad_datapath/g_quad\[0\].u_bank_slice/g_bank\[1\].u_reduce/input_fire has 523 pins which may impact routing performance. Consider optimization.
[WARNING DRT-0120] Large net u_b2_implementation/u_pcu/u_quad_datapath/g_quad\[0\].u_bank_slice/g_bank\[1\].u_reduce/slot_delay_q\[9\][1] has 130 pins which may impact routing performance. Consider optimization.
[WARNING DRT-0120] Large net u_b2_implementation/u_pcu/u_quad_datapath/g_quad\[0\].u_bank_slice/g_bank\[2\].u_apply/_02491_ has 147 pins which may impact routing performance. Consider optimization.
[WARNING DRT-0120] Large net u_b2_implementation/u_pcu/u_quad_datapath/g_quad\[0\].u_bank_slice/g_bank\[2\].u_apply/_02492_ has 147 pins which may impact routing performance. Consider optimization.
[WARNING DRT-0120] Large net u_b2_implementation/u_pcu/u_quad_datapath/g_quad\[0\].u_bank_slice/g_bank\[2\].u_apply/_02493_ has 147 pins which may impact routing performance. Consider optimization.
[WARNING DRT-0120] Large net u_b2_implementation/u_pcu/u_quad_datapath/g_quad\[0\].u_bank_slice/g_bank\[2\].u_apply/_02494_ has 147 pins which may impact routing performance. Consider optimization.
[WARNING DRT-0120] Large net u_b2_implementation/u_pcu/u_quad_datapath/g_quad\[0\].u_bank_slice/g_bank\[2\].u_apply/_02495_ has 147 pins which may impact routing performance. Consider optimization.
[WARNING DRT-0120] Large net u_b2_implementation/u_pcu/u_quad_datapath/g_quad\[0\].u_bank_slice/g_bank\[2\].u_apply/_02496_ has 147 pins which may impact routing performance. Consider optimization.
[WARNING DRT-0120] Large net u_b2_implementation/u_pcu/u_quad_datapath/g_quad\[0\].u_bank_slice/g_bank\[2\].u_apply/_02497_ has 147 pins which may impact routing performance. Consider optimization.
[WARNING DRT-0120] Large net u_b2_implementation/u_pcu/u_quad_datapath/g_quad\[0\].u_bank_slice/g_bank\[2\].u_apply/_02498_ has 147 pins which may impact routing performance. Consider optimization.
[WARNING DRT-0120] Large net u_b2_implementation/u_pcu/u_quad_datapath/g_quad\[0\].u_bank_slice/g_bank\[2\].u_apply/_02499_ has 147 pins which may impact routing performance. Consider optimization.
[WARNING DRT-0120] Large net u_b2_implementation/u_pcu/u_quad_datapath/g_quad\[0\].u_bank_slice/g_bank\[2\].u_apply/_02500_ has 147 pins which may impact routing performance. Consider optimization.
[WARNING DRT-0120] Large net u_b2_implementation/u_pcu/u_quad_datapath/g_quad\[0\].u_bank_slice/g_bank\[2\].u_apply/_02501_ has 147 pins which may impact routing performance. Consider optimization.
[WARNING DRT-0120] Large net u_b2_implementation/u_pcu/u_quad_datapath/g_quad\[0\].u_bank_slice/g_bank\[2\].u_apply/_02502_ has 147 pins which may impact routing performance. Consider optimization.
[WARNING DRT-0120] Large net u_b2_implementation/u_pcu/u_quad_datapath/g_quad\[0\].u_bank_slice/g_bank\[2\].u_apply/_02503_ has 147 pins which may impact routing performance. Consider optimization.
[WARNING DRT-0120] Large net u_b2_implementation/u_pcu/u_quad_datapath/g_quad\[0\].u_bank_slice/g_bank\[2\].u_apply/_02504_ has 147 pins which may impact routing performance. Consider optimization.
[WARNING DRT-0120] Large net u_b2_implementation/u_pcu/u_quad_datapath/g_quad\[0\].u_bank_slice/g_bank\[2\].u_apply/_02505_ has 147 pins which may impact routing performance. Consider optimization.
[WARNING DRT-0120] Large net u_b2_implementation/u_pcu/u_quad_datapath/g_quad\[0\].u_bank_slice/g_bank\[2\].u_apply/_02506_ has 147 pins which may impact routing performance. Consider optimization.
[WARNING DRT-0120] Large net u_b2_implementation/u_pcu/u_quad_datapath/g_quad\[0\].u_bank_slice/g_bank\[2\].u_apply/meta_inv_q[64] has 233 pins which may impact routing performance. Consider optimization.
[WARNING DRT-0120] Large net u_b2_implementation/u_pcu/u_quad_datapath/g_quad\[0\].u_bank_slice/g_bank\[2\].u_apply/meta_inv_q[65] has 249 pins which may impact routing performance. Consider optimization.
[WARNING DRT-0120] Large net u_b2_implementation/u_pcu/u_quad_datapath/g_quad\[0\].u_bank_slice/g_bank\[2\].u_apply/meta_inv_q[66] has 241 pins which may impact routing performance. Consider optimization.
[WARNING DRT-0120] Large net u_b2_implementation/u_pcu/u_quad_datapath/g_quad\[0\].u_bank_slice/g_bank\[2\].u_apply/meta_inv_q[67] has 241 pins which may impact routing performance. Consider optimization.
[WARNING DRT-0120] Large net u_b2_implementation/u_pcu/u_quad_datapath/g_quad\[0\].u_bank_slice/g_bank\[2\].u_apply/meta_inv_q[68] has 209 pins which may impact routing performance. Consider optimization.
[WARNING DRT-0120] Large net u_b2_implementation/u_pcu/u_quad_datapath/g_quad\[0\].u_bank_slice/g_bank\[2\].u_apply/meta_inv_q[69] has 209 pins which may impact routing performance. Consider optimization.
[WARNING DRT-0120] Large net u_b2_implementation/u_pcu/u_quad_datapath/g_quad\[0\].u_bank_slice/g_bank\[2\].u_apply/meta_inv_q[70] has 225 pins which may impact routing performance. Consider optimization.
[WARNING DRT-0120] Large net u_b2_implementation/u_pcu/u_quad_datapath/g_quad\[0\].u_bank_slice/g_bank\[2\].u_apply/meta_inv_q[71] has 209 pins which may impact routing performance. Consider optimization.
[WARNING DRT-0120] Large net u_b2_implementation/u_pcu/u_quad_datapath/g_quad\[0\].u_bank_slice/g_bank\[2\].u_apply/meta_inv_q[72] has 209 pins which may impact routing performance. Consider optimization.
[WARNING DRT-0120] Large net u_b2_implementation/u_pcu/u_quad_datapath/g_quad\[0\].u_bank_slice/g_bank\[2\].u_apply/meta_inv_q[73] has 297 pins which may impact routing performance. Consider optimization.
[WARNING DRT-0120] Large net u_b2_implementation/u_pcu/u_quad_datapath/g_quad\[0\].u_bank_slice/g_bank\[2\].u_apply/meta_inv_q[74] has 297 pins which may impact routing performance. Consider optimization.
[WARNING DRT-0120] Large net u_b2_implementation/u_pcu/u_quad_datapath/g_quad\[0\].u_bank_slice/g_bank\[2\].u_apply/meta_inv_q[75] has 289 pins which may impact routing performance. Consider optimization.
[WARNING DRT-0120] Large net u_b2_implementation/u_pcu/u_quad_datapath/g_quad\[0\].u_bank_slice/g_bank\[2\].u_apply/meta_inv_q[76] has 289 pins which may impact routing performance. Consider optimization.
[WARNING DRT-0120] Large net u_b2_implementation/u_pcu/u_quad_datapath/g_quad\[0\].u_bank_slice/g_bank\[2\].u_apply/meta_inv_q[77] has 209 pins which may impact routing performance. Consider optimization.
[WARNING DRT-0120] Large net u_b2_implementation/u_pcu/u_quad_datapath/g_quad\[0\].u_bank_slice/g_bank\[2\].u_apply/meta_inv_q[78] has 201 pins which may impact routing performance. Consider optimization.
[WARNING DRT-0120] Large net u_b2_implementation/u_pcu/u_quad_datapath/g_quad\[0\].u_bank_slice/g_bank\[2\].u_apply/meta_inv_q[79] has 217 pins which may impact routing performance. Consider optimization.
[WARNING DRT-0120] Large net u_b2_implementation/u_pcu/u_quad_datapath/g_quad\[0\].u_bank_slice/g_bank\[2\].u_apply/meta_inv_q[80] has 217 pins which may impact routing performance. Consider optimization.
[WARNING DRT-0120] Large net u_b2_implementation/u_pcu/u_quad_datapath/g_quad\[0\].u_bank_slice/g_bank\[2\].u_apply/meta_inv_q[81] has 217 pins which may impact routing performance. Consider optimization.
[WARNING DRT-0120] Large net u_b2_implementation/u_pcu/u_quad_datapath/g_quad\[0\].u_bank_slice/g_bank\[2\].u_apply/meta_inv_q[82] has 377 pins which may impact routing performance. Consider optimization.
[WARNING DRT-0120] Large net u_b2_implementation/u_pcu/u_quad_datapath/g_quad\[0\].u_bank_slice/g_bank\[2\].u_apply/meta_inv_q[83] has 321 pins which may impact routing performance. Consider optimization.
[WARNING DRT-0120] Large net u_b2_implementation/u_pcu/u_quad_datapath/g_quad\[0\].u_bank_slice/g_bank\[2\].u_apply/meta_inv_q[84] has 321 pins which may impact routing performance. Consider optimization.
[WARNING DRT-0120] Large net u_b2_implementation/u_pcu/u_quad_datapath/g_quad\[0\].u_bank_slice/g_bank\[2\].u_apply/meta_inv_q[85] has 209 pins which may impact routing performance. Consider optimization.
[WARNING DRT-0120] Large net u_b2_implementation/u_pcu/u_quad_datapath/g_quad\[0\].u_bank_slice/g_bank\[2\].u_apply/meta_inv_q[86] has 209 pins which may impact routing performance. Consider optimization.
[WARNING DRT-0120] Large net u_b2_implementation/u_pcu/u_quad_datapath/g_quad\[0\].u_bank_slice/g_bank\[2\].u_apply/meta_mode_q[8] has 257 pins which may impact routing performance. Consider optimization.
[WARNING DRT-0120] Large net u_b2_implementation/u_pcu/u_quad_datapath/g_quad\[0\].u_bank_slice/g_bank\[2\].u_apply/rd_ptr_q[0] has 583 pins which may impact routing performance. Consider optimization.
[WARNING DRT-0120] Large net u_b2_implementation/u_pcu/u_quad_datapath/g_quad\[0\].u_bank_slice/g_bank\[2\].u_apply/rd_ptr_q[1] has 173 pins which may impact routing performance. Consider optimization.
[WARNING DRT-0120] Large net u_b2_implementation/u_pcu/u_quad_datapath/g_quad\[0\].u_bank_slice/g_bank\[2\].u_apply/rd_ptr_q[2] has 583 pins which may impact routing performance. Consider optimization.
[WARNING DRT-0120] Large net u_b2_implementation/u_pcu/u_quad_datapath/g_quad\[0\].u_bank_slice/g_bank\[2\].u_apply/rd_ptr_q[3] has 171 pins which may impact routing performance. Consider optimization.
[WARNING DRT-0120] Large net u_b2_implementation/u_pcu/u_quad_datapath/g_quad\[0\].u_bank_slice/g_bank\[2\].u_apply/g_lane\[0\].un/_05114_ has 104 pins which may impact routing performance. Consider optimization.
[WARNING DRT-0120] Large net u_b2_implementation/u_pcu/u_quad_datapath/g_quad\[0\].u_bank_slice/g_bank\[2\].u_apply/g_lane\[0\].us/_05114_ has 104 pins which may impact routing performance. Consider optimization.
[WARNING DRT-0120] Large net u_b2_implementation/u_pcu/u_quad_datapath/g_quad\[0\].u_bank_slice/g_bank\[2\].u_apply/g_lane\[1\].un/_05114_ has 104 pins which may impact routing performance. Consider optimization.
[WARNING DRT-0120] Large net u_b2_implementation/u_pcu/u_quad_datapath/g_quad\[0\].u_bank_slice/g_bank\[2\].u_apply/g_lane\[1\].us/_05114_ has 104 pins which may impact routing performance. Consider optimization.
[WARNING DRT-0120] Large net u_b2_implementation/u_pcu/u_quad_datapath/g_quad\[0\].u_bank_slice/g_bank\[2\].u_apply/g_lane\[2\].un/_05114_ has 104 pins which may impact routing performance. Consider optimization.
[WARNING DRT-0120] Large net u_b2_implementation/u_pcu/u_quad_datapath/g_quad\[0\].u_bank_slice/g_bank\[2\].u_apply/g_lane\[2\].us/_05114_ has 104 pins which may impact routing performance. Consider optimization.
[WARNING DRT-0120] Large net u_b2_implementation/u_pcu/u_quad_datapath/g_quad\[0\].u_bank_slice/g_bank\[2\].u_apply/g_lane\[3\].un/_05114_ has 104 pins which may impact routing performance. Consider optimization.
[WARNING DRT-0120] Large net u_b2_implementation/u_pcu/u_quad_datapath/g_quad\[0\].u_bank_slice/g_bank\[2\].u_apply/g_lane\[3\].us/_05114_ has 104 pins which may impact routing performance. Consider optimization.
[WARNING DRT-0120] Large net u_b2_implementation/u_pcu/u_quad_datapath/g_quad\[0\].u_bank_slice/g_bank\[2\].u_apply/g_lane\[4\].un/_05114_ has 104 pins which may impact routing performance. Consider optimization.
[WARNING DRT-0120] Large net u_b2_implementation/u_pcu/u_quad_datapath/g_quad\[0\].u_bank_slice/g_bank\[2\].u_apply/g_lane\[4\].us/_05114_ has 104 pins which may impact routing performance. Consider optimization.
[WARNING DRT-0120] Large net u_b2_implementation/u_pcu/u_quad_datapath/g_quad\[0\].u_bank_slice/g_bank\[2\].u_apply/g_lane\[5\].un/_05114_ has 104 pins which may impact routing performance. Consider optimization.
[WARNING DRT-0120] Large net u_b2_implementation/u_pcu/u_quad_datapath/g_quad\[0\].u_bank_slice/g_bank\[2\].u_apply/g_lane\[5\].us/_05114_ has 104 pins which may impact routing performance. Consider optimization.
[WARNING DRT-0120] Large net u_b2_implementation/u_pcu/u_quad_datapath/g_quad\[0\].u_bank_slice/g_bank\[2\].u_apply/g_lane\[6\].un/_05114_ has 104 pins which may impact routing performance. Consider optimization.
[WARNING DRT-0120] Large net u_b2_implementation/u_pcu/u_quad_datapath/g_quad\[0\].u_bank_slice/g_bank\[2\].u_apply/g_lane\[6\].us/_05114_ has 104 pins which may impact routing performance. Consider optimization.
[WARNING DRT-0120] Large net u_b2_implementation/u_pcu/u_quad_datapath/g_quad\[0\].u_bank_slice/g_bank\[2\].u_apply/g_lane\[7\].un/_05114_ has 104 pins which may impact routing performance. Consider optimization.
[WARNING DRT-0120] Large net u_b2_implementation/u_pcu/u_quad_datapath/g_quad\[0\].u_bank_slice/g_bank\[2\].u_apply/g_lane\[7\].us/_05114_ has 104 pins which may impact routing performance. Consider optimization.
[WARNING DRT-0120] Large net u_b2_implementation/u_pcu/u_quad_datapath/g_quad\[0\].u_bank_slice/g_bank\[2\].u_reduce/_0760_ has 534 pins which may impact routing performance. Consider optimization.
[WARNING DRT-0120] Large net u_b2_implementation/u_pcu/u_quad_datapath/g_quad\[0\].u_bank_slice/g_bank\[2\].u_reduce/_0791_ has 212 pins which may impact routing performance. Consider optimization.
[WARNING DRT-0120] Large net u_b2_implementation/u_pcu/u_quad_datapath/g_quad\[0\].u_bank_slice/g_bank\[2\].u_reduce/_0812_ has 213 pins which may impact routing performance. Consider optimization.
[WARNING DRT-0120] Large net u_b2_implementation/u_pcu/u_quad_datapath/g_quad\[0\].u_bank_slice/g_bank\[2\].u_reduce/_0818_ has 131 pins which may impact routing performance. Consider optimization.
[WARNING DRT-0120] Large net u_b2_implementation/u_pcu/u_quad_datapath/g_quad\[0\].u_bank_slice/g_bank\[2\].u_reduce/_0819_ has 131 pins which may impact routing performance. Consider optimization.
[WARNING DRT-0120] Large net u_b2_implementation/u_pcu/u_quad_datapath/g_quad\[0\].u_bank_slice/g_bank\[2\].u_reduce/_0821_ has 131 pins which may impact routing performance. Consider optimization.
[WARNING DRT-0120] Large net u_b2_implementation/u_pcu/u_quad_datapath/g_quad\[0\].u_bank_slice/g_bank\[2\].u_reduce/_0829_ has 129 pins which may impact routing performance. Consider optimization.
[WARNING DRT-0120] Large net u_b2_implementation/u_pcu/u_quad_datapath/g_quad\[0\].u_bank_slice/g_bank\[2\].u_reduce/_0958_ has 257 pins which may impact routing performance. Consider optimization.
[WARNING DRT-0120] Large net u_b2_implementation/u_pcu/u_quad_datapath/g_quad\[0\].u_bank_slice/g_bank\[2\].u_reduce/_0959_ has 259 pins which may impact routing performance. Consider optimization.
[WARNING DRT-0120] Large net u_b2_implementation/u_pcu/u_quad_datapath/g_quad\[0\].u_bank_slice/g_bank\[2\].u_reduce/ctx_delay_q\[9\][0] has 130 pins which may impact routing performance. Consider optimization.
[WARNING DRT-0120] Large net u_b2_implementation/u_pcu/u_quad_datapath/g_quad\[0\].u_bank_slice/g_bank\[2\].u_reduce/input_fire has 523 pins which may impact routing performance. Consider optimization.
[WARNING DRT-0120] Large net u_b2_implementation/u_pcu/u_quad_datapath/g_quad\[0\].u_bank_slice/g_bank\[2\].u_reduce/slot_delay_q\[9\][1] has 130 pins which may impact routing performance. Consider optimization.
[WARNING DRT-0120] Large net u_b2_implementation/u_pcu/u_quad_datapath/g_quad\[0\].u_bank_slice/g_bank\[3\].u_apply/_02491_ has 147 pins which may impact routing performance. Consider optimization.
[WARNING DRT-0120] Large net u_b2_implementation/u_pcu/u_quad_datapath/g_quad\[0\].u_bank_slice/g_bank\[3\].u_apply/_02492_ has 147 pins which may impact routing performance. Consider optimization.
[WARNING DRT-0120] Large net u_b2_implementation/u_pcu/u_quad_datapath/g_quad\[0\].u_bank_slice/g_bank\[3\].u_apply/_02493_ has 147 pins which may impact routing performance. Consider optimization.
[WARNING DRT-0120] Large net u_b2_implementation/u_pcu/u_quad_datapath/g_quad\[0\].u_bank_slice/g_bank\[3\].u_apply/_02494_ has 147 pins which may impact routing performance. Consider optimization.
[WARNING DRT-0120] Large net u_b2_implementation/u_pcu/u_quad_datapath/g_quad\[0\].u_bank_slice/g_bank\[3\].u_apply/_02495_ has 147 pins which may impact routing performance. Consider optimization.
[WARNING DRT-0120] Large net u_b2_implementation/u_pcu/u_quad_datapath/g_quad\[0\].u_bank_slice/g_bank\[3\].u_apply/_02496_ has 147 pins which may impact routing performance. Consider optimization.
[WARNING DRT-0120] Large net u_b2_implementation/u_pcu/u_quad_datapath/g_quad\[0\].u_bank_slice/g_bank\[3\].u_apply/_02497_ has 147 pins which may impact routing performance. Consider optimization.
[WARNING DRT-0120] Large net u_b2_implementation/u_pcu/u_quad_datapath/g_quad\[0\].u_bank_slice/g_bank\[3\].u_apply/_02498_ has 147 pins which may impact routing performance. Consider optimization.
[WARNING DRT-0120] Large net u_b2_implementation/u_pcu/u_quad_datapath/g_quad\[0\].u_bank_slice/g_bank\[3\].u_apply/_02499_ has 147 pins which may impact routing performance. Consider optimization.
[WARNING DRT-0120] Large net u_b2_implementation/u_pcu/u_quad_datapath/g_quad\[0\].u_bank_slice/g_bank\[3\].u_apply/_02500_ has 147 pins which may impact routing performance. Consider optimization.
[WARNING DRT-0120] Large net u_b2_implementation/u_pcu/u_quad_datapath/g_quad\[0\].u_bank_slice/g_bank\[3\].u_apply/_02501_ has 147 pins which may impact routing performance. Consider optimization.
[WARNING DRT-0120] Large net u_b2_implementation/u_pcu/u_quad_datapath/g_quad\[0\].u_bank_slice/g_bank\[3\].u_apply/_02502_ has 147 pins which may impact routing performance. Consider optimization.
[WARNING DRT-0120] Large net u_b2_implementation/u_pcu/u_quad_datapath/g_quad\[0\].u_bank_slice/g_bank\[3\].u_apply/_02503_ has 147 pins which may impact routing performance. Consider optimization.
[WARNING DRT-0120] Large net u_b2_implementation/u_pcu/u_quad_datapath/g_quad\[0\].u_bank_slice/g_bank\[3\].u_apply/_02504_ has 147 pins which may impact routing performance. Consider optimization.
[WARNING DRT-0120] Large net u_b2_implementation/u_pcu/u_quad_datapath/g_quad\[0\].u_bank_slice/g_bank\[3\].u_apply/_02505_ has 147 pins which may impact routing performance. Consider optimization.
[WARNING DRT-0120] Large net u_b2_implementation/u_pcu/u_quad_datapath/g_quad\[0\].u_bank_slice/g_bank\[3\].u_apply/_02506_ has 147 pins which may impact routing performance. Consider optimization.
[WARNING DRT-0120] Large net u_b2_implementation/u_pcu/u_quad_datapath/g_quad\[0\].u_bank_slice/g_bank\[3\].u_apply/meta_inv_q[64] has 233 pins which may impact routing performance. Consider optimization.
[WARNING DRT-0120] Large net u_b2_implementation/u_pcu/u_quad_datapath/g_quad\[0\].u_bank_slice/g_bank\[3\].u_apply/meta_inv_q[65] has 249 pins which may impact routing performance. Consider optimization.
[WARNING DRT-0120] Large net u_b2_implementation/u_pcu/u_quad_datapath/g_quad\[0\].u_bank_slice/g_bank\[3\].u_apply/meta_inv_q[66] has 241 pins which may impact routing performance. Consider optimization.
[WARNING DRT-0120] Large net u_b2_implementation/u_pcu/u_quad_datapath/g_quad\[0\].u_bank_slice/g_bank\[3\].u_apply/meta_inv_q[67] has 241 pins which may impact routing performance. Consider optimization.
[WARNING DRT-0120] Large net u_b2_implementation/u_pcu/u_quad_datapath/g_quad\[0\].u_bank_slice/g_bank\[3\].u_apply/meta_inv_q[68] has 209 pins which may impact routing performance. Consider optimization.
[WARNING DRT-0120] Large net u_b2_implementation/u_pcu/u_quad_datapath/g_quad\[0\].u_bank_slice/g_bank\[3\].u_apply/meta_inv_q[69] has 209 pins which may impact routing performance. Consider optimization.
[WARNING DRT-0120] Large net u_b2_implementation/u_pcu/u_quad_datapath/g_quad\[0\].u_bank_slice/g_bank\[3\].u_apply/meta_inv_q[70] has 225 pins which may impact routing performance. Consider optimization.
[WARNING DRT-0120] Large net u_b2_implementation/u_pcu/u_quad_datapath/g_quad\[0\].u_bank_slice/g_bank\[3\].u_apply/meta_inv_q[71] has 209 pins which may impact routing performance. Consider optimization.
[WARNING DRT-0120] Large net u_b2_implementation/u_pcu/u_quad_datapath/g_quad\[0\].u_bank_slice/g_bank\[3\].u_apply/meta_inv_q[72] has 209 pins which may impact routing performance. Consider optimization.
[WARNING DRT-0120] Large net u_b2_implementation/u_pcu/u_quad_datapath/g_quad\[0\].u_bank_slice/g_bank\[3\].u_apply/meta_inv_q[73] has 297 pins which may impact routing performance. Consider optimization.
[WARNING DRT-0120] Large net u_b2_implementation/u_pcu/u_quad_datapath/g_quad\[0\].u_bank_slice/g_bank\[3\].u_apply/meta_inv_q[74] has 297 pins which may impact routing performance. Consider optimization.
[WARNING DRT-0120] Large net u_b2_implementation/u_pcu/u_quad_datapath/g_quad\[0\].u_bank_slice/g_bank\[3\].u_apply/meta_inv_q[75] has 289 pins which may impact routing performance. Consider optimization.
[WARNING DRT-0120] Large net u_b2_implementation/u_pcu/u_quad_datapath/g_quad\[0\].u_bank_slice/g_bank\[3\].u_apply/meta_inv_q[76] has 289 pins which may impact routing performance. Consider optimization.
[WARNING DRT-0120] Large net u_b2_implementation/u_pcu/u_quad_datapath/g_quad\[0\].u_bank_slice/g_bank\[3\].u_apply/meta_inv_q[77] has 209 pins which may impact routing performance. Consider optimization.
[WARNING DRT-0120] Large net u_b2_implementation/u_pcu/u_quad_datapath/g_quad\[0\].u_bank_slice/g_bank\[3\].u_apply/meta_inv_q[78] has 201 pins which may impact routing performance. Consider optimization.
[WARNING DRT-0120] Large net u_b2_implementation/u_pcu/u_quad_datapath/g_quad\[0\].u_bank_slice/g_bank\[3\].u_apply/meta_inv_q[79] has 217 pins which may impact routing performance. Consider optimization.
[WARNING DRT-0120] Large net u_b2_implementation/u_pcu/u_quad_datapath/g_quad\[0\].u_bank_slice/g_bank\[3\].u_apply/meta_inv_q[80] has 217 pins which may impact routing performance. Consider optimization.
[WARNING DRT-0120] Large net u_b2_implementation/u_pcu/u_quad_datapath/g_quad\[0\].u_bank_slice/g_bank\[3\].u_apply/meta_inv_q[81] has 217 pins which may impact routing performance. Consider optimization.
[WARNING DRT-0120] Large net u_b2_implementation/u_pcu/u_quad_datapath/g_quad\[0\].u_bank_slice/g_bank\[3\].u_apply/meta_inv_q[82] has 377 pins which may impact routing performance. Consider optimization.
[WARNING DRT-0120] Large net u_b2_implementation/u_pcu/u_quad_datapath/g_quad\[0\].u_bank_slice/g_bank\[3\].u_apply/meta_inv_q[83] has 321 pins which may impact routing performance. Consider optimization.
[WARNING DRT-0120] Large net u_b2_implementation/u_pcu/u_quad_datapath/g_quad\[0\].u_bank_slice/g_bank\[3\].u_apply/meta_inv_q[84] has 321 pins which may impact routing performance. Consider optimization.
[WARNING DRT-0120] Large net u_b2_implementation/u_pcu/u_quad_datapath/g_quad\[0\].u_bank_slice/g_bank\[3\].u_apply/meta_inv_q[85] has 209 pins which may impact routing performance. Consider optimization.
[WARNING DRT-0120] Large net u_b2_implementation/u_pcu/u_quad_datapath/g_quad\[0\].u_bank_slice/g_bank\[3\].u_apply/meta_inv_q[86] has 209 pins which may impact routing performance. Consider optimization.
[WARNING DRT-0120] Large net u_b2_implementation/u_pcu/u_quad_datapath/g_quad\[0\].u_bank_slice/g_bank\[3\].u_apply/meta_mode_q[8] has 257 pins which may impact routing performance. Consider optimization.
[WARNING DRT-0120] Large net u_b2_implementation/u_pcu/u_quad_datapath/g_quad\[0\].u_bank_slice/g_bank\[3\].u_apply/rd_ptr_q[0] has 583 pins which may impact routing performance. Consider optimization.
[WARNING DRT-0120] Large net u_b2_implementation/u_pcu/u_quad_datapath/g_quad\[0\].u_bank_slice/g_bank\[3\].u_apply/rd_ptr_q[1] has 173 pins which may impact routing performance. Consider optimization.
[WARNING DRT-0120] Large net u_b2_implementation/u_pcu/u_quad_datapath/g_quad\[0\].u_bank_slice/g_bank\[3\].u_apply/rd_ptr_q[2] has 583 pins which may impact routing performance. Consider optimization.
[WARNING DRT-0120] Large net u_b2_implementation/u_pcu/u_quad_datapath/g_quad\[0\].u_bank_slice/g_bank\[3\].u_apply/rd_ptr_q[3] has 171 pins which may impact routing performance. Consider optimization.
[WARNING DRT-0120] Large net u_b2_implementation/u_pcu/u_quad_datapath/g_quad\[0\].u_bank_slice/g_bank\[3\].u_apply/g_lane\[0\].un/_05114_ has 104 pins which may impact routing performance. Consider optimization.
[WARNING DRT-0120] Large net u_b2_implementation/u_pcu/u_quad_datapath/g_quad\[0\].u_bank_slice/g_bank\[3\].u_apply/g_lane\[0\].us/_05114_ has 104 pins which may impact routing performance. Consider optimization.
[WARNING DRT-0120] Large net u_b2_implementation/u_pcu/u_quad_datapath/g_quad\[0\].u_bank_slice/g_bank\[3\].u_apply/g_lane\[1\].un/_05114_ has 104 pins which may impact routing performance. Consider optimization.
[WARNING DRT-0120] Large net u_b2_implementation/u_pcu/u_quad_datapath/g_quad\[0\].u_bank_slice/g_bank\[3\].u_apply/g_lane\[1\].us/_05114_ has 104 pins which may impact routing performance. Consider optimization.
[WARNING DRT-0120] Large net u_b2_implementation/u_pcu/u_quad_datapath/g_quad\[0\].u_bank_slice/g_bank\[3\].u_apply/g_lane\[2\].un/_05114_ has 104 pins which may impact routing performance. Consider optimization.
[WARNING DRT-0120] Large net u_b2_implementation/u_pcu/u_quad_datapath/g_quad\[0\].u_bank_slice/g_bank\[3\].u_apply/g_lane\[2\].us/_05114_ has 104 pins which may impact routing performance. Consider optimization.
[WARNING DRT-0120] Large net u_b2_implementation/u_pcu/u_quad_datapath/g_quad\[0\].u_bank_slice/g_bank\[3\].u_apply/g_lane\[3\].un/_05114_ has 104 pins which may impact routing performance. Consider optimization.
[WARNING DRT-0120] Large net u_b2_implementation/u_pcu/u_quad_datapath/g_quad\[0\].u_bank_slice/g_bank\[3\].u_apply/g_lane\[3\].us/_05114_ has 104 pins which may impact routing performance. Consider optimization.
[WARNING DRT-0120] Large net u_b2_implementation/u_pcu/u_quad_datapath/g_quad\[0\].u_bank_slice/g_bank\[3\].u_apply/g_lane\[4\].un/_05114_ has 104 pins which may impact routing performance. Consider optimization.
[WARNING DRT-0120] Large net u_b2_implementation/u_pcu/u_quad_datapath/g_quad\[0\].u_bank_slice/g_bank\[3\].u_apply/g_lane\[4\].us/_05114_ has 104 pins which may impact routing performance. Consider optimization.
[WARNING DRT-0120] Large net u_b2_implementation/u_pcu/u_quad_datapath/g_quad\[0\].u_bank_slice/g_bank\[3\].u_apply/g_lane\[5\].un/_05114_ has 104 pins which may impact routing performance. Consider optimization.
[WARNING DRT-0120] Large net u_b2_implementation/u_pcu/u_quad_datapath/g_quad\[0\].u_bank_slice/g_bank\[3\].u_apply/g_lane\[5\].us/_05114_ has 104 pins which may impact routing performance. Consider optimization.
[WARNING DRT-0120] Large net u_b2_implementation/u_pcu/u_quad_datapath/g_quad\[0\].u_bank_slice/g_bank\[3\].u_apply/g_lane\[6\].un/_05114_ has 104 pins which may impact routing performance. Consider optimization.
[WARNING DRT-0120] Large net u_b2_implementation/u_pcu/u_quad_datapath/g_quad\[0\].u_bank_slice/g_bank\[3\].u_apply/g_lane\[6\].us/_05114_ has 104 pins which may impact routing performance. Consider optimization.
[WARNING DRT-0120] Large net u_b2_implementation/u_pcu/u_quad_datapath/g_quad\[0\].u_bank_slice/g_bank\[3\].u_apply/g_lane\[7\].un/_05114_ has 104 pins which may impact routing performance. Consider optimization.
[WARNING DRT-0120] Large net u_b2_implementation/u_pcu/u_quad_datapath/g_quad\[0\].u_bank_slice/g_bank\[3\].u_apply/g_lane\[7\].us/_05114_ has 104 pins which may impact routing performance. Consider optimization.
[WARNING DRT-0120] Large net u_b2_implementation/u_pcu/u_quad_datapath/g_quad\[0\].u_bank_slice/g_bank\[3\].u_reduce/_0760_ has 534 pins which may impact routing performance. Consider optimization.
[WARNING DRT-0120] Large net u_b2_implementation/u_pcu/u_quad_datapath/g_quad\[0\].u_bank_slice/g_bank\[3\].u_reduce/_0791_ has 215 pins which may impact routing performance. Consider optimization.
[WARNING DRT-0120] Large net u_b2_implementation/u_pcu/u_quad_datapath/g_quad\[0\].u_bank_slice/g_bank\[3\].u_reduce/_0812_ has 213 pins which may impact routing performance. Consider optimization.
[WARNING DRT-0120] Large net u_b2_implementation/u_pcu/u_quad_datapath/g_quad\[0\].u_bank_slice/g_bank\[3\].u_reduce/_0818_ has 132 pins which may impact routing performance. Consider optimization.
[WARNING DRT-0120] Large net u_b2_implementation/u_pcu/u_quad_datapath/g_quad\[0\].u_bank_slice/g_bank\[3\].u_reduce/_0819_ has 132 pins which may impact routing performance. Consider optimization.
[WARNING DRT-0120] Large net u_b2_implementation/u_pcu/u_quad_datapath/g_quad\[0\].u_bank_slice/g_bank\[3\].u_reduce/_0821_ has 132 pins which may impact routing performance. Consider optimization.
[WARNING DRT-0120] Large net u_b2_implementation/u_pcu/u_quad_datapath/g_quad\[0\].u_bank_slice/g_bank\[3\].u_reduce/_0829_ has 129 pins which may impact routing performance. Consider optimization.
[WARNING DRT-0120] Large net u_b2_implementation/u_pcu/u_quad_datapath/g_quad\[0\].u_bank_slice/g_bank\[3\].u_reduce/_0958_ has 257 pins which may impact routing performance. Consider optimization.
[WARNING DRT-0120] Large net u_b2_implementation/u_pcu/u_quad_datapath/g_quad\[0\].u_bank_slice/g_bank\[3\].u_reduce/_0959_ has 259 pins which may impact routing performance. Consider optimization.
[WARNING DRT-0120] Large net u_b2_implementation/u_pcu/u_quad_datapath/g_quad\[0\].u_bank_slice/g_bank\[3\].u_reduce/ctx_delay_q\[9\][0] has 130 pins which may impact routing performance. Consider optimization.
[WARNING DRT-0120] Large net u_b2_implementation/u_pcu/u_quad_datapath/g_quad\[0\].u_bank_slice/g_bank\[3\].u_reduce/input_fire has 523 pins which may impact routing performance. Consider optimization.
[WARNING DRT-0120] Large net u_b2_implementation/u_pcu/u_quad_datapath/g_quad\[0\].u_bank_slice/g_bank\[3\].u_reduce/slot_delay_q\[9\][1] has 130 pins which may impact routing performance. Consider optimization.
[WARNING DRT-0120] Large net u_b2_implementation/u_pcu/u_quad_datapath/g_quad\[1\].u_bank_slice/apply_rst_n[0] has 853 pins which may impact routing performance. Consider optimization.
[WARNING DRT-0120] Large net u_b2_implementation/u_pcu/u_quad_datapath/g_quad\[1\].u_bank_slice/apply_rst_n[1] has 3400 pins which may impact routing performance. Consider optimization.
[WARNING DRT-0120] Large net u_b2_implementation/u_pcu/u_quad_datapath/g_quad\[1\].u_bank_slice/apply_rst_n[2] has 853 pins which may impact routing performance. Consider optimization.
[WARNING DRT-0120] Large net u_b2_implementation/u_pcu/u_quad_datapath/g_quad\[1\].u_bank_slice/apply_rst_n[3] has 853 pins which may impact routing performance. Consider optimization.
[WARNING DRT-0120] Large net u_b2_implementation/u_pcu/u_quad_datapath/g_quad\[1\].u_bank_slice/quad_reducer_rst_n has 955 pins which may impact routing performance. Consider optimization.
[WARNING DRT-0120] Large net u_b2_implementation/u_pcu/u_quad_datapath/g_quad\[1\].u_bank_slice/reduce_rst_n[0] has 1157 pins which may impact routing performance. Consider optimization.
[WARNING DRT-0120] Large net u_b2_implementation/u_pcu/u_quad_datapath/g_quad\[1\].u_bank_slice/reduce_rst_n[1] has 580 pins which may impact routing performance. Consider optimization.
[WARNING DRT-0120] Large net u_b2_implementation/u_pcu/u_quad_datapath/g_quad\[1\].u_bank_slice/reduce_rst_n[2] has 1146 pins which may impact routing performance. Consider optimization.
[WARNING DRT-0120] Large net u_b2_implementation/u_pcu/u_quad_datapath/g_quad\[1\].u_bank_slice/reduce_rst_n[3] has 1157 pins which may impact routing performance. Consider optimization.
[WARNING DRT-0120] Large net u_b2_implementation/u_pcu/u_quad_datapath/g_quad\[1\].u_bank_slice/g_bank\[0\].u_apply/_02491_ has 147 pins which may impact routing performance. Consider optimization.
[WARNING DRT-0120] Large net u_b2_implementation/u_pcu/u_quad_datapath/g_quad\[1\].u_bank_slice/g_bank\[0\].u_apply/_02492_ has 147 pins which may impact routing performance. Consider optimization.
[WARNING DRT-0120] Large net u_b2_implementation/u_pcu/u_quad_datapath/g_quad\[1\].u_bank_slice/g_bank\[0\].u_apply/_02493_ has 147 pins which may impact routing performance. Consider optimization.
[WARNING DRT-0120] Large net u_b2_implementation/u_pcu/u_quad_datapath/g_quad\[1\].u_bank_slice/g_bank\[0\].u_apply/_02494_ has 147 pins which may impact routing performance. Consider optimization.
[WARNING DRT-0120] Large net u_b2_implementation/u_pcu/u_quad_datapath/g_quad\[1\].u_bank_slice/g_bank\[0\].u_apply/_02495_ has 147 pins which may impact routing performance. Consider optimization.
[WARNING DRT-0120] Large net u_b2_implementation/u_pcu/u_quad_datapath/g_quad\[1\].u_bank_slice/g_bank\[0\].u_apply/_02496_ has 147 pins which may impact routing performance. Consider optimization.
[WARNING DRT-0120] Large net u_b2_implementation/u_pcu/u_quad_datapath/g_quad\[1\].u_bank_slice/g_bank\[0\].u_apply/_02497_ has 147 pins which may impact routing performance. Consider optimization.
[WARNING DRT-0120] Large net u_b2_implementation/u_pcu/u_quad_datapath/g_quad\[1\].u_bank_slice/g_bank\[0\].u_apply/_02498_ has 147 pins which may impact routing performance. Consider optimization.
[WARNING DRT-0120] Large net u_b2_implementation/u_pcu/u_quad_datapath/g_quad\[1\].u_bank_slice/g_bank\[0\].u_apply/_02499_ has 147 pins which may impact routing performance. Consider optimization.
[WARNING DRT-0120] Large net u_b2_implementation/u_pcu/u_quad_datapath/g_quad\[1\].u_bank_slice/g_bank\[0\].u_apply/_02500_ has 147 pins which may impact routing performance. Consider optimization.
[WARNING DRT-0120] Large net u_b2_implementation/u_pcu/u_quad_datapath/g_quad\[1\].u_bank_slice/g_bank\[0\].u_apply/_02501_ has 147 pins which may impact routing performance. Consider optimization.
[WARNING DRT-0120] Large net u_b2_implementation/u_pcu/u_quad_datapath/g_quad\[1\].u_bank_slice/g_bank\[0\].u_apply/_02502_ has 147 pins which may impact routing performance. Consider optimization.
[WARNING DRT-0120] Large net u_b2_implementation/u_pcu/u_quad_datapath/g_quad\[1\].u_bank_slice/g_bank\[0\].u_apply/_02503_ has 147 pins which may impact routing performance. Consider optimization.
[WARNING DRT-0120] Large net u_b2_implementation/u_pcu/u_quad_datapath/g_quad\[1\].u_bank_slice/g_bank\[0\].u_apply/_02504_ has 147 pins which may impact routing performance. Consider optimization.
[WARNING DRT-0120] Large net u_b2_implementation/u_pcu/u_quad_datapath/g_quad\[1\].u_bank_slice/g_bank\[0\].u_apply/_02505_ has 147 pins which may impact routing performance. Consider optimization.
[WARNING DRT-0120] Large net u_b2_implementation/u_pcu/u_quad_datapath/g_quad\[1\].u_bank_slice/g_bank\[0\].u_apply/_02506_ has 147 pins which may impact routing performance. Consider optimization.
[WARNING DRT-0120] Large net u_b2_implementation/u_pcu/u_quad_datapath/g_quad\[1\].u_bank_slice/g_bank\[0\].u_apply/meta_inv_q[64] has 233 pins which may impact routing performance. Consider optimization.
[WARNING DRT-0120] Large net u_b2_implementation/u_pcu/u_quad_datapath/g_quad\[1\].u_bank_slice/g_bank\[0\].u_apply/meta_inv_q[65] has 249 pins which may impact routing performance. Consider optimization.
[WARNING DRT-0120] Large net u_b2_implementation/u_pcu/u_quad_datapath/g_quad\[1\].u_bank_slice/g_bank\[0\].u_apply/meta_inv_q[66] has 241 pins which may impact routing performance. Consider optimization.
[WARNING DRT-0120] Large net u_b2_implementation/u_pcu/u_quad_datapath/g_quad\[1\].u_bank_slice/g_bank\[0\].u_apply/meta_inv_q[67] has 241 pins which may impact routing performance. Consider optimization.
[WARNING DRT-0120] Large net u_b2_implementation/u_pcu/u_quad_datapath/g_quad\[1\].u_bank_slice/g_bank\[0\].u_apply/meta_inv_q[68] has 209 pins which may impact routing performance. Consider optimization.
[WARNING DRT-0120] Large net u_b2_implementation/u_pcu/u_quad_datapath/g_quad\[1\].u_bank_slice/g_bank\[0\].u_apply/meta_inv_q[69] has 209 pins which may impact routing performance. Consider optimization.
[WARNING DRT-0120] Large net u_b2_implementation/u_pcu/u_quad_datapath/g_quad\[1\].u_bank_slice/g_bank\[0\].u_apply/meta_inv_q[70] has 225 pins which may impact routing performance. Consider optimization.
[WARNING DRT-0120] Large net u_b2_implementation/u_pcu/u_quad_datapath/g_quad\[1\].u_bank_slice/g_bank\[0\].u_apply/meta_inv_q[71] has 209 pins which may impact routing performance. Consider optimization.
[WARNING DRT-0120] Large net u_b2_implementation/u_pcu/u_quad_datapath/g_quad\[1\].u_bank_slice/g_bank\[0\].u_apply/meta_inv_q[72] has 209 pins which may impact routing performance. Consider optimization.
[WARNING DRT-0120] Large net u_b2_implementation/u_pcu/u_quad_datapath/g_quad\[1\].u_bank_slice/g_bank\[0\].u_apply/meta_inv_q[73] has 297 pins which may impact routing performance. Consider optimization.
[WARNING DRT-0120] Large net u_b2_implementation/u_pcu/u_quad_datapath/g_quad\[1\].u_bank_slice/g_bank\[0\].u_apply/meta_inv_q[74] has 297 pins which may impact routing performance. Consider optimization.
[WARNING DRT-0120] Large net u_b2_implementation/u_pcu/u_quad_datapath/g_quad\[1\].u_bank_slice/g_bank\[0\].u_apply/meta_inv_q[75] has 289 pins which may impact routing performance. Consider optimization.
[WARNING DRT-0120] Large net u_b2_implementation/u_pcu/u_quad_datapath/g_quad\[1\].u_bank_slice/g_bank\[0\].u_apply/meta_inv_q[76] has 289 pins which may impact routing performance. Consider optimization.
[WARNING DRT-0120] Large net u_b2_implementation/u_pcu/u_quad_datapath/g_quad\[1\].u_bank_slice/g_bank\[0\].u_apply/meta_inv_q[77] has 209 pins which may impact routing performance. Consider optimization.
[WARNING DRT-0120] Large net u_b2_implementation/u_pcu/u_quad_datapath/g_quad\[1\].u_bank_slice/g_bank\[0\].u_apply/meta_inv_q[78] has 201 pins which may impact routing performance. Consider optimization.
[WARNING DRT-0120] Large net u_b2_implementation/u_pcu/u_quad_datapath/g_quad\[1\].u_bank_slice/g_bank\[0\].u_apply/meta_inv_q[79] has 217 pins which may impact routing performance. Consider optimization.
[WARNING DRT-0120] Large net u_b2_implementation/u_pcu/u_quad_datapath/g_quad\[1\].u_bank_slice/g_bank\[0\].u_apply/meta_inv_q[80] has 217 pins which may impact routing performance. Consider optimization.
[WARNING DRT-0120] Large net u_b2_implementation/u_pcu/u_quad_datapath/g_quad\[1\].u_bank_slice/g_bank\[0\].u_apply/meta_inv_q[81] has 217 pins which may impact routing performance. Consider optimization.
[WARNING DRT-0120] Large net u_b2_implementation/u_pcu/u_quad_datapath/g_quad\[1\].u_bank_slice/g_bank\[0\].u_apply/meta_inv_q[82] has 377 pins which may impact routing performance. Consider optimization.
[WARNING DRT-0120] Large net u_b2_implementation/u_pcu/u_quad_datapath/g_quad\[1\].u_bank_slice/g_bank\[0\].u_apply/meta_inv_q[83] has 321 pins which may impact routing performance. Consider optimization.
[WARNING DRT-0120] Large net u_b2_implementation/u_pcu/u_quad_datapath/g_quad\[1\].u_bank_slice/g_bank\[0\].u_apply/meta_inv_q[84] has 321 pins which may impact routing performance. Consider optimization.
[WARNING DRT-0120] Large net u_b2_implementation/u_pcu/u_quad_datapath/g_quad\[1\].u_bank_slice/g_bank\[0\].u_apply/meta_inv_q[85] has 209 pins which may impact routing performance. Consider optimization.
[WARNING DRT-0120] Large net u_b2_implementation/u_pcu/u_quad_datapath/g_quad\[1\].u_bank_slice/g_bank\[0\].u_apply/meta_inv_q[86] has 209 pins which may impact routing performance. Consider optimization.
[WARNING DRT-0120] Large net u_b2_implementation/u_pcu/u_quad_datapath/g_quad\[1\].u_bank_slice/g_bank\[0\].u_apply/meta_mode_q[8] has 257 pins which may impact routing performance. Consider optimization.
[WARNING DRT-0120] Large net u_b2_implementation/u_pcu/u_quad_datapath/g_quad\[1\].u_bank_slice/g_bank\[0\].u_apply/rd_ptr_q[0] has 583 pins which may impact routing performance. Consider optimization.
[WARNING DRT-0120] Large net u_b2_implementation/u_pcu/u_quad_datapath/g_quad\[1\].u_bank_slice/g_bank\[0\].u_apply/rd_ptr_q[1] has 173 pins which may impact routing performance. Consider optimization.
[WARNING DRT-0120] Large net u_b2_implementation/u_pcu/u_quad_datapath/g_quad\[1\].u_bank_slice/g_bank\[0\].u_apply/rd_ptr_q[2] has 583 pins which may impact routing performance. Consider optimization.
[WARNING DRT-0120] Large net u_b2_implementation/u_pcu/u_quad_datapath/g_quad\[1\].u_bank_slice/g_bank\[0\].u_apply/rd_ptr_q[3] has 171 pins which may impact routing performance. Consider optimization.
[WARNING DRT-0120] Large net u_b2_implementation/u_pcu/u_quad_datapath/g_quad\[1\].u_bank_slice/g_bank\[0\].u_apply/g_lane\[0\].un/_05114_ has 104 pins which may impact routing performance. Consider optimization.
[WARNING DRT-0120] Large net u_b2_implementation/u_pcu/u_quad_datapath/g_quad\[1\].u_bank_slice/g_bank\[0\].u_apply/g_lane\[0\].us/_05114_ has 104 pins which may impact routing performance. Consider optimization.
[WARNING DRT-0120] Large net u_b2_implementation/u_pcu/u_quad_datapath/g_quad\[1\].u_bank_slice/g_bank\[0\].u_apply/g_lane\[1\].un/_05114_ has 104 pins which may impact routing performance. Consider optimization.
[WARNING DRT-0120] Large net u_b2_implementation/u_pcu/u_quad_datapath/g_quad\[1\].u_bank_slice/g_bank\[0\].u_apply/g_lane\[1\].us/_05114_ has 104 pins which may impact routing performance. Consider optimization.
[WARNING DRT-0120] Large net u_b2_implementation/u_pcu/u_quad_datapath/g_quad\[1\].u_bank_slice/g_bank\[0\].u_apply/g_lane\[2\].un/_05114_ has 104 pins which may impact routing performance. Consider optimization.
[WARNING DRT-0120] Large net u_b2_implementation/u_pcu/u_quad_datapath/g_quad\[1\].u_bank_slice/g_bank\[0\].u_apply/g_lane\[2\].us/_05114_ has 104 pins which may impact routing performance. Consider optimization.
[WARNING DRT-0120] Large net u_b2_implementation/u_pcu/u_quad_datapath/g_quad\[1\].u_bank_slice/g_bank\[0\].u_apply/g_lane\[3\].un/_05114_ has 104 pins which may impact routing performance. Consider optimization.
[WARNING DRT-0120] Large net u_b2_implementation/u_pcu/u_quad_datapath/g_quad\[1\].u_bank_slice/g_bank\[0\].u_apply/g_lane\[3\].us/_05114_ has 104 pins which may impact routing performance. Consider optimization.
[WARNING DRT-0120] Large net u_b2_implementation/u_pcu/u_quad_datapath/g_quad\[1\].u_bank_slice/g_bank\[0\].u_apply/g_lane\[4\].un/_05114_ has 104 pins which may impact routing performance. Consider optimization.
[WARNING DRT-0120] Large net u_b2_implementation/u_pcu/u_quad_datapath/g_quad\[1\].u_bank_slice/g_bank\[0\].u_apply/g_lane\[4\].us/_05114_ has 104 pins which may impact routing performance. Consider optimization.
[WARNING DRT-0120] Large net u_b2_implementation/u_pcu/u_quad_datapath/g_quad\[1\].u_bank_slice/g_bank\[0\].u_apply/g_lane\[5\].un/_05114_ has 104 pins which may impact routing performance. Consider optimization.
[WARNING DRT-0120] Large net u_b2_implementation/u_pcu/u_quad_datapath/g_quad\[1\].u_bank_slice/g_bank\[0\].u_apply/g_lane\[5\].us/_05114_ has 104 pins which may impact routing performance. Consider optimization.
[WARNING DRT-0120] Large net u_b2_implementation/u_pcu/u_quad_datapath/g_quad\[1\].u_bank_slice/g_bank\[0\].u_apply/g_lane\[6\].un/_05114_ has 104 pins which may impact routing performance. Consider optimization.
[WARNING DRT-0120] Large net u_b2_implementation/u_pcu/u_quad_datapath/g_quad\[1\].u_bank_slice/g_bank\[0\].u_apply/g_lane\[6\].us/_05114_ has 104 pins which may impact routing performance. Consider optimization.
[WARNING DRT-0120] Large net u_b2_implementation/u_pcu/u_quad_datapath/g_quad\[1\].u_bank_slice/g_bank\[0\].u_apply/g_lane\[7\].un/_05114_ has 104 pins which may impact routing performance. Consider optimization.
[WARNING DRT-0120] Large net u_b2_implementation/u_pcu/u_quad_datapath/g_quad\[1\].u_bank_slice/g_bank\[0\].u_apply/g_lane\[7\].us/_05114_ has 104 pins which may impact routing performance. Consider optimization.
[WARNING DRT-0120] Large net u_b2_implementation/u_pcu/u_quad_datapath/g_quad\[1\].u_bank_slice/g_bank\[0\].u_reduce/_0760_ has 534 pins which may impact routing performance. Consider optimization.
[WARNING DRT-0120] Large net u_b2_implementation/u_pcu/u_quad_datapath/g_quad\[1\].u_bank_slice/g_bank\[0\].u_reduce/_0791_ has 212 pins which may impact routing performance. Consider optimization.
[WARNING DRT-0120] Large net u_b2_implementation/u_pcu/u_quad_datapath/g_quad\[1\].u_bank_slice/g_bank\[0\].u_reduce/_0812_ has 213 pins which may impact routing performance. Consider optimization.
[WARNING DRT-0120] Large net u_b2_implementation/u_pcu/u_quad_datapath/g_quad\[1\].u_bank_slice/g_bank\[0\].u_reduce/_0818_ has 131 pins which may impact routing performance. Consider optimization.
[WARNING DRT-0120] Large net u_b2_implementation/u_pcu/u_quad_datapath/g_quad\[1\].u_bank_slice/g_bank\[0\].u_reduce/_0819_ has 131 pins which may impact routing performance. Consider optimization.
[WARNING DRT-0120] Large net u_b2_implementation/u_pcu/u_quad_datapath/g_quad\[1\].u_bank_slice/g_bank\[0\].u_reduce/_0821_ has 131 pins which may impact routing performance. Consider optimization.
[WARNING DRT-0120] Large net u_b2_implementation/u_pcu/u_quad_datapath/g_quad\[1\].u_bank_slice/g_bank\[0\].u_reduce/_0829_ has 129 pins which may impact routing performance. Consider optimization.
[WARNING DRT-0120] Large net u_b2_implementation/u_pcu/u_quad_datapath/g_quad\[1\].u_bank_slice/g_bank\[0\].u_reduce/_0958_ has 257 pins which may impact routing performance. Consider optimization.
[WARNING DRT-0120] Large net u_b2_implementation/u_pcu/u_quad_datapath/g_quad\[1\].u_bank_slice/g_bank\[0\].u_reduce/_0959_ has 259 pins which may impact routing performance. Consider optimization.
[WARNING DRT-0120] Large net u_b2_implementation/u_pcu/u_quad_datapath/g_quad\[1\].u_bank_slice/g_bank\[0\].u_reduce/ctx_delay_q\[9\][0] has 130 pins which may impact routing performance. Consider optimization.
[WARNING DRT-0120] Large net u_b2_implementation/u_pcu/u_quad_datapath/g_quad\[1\].u_bank_slice/g_bank\[0\].u_reduce/input_fire has 523 pins which may impact routing performance. Consider optimization.
[WARNING DRT-0120] Large net u_b2_implementation/u_pcu/u_quad_datapath/g_quad\[1\].u_bank_slice/g_bank\[0\].u_reduce/slot_delay_q\[9\][1] has 130 pins which may impact routing performance. Consider optimization.
[WARNING DRT-0120] Large net u_b2_implementation/u_pcu/u_quad_datapath/g_quad\[1\].u_bank_slice/g_bank\[1\].u_apply/_02491_ has 147 pins which may impact routing performance. Consider optimization.
[WARNING DRT-0120] Large net u_b2_implementation/u_pcu/u_quad_datapath/g_quad\[1\].u_bank_slice/g_bank\[1\].u_apply/_02492_ has 147 pins which may impact routing performance. Consider optimization.
[WARNING DRT-0120] Large net u_b2_implementation/u_pcu/u_quad_datapath/g_quad\[1\].u_bank_slice/g_bank\[1\].u_apply/_02493_ has 147 pins which may impact routing performance. Consider optimization.
[WARNING DRT-0120] Large net u_b2_implementation/u_pcu/u_quad_datapath/g_quad\[1\].u_bank_slice/g_bank\[1\].u_apply/_02494_ has 147 pins which may impact routing performance. Consider optimization.
[WARNING DRT-0120] Large net u_b2_implementation/u_pcu/u_quad_datapath/g_quad\[1\].u_bank_slice/g_bank\[1\].u_apply/_02495_ has 147 pins which may impact routing performance. Consider optimization.
[WARNING DRT-0120] Large net u_b2_implementation/u_pcu/u_quad_datapath/g_quad\[1\].u_bank_slice/g_bank\[1\].u_apply/_02496_ has 147 pins which may impact routing performance. Consider optimization.
[WARNING DRT-0120] Large net u_b2_implementation/u_pcu/u_quad_datapath/g_quad\[1\].u_bank_slice/g_bank\[1\].u_apply/_02497_ has 147 pins which may impact routing performance. Consider optimization.
[WARNING DRT-0120] Large net u_b2_implementation/u_pcu/u_quad_datapath/g_quad\[1\].u_bank_slice/g_bank\[1\].u_apply/_02498_ has 147 pins which may impact routing performance. Consider optimization.
[WARNING DRT-0120] Large net u_b2_implementation/u_pcu/u_quad_datapath/g_quad\[1\].u_bank_slice/g_bank\[1\].u_apply/_02499_ has 147 pins which may impact routing performance. Consider optimization.
[WARNING DRT-0120] Large net u_b2_implementation/u_pcu/u_quad_datapath/g_quad\[1\].u_bank_slice/g_bank\[1\].u_apply/_02500_ has 147 pins which may impact routing performance. Consider optimization.
[WARNING DRT-0120] Large net u_b2_implementation/u_pcu/u_quad_datapath/g_quad\[1\].u_bank_slice/g_bank\[1\].u_apply/_02501_ has 147 pins which may impact routing performance. Consider optimization.
[WARNING DRT-0120] Large net u_b2_implementation/u_pcu/u_quad_datapath/g_quad\[1\].u_bank_slice/g_bank\[1\].u_apply/_02502_ has 147 pins which may impact routing performance. Consider optimization.
[WARNING DRT-0120] Large net u_b2_implementation/u_pcu/u_quad_datapath/g_quad\[1\].u_bank_slice/g_bank\[1\].u_apply/_02503_ has 147 pins which may impact routing performance. Consider optimization.
[WARNING DRT-0120] Large net u_b2_implementation/u_pcu/u_quad_datapath/g_quad\[1\].u_bank_slice/g_bank\[1\].u_apply/_02504_ has 147 pins which may impact routing performance. Consider optimization.
[WARNING DRT-0120] Large net u_b2_implementation/u_pcu/u_quad_datapath/g_quad\[1\].u_bank_slice/g_bank\[1\].u_apply/_02505_ has 147 pins which may impact routing performance. Consider optimization.
[WARNING DRT-0120] Large net u_b2_implementation/u_pcu/u_quad_datapath/g_quad\[1\].u_bank_slice/g_bank\[1\].u_apply/_02506_ has 147 pins which may impact routing performance. Consider optimization.
[WARNING DRT-0120] Large net u_b2_implementation/u_pcu/u_quad_datapath/g_quad\[1\].u_bank_slice/g_bank\[1\].u_apply/meta_inv_q[64] has 233 pins which may impact routing performance. Consider optimization.
[WARNING DRT-0120] Large net u_b2_implementation/u_pcu/u_quad_datapath/g_quad\[1\].u_bank_slice/g_bank\[1\].u_apply/meta_inv_q[65] has 249 pins which may impact routing performance. Consider optimization.
[WARNING DRT-0120] Large net u_b2_implementation/u_pcu/u_quad_datapath/g_quad\[1\].u_bank_slice/g_bank\[1\].u_apply/meta_inv_q[66] has 241 pins which may impact routing performance. Consider optimization.
[WARNING DRT-0120] Large net u_b2_implementation/u_pcu/u_quad_datapath/g_quad\[1\].u_bank_slice/g_bank\[1\].u_apply/meta_inv_q[67] has 241 pins which may impact routing performance. Consider optimization.
[WARNING DRT-0120] Large net u_b2_implementation/u_pcu/u_quad_datapath/g_quad\[1\].u_bank_slice/g_bank\[1\].u_apply/meta_inv_q[68] has 209 pins which may impact routing performance. Consider optimization.
[WARNING DRT-0120] Large net u_b2_implementation/u_pcu/u_quad_datapath/g_quad\[1\].u_bank_slice/g_bank\[1\].u_apply/meta_inv_q[69] has 209 pins which may impact routing performance. Consider optimization.
[WARNING DRT-0120] Large net u_b2_implementation/u_pcu/u_quad_datapath/g_quad\[1\].u_bank_slice/g_bank\[1\].u_apply/meta_inv_q[70] has 225 pins which may impact routing performance. Consider optimization.
[WARNING DRT-0120] Large net u_b2_implementation/u_pcu/u_quad_datapath/g_quad\[1\].u_bank_slice/g_bank\[1\].u_apply/meta_inv_q[71] has 209 pins which may impact routing performance. Consider optimization.
[WARNING DRT-0120] Large net u_b2_implementation/u_pcu/u_quad_datapath/g_quad\[1\].u_bank_slice/g_bank\[1\].u_apply/meta_inv_q[72] has 209 pins which may impact routing performance. Consider optimization.
[WARNING DRT-0120] Large net u_b2_implementation/u_pcu/u_quad_datapath/g_quad\[1\].u_bank_slice/g_bank\[1\].u_apply/meta_inv_q[73] has 297 pins which may impact routing performance. Consider optimization.
[WARNING DRT-0120] Large net u_b2_implementation/u_pcu/u_quad_datapath/g_quad\[1\].u_bank_slice/g_bank\[1\].u_apply/meta_inv_q[74] has 297 pins which may impact routing performance. Consider optimization.
[WARNING DRT-0120] Large net u_b2_implementation/u_pcu/u_quad_datapath/g_quad\[1\].u_bank_slice/g_bank\[1\].u_apply/meta_inv_q[75] has 289 pins which may impact routing performance. Consider optimization.
[WARNING DRT-0120] Large net u_b2_implementation/u_pcu/u_quad_datapath/g_quad\[1\].u_bank_slice/g_bank\[1\].u_apply/meta_inv_q[76] has 289 pins which may impact routing performance. Consider optimization.
[WARNING DRT-0120] Large net u_b2_implementation/u_pcu/u_quad_datapath/g_quad\[1\].u_bank_slice/g_bank\[1\].u_apply/meta_inv_q[77] has 209 pins which may impact routing performance. Consider optimization.
[WARNING DRT-0120] Large net u_b2_implementation/u_pcu/u_quad_datapath/g_quad\[1\].u_bank_slice/g_bank\[1\].u_apply/meta_inv_q[78] has 201 pins which may impact routing performance. Consider optimization.
[WARNING DRT-0120] Large net u_b2_implementation/u_pcu/u_quad_datapath/g_quad\[1\].u_bank_slice/g_bank\[1\].u_apply/meta_inv_q[79] has 217 pins which may impact routing performance. Consider optimization.
[WARNING DRT-0120] Large net u_b2_implementation/u_pcu/u_quad_datapath/g_quad\[1\].u_bank_slice/g_bank\[1\].u_apply/meta_inv_q[80] has 217 pins which may impact routing performance. Consider optimization.
[WARNING DRT-0120] Large net u_b2_implementation/u_pcu/u_quad_datapath/g_quad\[1\].u_bank_slice/g_bank\[1\].u_apply/meta_inv_q[81] has 217 pins which may impact routing performance. Consider optimization.
[WARNING DRT-0120] Large net u_b2_implementation/u_pcu/u_quad_datapath/g_quad\[1\].u_bank_slice/g_bank\[1\].u_apply/meta_inv_q[82] has 377 pins which may impact routing performance. Consider optimization.
[WARNING DRT-0120] Large net u_b2_implementation/u_pcu/u_quad_datapath/g_quad\[1\].u_bank_slice/g_bank\[1\].u_apply/meta_inv_q[83] has 321 pins which may impact routing performance. Consider optimization.
[WARNING DRT-0120] Large net u_b2_implementation/u_pcu/u_quad_datapath/g_quad\[1\].u_bank_slice/g_bank\[1\].u_apply/meta_inv_q[84] has 321 pins which may impact routing performance. Consider optimization.
[WARNING DRT-0120] Large net u_b2_implementation/u_pcu/u_quad_datapath/g_quad\[1\].u_bank_slice/g_bank\[1\].u_apply/meta_inv_q[85] has 209 pins which may impact routing performance. Consider optimization.
[WARNING DRT-0120] Large net u_b2_implementation/u_pcu/u_quad_datapath/g_quad\[1\].u_bank_slice/g_bank\[1\].u_apply/meta_inv_q[86] has 209 pins which may impact routing performance. Consider optimization.
[WARNING DRT-0120] Large net u_b2_implementation/u_pcu/u_quad_datapath/g_quad\[1\].u_bank_slice/g_bank\[1\].u_apply/meta_mode_q[8] has 257 pins which may impact routing performance. Consider optimization.
[WARNING DRT-0120] Large net u_b2_implementation/u_pcu/u_quad_datapath/g_quad\[1\].u_bank_slice/g_bank\[1\].u_apply/rd_ptr_q[0] has 583 pins which may impact routing performance. Consider optimization.
[WARNING DRT-0120] Large net u_b2_implementation/u_pcu/u_quad_datapath/g_quad\[1\].u_bank_slice/g_bank\[1\].u_apply/rd_ptr_q[1] has 173 pins which may impact routing performance. Consider optimization.
[WARNING DRT-0120] Large net u_b2_implementation/u_pcu/u_quad_datapath/g_quad\[1\].u_bank_slice/g_bank\[1\].u_apply/rd_ptr_q[2] has 583 pins which may impact routing performance. Consider optimization.
[WARNING DRT-0120] Large net u_b2_implementation/u_pcu/u_quad_datapath/g_quad\[1\].u_bank_slice/g_bank\[1\].u_apply/rd_ptr_q[3] has 171 pins which may impact routing performance. Consider optimization.
[WARNING DRT-0120] Large net u_b2_implementation/u_pcu/u_quad_datapath/g_quad\[1\].u_bank_slice/g_bank\[1\].u_apply/g_lane\[0\].un/_05114_ has 104 pins which may impact routing performance. Consider optimization.
[WARNING DRT-0120] Large net u_b2_implementation/u_pcu/u_quad_datapath/g_quad\[1\].u_bank_slice/g_bank\[1\].u_apply/g_lane\[0\].us/_05114_ has 104 pins which may impact routing performance. Consider optimization.
[WARNING DRT-0120] Large net u_b2_implementation/u_pcu/u_quad_datapath/g_quad\[1\].u_bank_slice/g_bank\[1\].u_apply/g_lane\[1\].un/_05114_ has 104 pins which may impact routing performance. Consider optimization.
[WARNING DRT-0120] Large net u_b2_implementation/u_pcu/u_quad_datapath/g_quad\[1\].u_bank_slice/g_bank\[1\].u_apply/g_lane\[1\].us/_05114_ has 104 pins which may impact routing performance. Consider optimization.
[WARNING DRT-0120] Large net u_b2_implementation/u_pcu/u_quad_datapath/g_quad\[1\].u_bank_slice/g_bank\[1\].u_apply/g_lane\[2\].un/_05114_ has 104 pins which may impact routing performance. Consider optimization.
[WARNING DRT-0120] Large net u_b2_implementation/u_pcu/u_quad_datapath/g_quad\[1\].u_bank_slice/g_bank\[1\].u_apply/g_lane\[2\].us/_05114_ has 104 pins which may impact routing performance. Consider optimization.
[WARNING DRT-0120] Large net u_b2_implementation/u_pcu/u_quad_datapath/g_quad\[1\].u_bank_slice/g_bank\[1\].u_apply/g_lane\[3\].un/_05114_ has 104 pins which may impact routing performance. Consider optimization.
[WARNING DRT-0120] Large net u_b2_implementation/u_pcu/u_quad_datapath/g_quad\[1\].u_bank_slice/g_bank\[1\].u_apply/g_lane\[3\].us/_05114_ has 104 pins which may impact routing performance. Consider optimization.
[WARNING DRT-0120] Large net u_b2_implementation/u_pcu/u_quad_datapath/g_quad\[1\].u_bank_slice/g_bank\[1\].u_apply/g_lane\[4\].un/_05114_ has 104 pins which may impact routing performance. Consider optimization.
[WARNING DRT-0120] Large net u_b2_implementation/u_pcu/u_quad_datapath/g_quad\[1\].u_bank_slice/g_bank\[1\].u_apply/g_lane\[4\].us/_05114_ has 104 pins which may impact routing performance. Consider optimization.
[WARNING DRT-0120] Large net u_b2_implementation/u_pcu/u_quad_datapath/g_quad\[1\].u_bank_slice/g_bank\[1\].u_apply/g_lane\[5\].un/_05114_ has 104 pins which may impact routing performance. Consider optimization.
[WARNING DRT-0120] Large net u_b2_implementation/u_pcu/u_quad_datapath/g_quad\[1\].u_bank_slice/g_bank\[1\].u_apply/g_lane\[5\].us/_05114_ has 104 pins which may impact routing performance. Consider optimization.
[WARNING DRT-0120] Large net u_b2_implementation/u_pcu/u_quad_datapath/g_quad\[1\].u_bank_slice/g_bank\[1\].u_apply/g_lane\[6\].un/_05114_ has 104 pins which may impact routing performance. Consider optimization.
[WARNING DRT-0120] Large net u_b2_implementation/u_pcu/u_quad_datapath/g_quad\[1\].u_bank_slice/g_bank\[1\].u_apply/g_lane\[6\].us/_05114_ has 104 pins which may impact routing performance. Consider optimization.
[WARNING DRT-0120] Large net u_b2_implementation/u_pcu/u_quad_datapath/g_quad\[1\].u_bank_slice/g_bank\[1\].u_apply/g_lane\[7\].un/_05114_ has 104 pins which may impact routing performance. Consider optimization.
[WARNING DRT-0120] Large net u_b2_implementation/u_pcu/u_quad_datapath/g_quad\[1\].u_bank_slice/g_bank\[1\].u_apply/g_lane\[7\].us/_05114_ has 104 pins which may impact routing performance. Consider optimization.
[WARNING DRT-0120] Large net u_b2_implementation/u_pcu/u_quad_datapath/g_quad\[1\].u_bank_slice/g_bank\[1\].u_reduce/_0760_ has 534 pins which may impact routing performance. Consider optimization.
[WARNING DRT-0120] Large net u_b2_implementation/u_pcu/u_quad_datapath/g_quad\[1\].u_bank_slice/g_bank\[1\].u_reduce/_0791_ has 215 pins which may impact routing performance. Consider optimization.
[WARNING DRT-0120] Large net u_b2_implementation/u_pcu/u_quad_datapath/g_quad\[1\].u_bank_slice/g_bank\[1\].u_reduce/_0812_ has 213 pins which may impact routing performance. Consider optimization.
[WARNING DRT-0120] Large net u_b2_implementation/u_pcu/u_quad_datapath/g_quad\[1\].u_bank_slice/g_bank\[1\].u_reduce/_0818_ has 132 pins which may impact routing performance. Consider optimization.
[WARNING DRT-0120] Large net u_b2_implementation/u_pcu/u_quad_datapath/g_quad\[1\].u_bank_slice/g_bank\[1\].u_reduce/_0819_ has 132 pins which may impact routing performance. Consider optimization.
[WARNING DRT-0120] Large net u_b2_implementation/u_pcu/u_quad_datapath/g_quad\[1\].u_bank_slice/g_bank\[1\].u_reduce/_0821_ has 132 pins which may impact routing performance. Consider optimization.
[WARNING DRT-0120] Large net u_b2_implementation/u_pcu/u_quad_datapath/g_quad\[1\].u_bank_slice/g_bank\[1\].u_reduce/_0829_ has 129 pins which may impact routing performance. Consider optimization.
[WARNING DRT-0120] Large net u_b2_implementation/u_pcu/u_quad_datapath/g_quad\[1\].u_bank_slice/g_bank\[1\].u_reduce/_0958_ has 257 pins which may impact routing performance. Consider optimization.
[WARNING DRT-0120] Large net u_b2_implementation/u_pcu/u_quad_datapath/g_quad\[1\].u_bank_slice/g_bank\[1\].u_reduce/_0959_ has 259 pins which may impact routing performance. Consider optimization.
[WARNING DRT-0120] Large net u_b2_implementation/u_pcu/u_quad_datapath/g_quad\[1\].u_bank_slice/g_bank\[1\].u_reduce/ctx_delay_q\[9\][0] has 130 pins which may impact routing performance. Consider optimization.
[WARNING DRT-0120] Large net u_b2_implementation/u_pcu/u_quad_datapath/g_quad\[1\].u_bank_slice/g_bank\[1\].u_reduce/input_fire has 523 pins which may impact routing performance. Consider optimization.
[WARNING DRT-0120] Large net u_b2_implementation/u_pcu/u_quad_datapath/g_quad\[1\].u_bank_slice/g_bank\[1\].u_reduce/slot_delay_q\[9\][1] has 130 pins which may impact routing performance. Consider optimization.
[WARNING DRT-0120] Large net u_b2_implementation/u_pcu/u_quad_datapath/g_quad\[1\].u_bank_slice/g_bank\[2\].u_apply/_02491_ has 147 pins which may impact routing performance. Consider optimization.
[WARNING DRT-0120] Large net u_b2_implementation/u_pcu/u_quad_datapath/g_quad\[1\].u_bank_slice/g_bank\[2\].u_apply/_02492_ has 147 pins which may impact routing performance. Consider optimization.
[WARNING DRT-0120] Large net u_b2_implementation/u_pcu/u_quad_datapath/g_quad\[1\].u_bank_slice/g_bank\[2\].u_apply/_02493_ has 147 pins which may impact routing performance. Consider optimization.
[WARNING DRT-0120] Large net u_b2_implementation/u_pcu/u_quad_datapath/g_quad\[1\].u_bank_slice/g_bank\[2\].u_apply/_02494_ has 147 pins which may impact routing performance. Consider optimization.
[WARNING DRT-0120] Large net u_b2_implementation/u_pcu/u_quad_datapath/g_quad\[1\].u_bank_slice/g_bank\[2\].u_apply/_02495_ has 147 pins which may impact routing performance. Consider optimization.
[WARNING DRT-0120] Large net u_b2_implementation/u_pcu/u_quad_datapath/g_quad\[1\].u_bank_slice/g_bank\[2\].u_apply/_02496_ has 147 pins which may impact routing performance. Consider optimization.
[WARNING DRT-0120] Large net u_b2_implementation/u_pcu/u_quad_datapath/g_quad\[1\].u_bank_slice/g_bank\[2\].u_apply/_02497_ has 147 pins which may impact routing performance. Consider optimization.
[WARNING DRT-0120] Large net u_b2_implementation/u_pcu/u_quad_datapath/g_quad\[1\].u_bank_slice/g_bank\[2\].u_apply/_02498_ has 147 pins which may impact routing performance. Consider optimization.
[WARNING DRT-0120] Large net u_b2_implementation/u_pcu/u_quad_datapath/g_quad\[1\].u_bank_slice/g_bank\[2\].u_apply/_02499_ has 147 pins which may impact routing performance. Consider optimization.
[WARNING DRT-0120] Large net u_b2_implementation/u_pcu/u_quad_datapath/g_quad\[1\].u_bank_slice/g_bank\[2\].u_apply/_02500_ has 147 pins which may impact routing performance. Consider optimization.
[WARNING DRT-0120] Large net u_b2_implementation/u_pcu/u_quad_datapath/g_quad\[1\].u_bank_slice/g_bank\[2\].u_apply/_02501_ has 147 pins which may impact routing performance. Consider optimization.
[WARNING DRT-0120] Large net u_b2_implementation/u_pcu/u_quad_datapath/g_quad\[1\].u_bank_slice/g_bank\[2\].u_apply/_02502_ has 147 pins which may impact routing performance. Consider optimization.
[WARNING DRT-0120] Large net u_b2_implementation/u_pcu/u_quad_datapath/g_quad\[1\].u_bank_slice/g_bank\[2\].u_apply/_02503_ has 147 pins which may impact routing performance. Consider optimization.
[WARNING DRT-0120] Large net u_b2_implementation/u_pcu/u_quad_datapath/g_quad\[1\].u_bank_slice/g_bank\[2\].u_apply/_02504_ has 147 pins which may impact routing performance. Consider optimization.
[WARNING DRT-0120] Large net u_b2_implementation/u_pcu/u_quad_datapath/g_quad\[1\].u_bank_slice/g_bank\[2\].u_apply/_02505_ has 147 pins which may impact routing performance. Consider optimization.
[WARNING DRT-0120] Large net u_b2_implementation/u_pcu/u_quad_datapath/g_quad\[1\].u_bank_slice/g_bank\[2\].u_apply/_02506_ has 147 pins which may impact routing performance. Consider optimization.
[WARNING DRT-0120] Large net u_b2_implementation/u_pcu/u_quad_datapath/g_quad\[1\].u_bank_slice/g_bank\[2\].u_apply/meta_inv_q[64] has 233 pins which may impact routing performance. Consider optimization.
[WARNING DRT-0120] Large net u_b2_implementation/u_pcu/u_quad_datapath/g_quad\[1\].u_bank_slice/g_bank\[2\].u_apply/meta_inv_q[65] has 249 pins which may impact routing performance. Consider optimization.
[WARNING DRT-0120] Large net u_b2_implementation/u_pcu/u_quad_datapath/g_quad\[1\].u_bank_slice/g_bank\[2\].u_apply/meta_inv_q[66] has 241 pins which may impact routing performance. Consider optimization.
[WARNING DRT-0120] Large net u_b2_implementation/u_pcu/u_quad_datapath/g_quad\[1\].u_bank_slice/g_bank\[2\].u_apply/meta_inv_q[67] has 241 pins which may impact routing performance. Consider optimization.
[WARNING DRT-0120] Large net u_b2_implementation/u_pcu/u_quad_datapath/g_quad\[1\].u_bank_slice/g_bank\[2\].u_apply/meta_inv_q[68] has 209 pins which may impact routing performance. Consider optimization.
[WARNING DRT-0120] Large net u_b2_implementation/u_pcu/u_quad_datapath/g_quad\[1\].u_bank_slice/g_bank\[2\].u_apply/meta_inv_q[69] has 209 pins which may impact routing performance. Consider optimization.
[WARNING DRT-0120] Large net u_b2_implementation/u_pcu/u_quad_datapath/g_quad\[1\].u_bank_slice/g_bank\[2\].u_apply/meta_inv_q[70] has 225 pins which may impact routing performance. Consider optimization.
[WARNING DRT-0120] Large net u_b2_implementation/u_pcu/u_quad_datapath/g_quad\[1\].u_bank_slice/g_bank\[2\].u_apply/meta_inv_q[71] has 209 pins which may impact routing performance. Consider optimization.
[WARNING DRT-0120] Large net u_b2_implementation/u_pcu/u_quad_datapath/g_quad\[1\].u_bank_slice/g_bank\[2\].u_apply/meta_inv_q[72] has 209 pins which may impact routing performance. Consider optimization.
[WARNING DRT-0120] Large net u_b2_implementation/u_pcu/u_quad_datapath/g_quad\[1\].u_bank_slice/g_bank\[2\].u_apply/meta_inv_q[73] has 297 pins which may impact routing performance. Consider optimization.
[WARNING DRT-0120] Large net u_b2_implementation/u_pcu/u_quad_datapath/g_quad\[1\].u_bank_slice/g_bank\[2\].u_apply/meta_inv_q[74] has 297 pins which may impact routing performance. Consider optimization.
[WARNING DRT-0120] Large net u_b2_implementation/u_pcu/u_quad_datapath/g_quad\[1\].u_bank_slice/g_bank\[2\].u_apply/meta_inv_q[75] has 289 pins which may impact routing performance. Consider optimization.
[WARNING DRT-0120] Large net u_b2_implementation/u_pcu/u_quad_datapath/g_quad\[1\].u_bank_slice/g_bank\[2\].u_apply/meta_inv_q[76] has 289 pins which may impact routing performance. Consider optimization.
[WARNING DRT-0120] Large net u_b2_implementation/u_pcu/u_quad_datapath/g_quad\[1\].u_bank_slice/g_bank\[2\].u_apply/meta_inv_q[77] has 209 pins which may impact routing performance. Consider optimization.
[WARNING DRT-0120] Large net u_b2_implementation/u_pcu/u_quad_datapath/g_quad\[1\].u_bank_slice/g_bank\[2\].u_apply/meta_inv_q[78] has 201 pins which may impact routing performance. Consider optimization.
[WARNING DRT-0120] Large net u_b2_implementation/u_pcu/u_quad_datapath/g_quad\[1\].u_bank_slice/g_bank\[2\].u_apply/meta_inv_q[79] has 217 pins which may impact routing performance. Consider optimization.
[WARNING DRT-0120] Large net u_b2_implementation/u_pcu/u_quad_datapath/g_quad\[1\].u_bank_slice/g_bank\[2\].u_apply/meta_inv_q[80] has 217 pins which may impact routing performance. Consider optimization.
[WARNING DRT-0120] Large net u_b2_implementation/u_pcu/u_quad_datapath/g_quad\[1\].u_bank_slice/g_bank\[2\].u_apply/meta_inv_q[81] has 217 pins which may impact routing performance. Consider optimization.
[WARNING DRT-0120] Large net u_b2_implementation/u_pcu/u_quad_datapath/g_quad\[1\].u_bank_slice/g_bank\[2\].u_apply/meta_inv_q[82] has 377 pins which may impact routing performance. Consider optimization.
[WARNING DRT-0120] Large net u_b2_implementation/u_pcu/u_quad_datapath/g_quad\[1\].u_bank_slice/g_bank\[2\].u_apply/meta_inv_q[83] has 321 pins which may impact routing performance. Consider optimization.
[WARNING DRT-0120] Large net u_b2_implementation/u_pcu/u_quad_datapath/g_quad\[1\].u_bank_slice/g_bank\[2\].u_apply/meta_inv_q[84] has 321 pins which may impact routing performance. Consider optimization.
[WARNING DRT-0120] Large net u_b2_implementation/u_pcu/u_quad_datapath/g_quad\[1\].u_bank_slice/g_bank\[2\].u_apply/meta_inv_q[85] has 209 pins which may impact routing performance. Consider optimization.
[WARNING DRT-0120] Large net u_b2_implementation/u_pcu/u_quad_datapath/g_quad\[1\].u_bank_slice/g_bank\[2\].u_apply/meta_inv_q[86] has 209 pins which may impact routing performance. Consider optimization.
[WARNING DRT-0120] Large net u_b2_implementation/u_pcu/u_quad_datapath/g_quad\[1\].u_bank_slice/g_bank\[2\].u_apply/meta_mode_q[8] has 257 pins which may impact routing performance. Consider optimization.
[WARNING DRT-0120] Large net u_b2_implementation/u_pcu/u_quad_datapath/g_quad\[1\].u_bank_slice/g_bank\[2\].u_apply/rd_ptr_q[0] has 583 pins which may impact routing performance. Consider optimization.
[WARNING DRT-0120] Large net u_b2_implementation/u_pcu/u_quad_datapath/g_quad\[1\].u_bank_slice/g_bank\[2\].u_apply/rd_ptr_q[1] has 173 pins which may impact routing performance. Consider optimization.
[WARNING DRT-0120] Large net u_b2_implementation/u_pcu/u_quad_datapath/g_quad\[1\].u_bank_slice/g_bank\[2\].u_apply/rd_ptr_q[2] has 583 pins which may impact routing performance. Consider optimization.
[WARNING DRT-0120] Large net u_b2_implementation/u_pcu/u_quad_datapath/g_quad\[1\].u_bank_slice/g_bank\[2\].u_apply/rd_ptr_q[3] has 171 pins which may impact routing performance. Consider optimization.
[WARNING DRT-0120] Large net u_b2_implementation/u_pcu/u_quad_datapath/g_quad\[1\].u_bank_slice/g_bank\[2\].u_apply/g_lane\[0\].un/_05114_ has 104 pins which may impact routing performance. Consider optimization.
[WARNING DRT-0120] Large net u_b2_implementation/u_pcu/u_quad_datapath/g_quad\[1\].u_bank_slice/g_bank\[2\].u_apply/g_lane\[0\].us/_05114_ has 104 pins which may impact routing performance. Consider optimization.
[WARNING DRT-0120] Large net u_b2_implementation/u_pcu/u_quad_datapath/g_quad\[1\].u_bank_slice/g_bank\[2\].u_apply/g_lane\[1\].un/_05114_ has 104 pins which may impact routing performance. Consider optimization.
[WARNING DRT-0120] Large net u_b2_implementation/u_pcu/u_quad_datapath/g_quad\[1\].u_bank_slice/g_bank\[2\].u_apply/g_lane\[1\].us/_05114_ has 104 pins which may impact routing performance. Consider optimization.
[WARNING DRT-0120] Large net u_b2_implementation/u_pcu/u_quad_datapath/g_quad\[1\].u_bank_slice/g_bank\[2\].u_apply/g_lane\[2\].un/_05114_ has 104 pins which may impact routing performance. Consider optimization.
[WARNING DRT-0120] Large net u_b2_implementation/u_pcu/u_quad_datapath/g_quad\[1\].u_bank_slice/g_bank\[2\].u_apply/g_lane\[2\].us/_05114_ has 104 pins which may impact routing performance. Consider optimization.
[WARNING DRT-0120] Large net u_b2_implementation/u_pcu/u_quad_datapath/g_quad\[1\].u_bank_slice/g_bank\[2\].u_apply/g_lane\[3\].un/_05114_ has 104 pins which may impact routing performance. Consider optimization.
[WARNING DRT-0120] Large net u_b2_implementation/u_pcu/u_quad_datapath/g_quad\[1\].u_bank_slice/g_bank\[2\].u_apply/g_lane\[3\].us/_05114_ has 104 pins which may impact routing performance. Consider optimization.
[WARNING DRT-0120] Large net u_b2_implementation/u_pcu/u_quad_datapath/g_quad\[1\].u_bank_slice/g_bank\[2\].u_apply/g_lane\[4\].un/_05114_ has 104 pins which may impact routing performance. Consider optimization.
[WARNING DRT-0120] Large net u_b2_implementation/u_pcu/u_quad_datapath/g_quad\[1\].u_bank_slice/g_bank\[2\].u_apply/g_lane\[4\].us/_05114_ has 104 pins which may impact routing performance. Consider optimization.
[WARNING DRT-0120] Large net u_b2_implementation/u_pcu/u_quad_datapath/g_quad\[1\].u_bank_slice/g_bank\[2\].u_apply/g_lane\[5\].un/_05114_ has 104 pins which may impact routing performance. Consider optimization.
[WARNING DRT-0120] Large net u_b2_implementation/u_pcu/u_quad_datapath/g_quad\[1\].u_bank_slice/g_bank\[2\].u_apply/g_lane\[5\].us/_05114_ has 104 pins which may impact routing performance. Consider optimization.
[WARNING DRT-0120] Large net u_b2_implementation/u_pcu/u_quad_datapath/g_quad\[1\].u_bank_slice/g_bank\[2\].u_apply/g_lane\[6\].un/_05114_ has 104 pins which may impact routing performance. Consider optimization.
[WARNING DRT-0120] Large net u_b2_implementation/u_pcu/u_quad_datapath/g_quad\[1\].u_bank_slice/g_bank\[2\].u_apply/g_lane\[6\].us/_05114_ has 104 pins which may impact routing performance. Consider optimization.
[WARNING DRT-0120] Large net u_b2_implementation/u_pcu/u_quad_datapath/g_quad\[1\].u_bank_slice/g_bank\[2\].u_apply/g_lane\[7\].un/_05114_ has 104 pins which may impact routing performance. Consider optimization.
[WARNING DRT-0120] Large net u_b2_implementation/u_pcu/u_quad_datapath/g_quad\[1\].u_bank_slice/g_bank\[2\].u_apply/g_lane\[7\].us/_05114_ has 104 pins which may impact routing performance. Consider optimization.
[WARNING DRT-0120] Large net u_b2_implementation/u_pcu/u_quad_datapath/g_quad\[1\].u_bank_slice/g_bank\[2\].u_reduce/_0760_ has 534 pins which may impact routing performance. Consider optimization.
[WARNING DRT-0120] Large net u_b2_implementation/u_pcu/u_quad_datapath/g_quad\[1\].u_bank_slice/g_bank\[2\].u_reduce/_0791_ has 212 pins which may impact routing performance. Consider optimization.
[WARNING DRT-0120] Large net u_b2_implementation/u_pcu/u_quad_datapath/g_quad\[1\].u_bank_slice/g_bank\[2\].u_reduce/_0812_ has 213 pins which may impact routing performance. Consider optimization.
[WARNING DRT-0120] Large net u_b2_implementation/u_pcu/u_quad_datapath/g_quad\[1\].u_bank_slice/g_bank\[2\].u_reduce/_0818_ has 131 pins which may impact routing performance. Consider optimization.
[WARNING DRT-0120] Large net u_b2_implementation/u_pcu/u_quad_datapath/g_quad\[1\].u_bank_slice/g_bank\[2\].u_reduce/_0819_ has 131 pins which may impact routing performance. Consider optimization.
[WARNING DRT-0120] Large net u_b2_implementation/u_pcu/u_quad_datapath/g_quad\[1\].u_bank_slice/g_bank\[2\].u_reduce/_0821_ has 131 pins which may impact routing performance. Consider optimization.
[WARNING DRT-0120] Large net u_b2_implementation/u_pcu/u_quad_datapath/g_quad\[1\].u_bank_slice/g_bank\[2\].u_reduce/_0829_ has 129 pins which may impact routing performance. Consider optimization.
[WARNING DRT-0120] Large net u_b2_implementation/u_pcu/u_quad_datapath/g_quad\[1\].u_bank_slice/g_bank\[2\].u_reduce/_0958_ has 257 pins which may impact routing performance. Consider optimization.
[WARNING DRT-0120] Large net u_b2_implementation/u_pcu/u_quad_datapath/g_quad\[1\].u_bank_slice/g_bank\[2\].u_reduce/_0959_ has 259 pins which may impact routing performance. Consider optimization.
[WARNING DRT-0120] Large net u_b2_implementation/u_pcu/u_quad_datapath/g_quad\[1\].u_bank_slice/g_bank\[2\].u_reduce/ctx_delay_q\[9\][0] has 130 pins which may impact routing performance. Consider optimization.
[WARNING DRT-0120] Large net u_b2_implementation/u_pcu/u_quad_datapath/g_quad\[1\].u_bank_slice/g_bank\[2\].u_reduce/input_fire has 523 pins which may impact routing performance. Consider optimization.
[WARNING DRT-0120] Large net u_b2_implementation/u_pcu/u_quad_datapath/g_quad\[1\].u_bank_slice/g_bank\[2\].u_reduce/slot_delay_q\[9\][1] has 130 pins which may impact routing performance. Consider optimization.
[WARNING DRT-0120] Large net u_b2_implementation/u_pcu/u_quad_datapath/g_quad\[1\].u_bank_slice/g_bank\[3\].u_apply/_02491_ has 147 pins which may impact routing performance. Consider optimization.
[WARNING DRT-0120] Large net u_b2_implementation/u_pcu/u_quad_datapath/g_quad\[1\].u_bank_slice/g_bank\[3\].u_apply/_02492_ has 147 pins which may impact routing performance. Consider optimization.
[WARNING DRT-0120] Large net u_b2_implementation/u_pcu/u_quad_datapath/g_quad\[1\].u_bank_slice/g_bank\[3\].u_apply/_02493_ has 147 pins which may impact routing performance. Consider optimization.
[WARNING DRT-0120] Large net u_b2_implementation/u_pcu/u_quad_datapath/g_quad\[1\].u_bank_slice/g_bank\[3\].u_apply/_02494_ has 147 pins which may impact routing performance. Consider optimization.
[WARNING DRT-0120] Large net u_b2_implementation/u_pcu/u_quad_datapath/g_quad\[1\].u_bank_slice/g_bank\[3\].u_apply/_02495_ has 147 pins which may impact routing performance. Consider optimization.
[WARNING DRT-0120] Large net u_b2_implementation/u_pcu/u_quad_datapath/g_quad\[1\].u_bank_slice/g_bank\[3\].u_apply/_02496_ has 147 pins which may impact routing performance. Consider optimization.
[WARNING DRT-0120] Large net u_b2_implementation/u_pcu/u_quad_datapath/g_quad\[1\].u_bank_slice/g_bank\[3\].u_apply/_02497_ has 147 pins which may impact routing performance. Consider optimization.
[WARNING DRT-0120] Large net u_b2_implementation/u_pcu/u_quad_datapath/g_quad\[1\].u_bank_slice/g_bank\[3\].u_apply/_02498_ has 147 pins which may impact routing performance. Consider optimization.
[WARNING DRT-0120] Large net u_b2_implementation/u_pcu/u_quad_datapath/g_quad\[1\].u_bank_slice/g_bank\[3\].u_apply/_02499_ has 147 pins which may impact routing performance. Consider optimization.
[WARNING DRT-0120] Large net u_b2_implementation/u_pcu/u_quad_datapath/g_quad\[1\].u_bank_slice/g_bank\[3\].u_apply/_02500_ has 147 pins which may impact routing performance. Consider optimization.
[WARNING DRT-0120] Large net u_b2_implementation/u_pcu/u_quad_datapath/g_quad\[1\].u_bank_slice/g_bank\[3\].u_apply/_02501_ has 147 pins which may impact routing performance. Consider optimization.
[WARNING DRT-0120] Large net u_b2_implementation/u_pcu/u_quad_datapath/g_quad\[1\].u_bank_slice/g_bank\[3\].u_apply/_02502_ has 147 pins which may impact routing performance. Consider optimization.
[WARNING DRT-0120] Large net u_b2_implementation/u_pcu/u_quad_datapath/g_quad\[1\].u_bank_slice/g_bank\[3\].u_apply/_02503_ has 147 pins which may impact routing performance. Consider optimization.
[WARNING DRT-0120] Large net u_b2_implementation/u_pcu/u_quad_datapath/g_quad\[1\].u_bank_slice/g_bank\[3\].u_apply/_02504_ has 147 pins which may impact routing performance. Consider optimization.
[WARNING DRT-0120] Large net u_b2_implementation/u_pcu/u_quad_datapath/g_quad\[1\].u_bank_slice/g_bank\[3\].u_apply/_02505_ has 147 pins which may impact routing performance. Consider optimization.
[WARNING DRT-0120] Large net u_b2_implementation/u_pcu/u_quad_datapath/g_quad\[1\].u_bank_slice/g_bank\[3\].u_apply/_02506_ has 147 pins which may impact routing performance. Consider optimization.
[WARNING DRT-0120] Large net u_b2_implementation/u_pcu/u_quad_datapath/g_quad\[1\].u_bank_slice/g_bank\[3\].u_apply/meta_inv_q[64] has 233 pins which may impact routing performance. Consider optimization.
[WARNING DRT-0120] Large net u_b2_implementation/u_pcu/u_quad_datapath/g_quad\[1\].u_bank_slice/g_bank\[3\].u_apply/meta_inv_q[65] has 249 pins which may impact routing performance. Consider optimization.
[WARNING DRT-0120] Large net u_b2_implementation/u_pcu/u_quad_datapath/g_quad\[1\].u_bank_slice/g_bank\[3\].u_apply/meta_inv_q[66] has 241 pins which may impact routing performance. Consider optimization.
[WARNING DRT-0120] Large net u_b2_implementation/u_pcu/u_quad_datapath/g_quad\[1\].u_bank_slice/g_bank\[3\].u_apply/meta_inv_q[67] has 241 pins which may impact routing performance. Consider optimization.
[WARNING DRT-0120] Large net u_b2_implementation/u_pcu/u_quad_datapath/g_quad\[1\].u_bank_slice/g_bank\[3\].u_apply/meta_inv_q[68] has 209 pins which may impact routing performance. Consider optimization.
[WARNING DRT-0120] Large net u_b2_implementation/u_pcu/u_quad_datapath/g_quad\[1\].u_bank_slice/g_bank\[3\].u_apply/meta_inv_q[69] has 209 pins which may impact routing performance. Consider optimization.
[WARNING DRT-0120] Large net u_b2_implementation/u_pcu/u_quad_datapath/g_quad\[1\].u_bank_slice/g_bank\[3\].u_apply/meta_inv_q[70] has 225 pins which may impact routing performance. Consider optimization.
[WARNING DRT-0120] Large net u_b2_implementation/u_pcu/u_quad_datapath/g_quad\[1\].u_bank_slice/g_bank\[3\].u_apply/meta_inv_q[71] has 209 pins which may impact routing performance. Consider optimization.
[WARNING DRT-0120] Large net u_b2_implementation/u_pcu/u_quad_datapath/g_quad\[1\].u_bank_slice/g_bank\[3\].u_apply/meta_inv_q[72] has 209 pins which may impact routing performance. Consider optimization.
[WARNING DRT-0120] Large net u_b2_implementation/u_pcu/u_quad_datapath/g_quad\[1\].u_bank_slice/g_bank\[3\].u_apply/meta_inv_q[73] has 297 pins which may impact routing performance. Consider optimization.
[WARNING DRT-0120] Large net u_b2_implementation/u_pcu/u_quad_datapath/g_quad\[1\].u_bank_slice/g_bank\[3\].u_apply/meta_inv_q[74] has 297 pins which may impact routing performance. Consider optimization.
[WARNING DRT-0120] Large net u_b2_implementation/u_pcu/u_quad_datapath/g_quad\[1\].u_bank_slice/g_bank\[3\].u_apply/meta_inv_q[75] has 289 pins which may impact routing performance. Consider optimization.
[WARNING DRT-0120] Large net u_b2_implementation/u_pcu/u_quad_datapath/g_quad\[1\].u_bank_slice/g_bank\[3\].u_apply/meta_inv_q[76] has 289 pins which may impact routing performance. Consider optimization.
[WARNING DRT-0120] Large net u_b2_implementation/u_pcu/u_quad_datapath/g_quad\[1\].u_bank_slice/g_bank\[3\].u_apply/meta_inv_q[77] has 209 pins which may impact routing performance. Consider optimization.
[WARNING DRT-0120] Large net u_b2_implementation/u_pcu/u_quad_datapath/g_quad\[1\].u_bank_slice/g_bank\[3\].u_apply/meta_inv_q[78] has 201 pins which may impact routing performance. Consider optimization.
[WARNING DRT-0120] Large net u_b2_implementation/u_pcu/u_quad_datapath/g_quad\[1\].u_bank_slice/g_bank\[3\].u_apply/meta_inv_q[79] has 217 pins which may impact routing performance. Consider optimization.
[WARNING DRT-0120] Large net u_b2_implementation/u_pcu/u_quad_datapath/g_quad\[1\].u_bank_slice/g_bank\[3\].u_apply/meta_inv_q[80] has 217 pins which may impact routing performance. Consider optimization.
[WARNING DRT-0120] Large net u_b2_implementation/u_pcu/u_quad_datapath/g_quad\[1\].u_bank_slice/g_bank\[3\].u_apply/meta_inv_q[81] has 217 pins which may impact routing performance. Consider optimization.
[WARNING DRT-0120] Large net u_b2_implementation/u_pcu/u_quad_datapath/g_quad\[1\].u_bank_slice/g_bank\[3\].u_apply/meta_inv_q[82] has 377 pins which may impact routing performance. Consider optimization.
[WARNING DRT-0120] Large net u_b2_implementation/u_pcu/u_quad_datapath/g_quad\[1\].u_bank_slice/g_bank\[3\].u_apply/meta_inv_q[83] has 321 pins which may impact routing performance. Consider optimization.
[WARNING DRT-0120] Large net u_b2_implementation/u_pcu/u_quad_datapath/g_quad\[1\].u_bank_slice/g_bank\[3\].u_apply/meta_inv_q[84] has 321 pins which may impact routing performance. Consider optimization.
[WARNING DRT-0120] Large net u_b2_implementation/u_pcu/u_quad_datapath/g_quad\[1\].u_bank_slice/g_bank\[3\].u_apply/meta_inv_q[85] has 209 pins which may impact routing performance. Consider optimization.
[WARNING DRT-0120] Large net u_b2_implementation/u_pcu/u_quad_datapath/g_quad\[1\].u_bank_slice/g_bank\[3\].u_apply/meta_inv_q[86] has 209 pins which may impact routing performance. Consider optimization.
[WARNING DRT-0120] Large net u_b2_implementation/u_pcu/u_quad_datapath/g_quad\[1\].u_bank_slice/g_bank\[3\].u_apply/meta_mode_q[8] has 257 pins which may impact routing performance. Consider optimization.
[WARNING DRT-0120] Large net u_b2_implementation/u_pcu/u_quad_datapath/g_quad\[1\].u_bank_slice/g_bank\[3\].u_apply/rd_ptr_q[0] has 583 pins which may impact routing performance. Consider optimization.
[WARNING DRT-0120] Large net u_b2_implementation/u_pcu/u_quad_datapath/g_quad\[1\].u_bank_slice/g_bank\[3\].u_apply/rd_ptr_q[1] has 173 pins which may impact routing performance. Consider optimization.
[WARNING DRT-0120] Large net u_b2_implementation/u_pcu/u_quad_datapath/g_quad\[1\].u_bank_slice/g_bank\[3\].u_apply/rd_ptr_q[2] has 583 pins which may impact routing performance. Consider optimization.
[WARNING DRT-0120] Large net u_b2_implementation/u_pcu/u_quad_datapath/g_quad\[1\].u_bank_slice/g_bank\[3\].u_apply/rd_ptr_q[3] has 171 pins which may impact routing performance. Consider optimization.
[WARNING DRT-0120] Large net u_b2_implementation/u_pcu/u_quad_datapath/g_quad\[1\].u_bank_slice/g_bank\[3\].u_apply/g_lane\[0\].un/_05114_ has 104 pins which may impact routing performance. Consider optimization.
[WARNING DRT-0120] Large net u_b2_implementation/u_pcu/u_quad_datapath/g_quad\[1\].u_bank_slice/g_bank\[3\].u_apply/g_lane\[0\].us/_05114_ has 104 pins which may impact routing performance. Consider optimization.
[WARNING DRT-0120] Large net u_b2_implementation/u_pcu/u_quad_datapath/g_quad\[1\].u_bank_slice/g_bank\[3\].u_apply/g_lane\[1\].un/_05114_ has 104 pins which may impact routing performance. Consider optimization.
[WARNING DRT-0120] Large net u_b2_implementation/u_pcu/u_quad_datapath/g_quad\[1\].u_bank_slice/g_bank\[3\].u_apply/g_lane\[1\].us/_05114_ has 104 pins which may impact routing performance. Consider optimization.
[WARNING DRT-0120] Large net u_b2_implementation/u_pcu/u_quad_datapath/g_quad\[1\].u_bank_slice/g_bank\[3\].u_apply/g_lane\[2\].un/_05114_ has 104 pins which may impact routing performance. Consider optimization.
[WARNING DRT-0120] Large net u_b2_implementation/u_pcu/u_quad_datapath/g_quad\[1\].u_bank_slice/g_bank\[3\].u_apply/g_lane\[2\].us/_05114_ has 104 pins which may impact routing performance. Consider optimization.
[WARNING DRT-0120] Large net u_b2_implementation/u_pcu/u_quad_datapath/g_quad\[1\].u_bank_slice/g_bank\[3\].u_apply/g_lane\[3\].un/_05114_ has 104 pins which may impact routing performance. Consider optimization.
[WARNING DRT-0120] Large net u_b2_implementation/u_pcu/u_quad_datapath/g_quad\[1\].u_bank_slice/g_bank\[3\].u_apply/g_lane\[3\].us/_05114_ has 104 pins which may impact routing performance. Consider optimization.
[WARNING DRT-0120] Large net u_b2_implementation/u_pcu/u_quad_datapath/g_quad\[1\].u_bank_slice/g_bank\[3\].u_apply/g_lane\[4\].un/_05114_ has 104 pins which may impact routing performance. Consider optimization.
[WARNING DRT-0120] Large net u_b2_implementation/u_pcu/u_quad_datapath/g_quad\[1\].u_bank_slice/g_bank\[3\].u_apply/g_lane\[4\].us/_05114_ has 104 pins which may impact routing performance. Consider optimization.
[WARNING DRT-0120] Large net u_b2_implementation/u_pcu/u_quad_datapath/g_quad\[1\].u_bank_slice/g_bank\[3\].u_apply/g_lane\[5\].un/_05114_ has 104 pins which may impact routing performance. Consider optimization.
[WARNING DRT-0120] Large net u_b2_implementation/u_pcu/u_quad_datapath/g_quad\[1\].u_bank_slice/g_bank\[3\].u_apply/g_lane\[5\].us/_05114_ has 104 pins which may impact routing performance. Consider optimization.
[WARNING DRT-0120] Large net u_b2_implementation/u_pcu/u_quad_datapath/g_quad\[1\].u_bank_slice/g_bank\[3\].u_apply/g_lane\[6\].un/_05114_ has 104 pins which may impact routing performance. Consider optimization.
[WARNING DRT-0120] Large net u_b2_implementation/u_pcu/u_quad_datapath/g_quad\[1\].u_bank_slice/g_bank\[3\].u_apply/g_lane\[6\].us/_05114_ has 104 pins which may impact routing performance. Consider optimization.
[WARNING DRT-0120] Large net u_b2_implementation/u_pcu/u_quad_datapath/g_quad\[1\].u_bank_slice/g_bank\[3\].u_apply/g_lane\[7\].un/_05114_ has 104 pins which may impact routing performance. Consider optimization.
[WARNING DRT-0120] Large net u_b2_implementation/u_pcu/u_quad_datapath/g_quad\[1\].u_bank_slice/g_bank\[3\].u_apply/g_lane\[7\].us/_05114_ has 104 pins which may impact routing performance. Consider optimization.
[WARNING DRT-0120] Large net u_b2_implementation/u_pcu/u_quad_datapath/g_quad\[1\].u_bank_slice/g_bank\[3\].u_reduce/_0760_ has 534 pins which may impact routing performance. Consider optimization.
[WARNING DRT-0120] Large net u_b2_implementation/u_pcu/u_quad_datapath/g_quad\[1\].u_bank_slice/g_bank\[3\].u_reduce/_0791_ has 214 pins which may impact routing performance. Consider optimization.
[WARNING DRT-0120] Large net u_b2_implementation/u_pcu/u_quad_datapath/g_quad\[1\].u_bank_slice/g_bank\[3\].u_reduce/_0812_ has 213 pins which may impact routing performance. Consider optimization.
[WARNING DRT-0120] Large net u_b2_implementation/u_pcu/u_quad_datapath/g_quad\[1\].u_bank_slice/g_bank\[3\].u_reduce/_0818_ has 132 pins which may impact routing performance. Consider optimization.
[WARNING DRT-0120] Large net u_b2_implementation/u_pcu/u_quad_datapath/g_quad\[1\].u_bank_slice/g_bank\[3\].u_reduce/_0819_ has 131 pins which may impact routing performance. Consider optimization.
[WARNING DRT-0120] Large net u_b2_implementation/u_pcu/u_quad_datapath/g_quad\[1\].u_bank_slice/g_bank\[3\].u_reduce/_0821_ has 132 pins which may impact routing performance. Consider optimization.
[WARNING DRT-0120] Large net u_b2_implementation/u_pcu/u_quad_datapath/g_quad\[1\].u_bank_slice/g_bank\[3\].u_reduce/_0829_ has 129 pins which may impact routing performance. Consider optimization.
[WARNING DRT-0120] Large net u_b2_implementation/u_pcu/u_quad_datapath/g_quad\[1\].u_bank_slice/g_bank\[3\].u_reduce/_0958_ has 257 pins which may impact routing performance. Consider optimization.
[WARNING DRT-0120] Large net u_b2_implementation/u_pcu/u_quad_datapath/g_quad\[1\].u_bank_slice/g_bank\[3\].u_reduce/_0959_ has 259 pins which may impact routing performance. Consider optimization.
[WARNING DRT-0120] Large net u_b2_implementation/u_pcu/u_quad_datapath/g_quad\[1\].u_bank_slice/g_bank\[3\].u_reduce/ctx_delay_q\[9\][0] has 130 pins which may impact routing performance. Consider optimization.
[WARNING DRT-0120] Large net u_b2_implementation/u_pcu/u_quad_datapath/g_quad\[1\].u_bank_slice/g_bank\[3\].u_reduce/input_fire has 523 pins which may impact routing performance. Consider optimization.
[WARNING DRT-0120] Large net u_b2_implementation/u_pcu/u_quad_datapath/g_quad\[1\].u_bank_slice/g_bank\[3\].u_reduce/slot_delay_q\[9\][1] has 130 pins which may impact routing performance. Consider optimization.
[WARNING DRT-0120] Large net u_b2_implementation/u_pcu/u_quad_datapath/g_quad\[2\].u_bank_slice/apply_rst_n[0] has 1702 pins which may impact routing performance. Consider optimization.
[WARNING DRT-0120] Large net u_b2_implementation/u_pcu/u_quad_datapath/g_quad\[2\].u_bank_slice/apply_rst_n[1] has 1702 pins which may impact routing performance. Consider optimization.
[WARNING DRT-0120] Large net u_b2_implementation/u_pcu/u_quad_datapath/g_quad\[2\].u_bank_slice/apply_rst_n[2] has 853 pins which may impact routing performance. Consider optimization.
[WARNING DRT-0120] Large net u_b2_implementation/u_pcu/u_quad_datapath/g_quad\[2\].u_bank_slice/apply_rst_n[3] has 853 pins which may impact routing performance. Consider optimization.
[WARNING DRT-0120] Large net u_b2_implementation/u_pcu/u_quad_datapath/g_quad\[2\].u_bank_slice/quad_reducer_rst_n has 1000 pins which may impact routing performance. Consider optimization.
[WARNING DRT-0120] Large net u_b2_implementation/u_pcu/u_quad_datapath/g_quad\[2\].u_bank_slice/reduce_rst_n[0] has 1157 pins which may impact routing performance. Consider optimization.
[WARNING DRT-0120] Large net u_b2_implementation/u_pcu/u_quad_datapath/g_quad\[2\].u_bank_slice/reduce_rst_n[1] has 2311 pins which may impact routing performance. Consider optimization.
[WARNING DRT-0120] Large net u_b2_implementation/u_pcu/u_quad_datapath/g_quad\[2\].u_bank_slice/reduce_rst_n[2] has 2311 pins which may impact routing performance. Consider optimization.
[WARNING DRT-0120] Large net u_b2_implementation/u_pcu/u_quad_datapath/g_quad\[2\].u_bank_slice/reduce_rst_n[3] has 1157 pins which may impact routing performance. Consider optimization.
[WARNING DRT-0120] Large net u_b2_implementation/u_pcu/u_quad_datapath/g_quad\[2\].u_bank_slice/g_bank\[0\].u_apply/_02491_ has 147 pins which may impact routing performance. Consider optimization.
[WARNING DRT-0120] Large net u_b2_implementation/u_pcu/u_quad_datapath/g_quad\[2\].u_bank_slice/g_bank\[0\].u_apply/_02492_ has 147 pins which may impact routing performance. Consider optimization.
[WARNING DRT-0120] Large net u_b2_implementation/u_pcu/u_quad_datapath/g_quad\[2\].u_bank_slice/g_bank\[0\].u_apply/_02493_ has 147 pins which may impact routing performance. Consider optimization.
[WARNING DRT-0120] Large net u_b2_implementation/u_pcu/u_quad_datapath/g_quad\[2\].u_bank_slice/g_bank\[0\].u_apply/_02494_ has 147 pins which may impact routing performance. Consider optimization.
[WARNING DRT-0120] Large net u_b2_implementation/u_pcu/u_quad_datapath/g_quad\[2\].u_bank_slice/g_bank\[0\].u_apply/_02495_ has 147 pins which may impact routing performance. Consider optimization.
[WARNING DRT-0120] Large net u_b2_implementation/u_pcu/u_quad_datapath/g_quad\[2\].u_bank_slice/g_bank\[0\].u_apply/_02496_ has 147 pins which may impact routing performance. Consider optimization.
[WARNING DRT-0120] Large net u_b2_implementation/u_pcu/u_quad_datapath/g_quad\[2\].u_bank_slice/g_bank\[0\].u_apply/_02497_ has 147 pins which may impact routing performance. Consider optimization.
[WARNING DRT-0120] Large net u_b2_implementation/u_pcu/u_quad_datapath/g_quad\[2\].u_bank_slice/g_bank\[0\].u_apply/_02498_ has 147 pins which may impact routing performance. Consider optimization.
[WARNING DRT-0120] Large net u_b2_implementation/u_pcu/u_quad_datapath/g_quad\[2\].u_bank_slice/g_bank\[0\].u_apply/_02499_ has 147 pins which may impact routing performance. Consider optimization.
[WARNING DRT-0120] Large net u_b2_implementation/u_pcu/u_quad_datapath/g_quad\[2\].u_bank_slice/g_bank\[0\].u_apply/_02500_ has 147 pins which may impact routing performance. Consider optimization.
[WARNING DRT-0120] Large net u_b2_implementation/u_pcu/u_quad_datapath/g_quad\[2\].u_bank_slice/g_bank\[0\].u_apply/_02501_ has 147 pins which may impact routing performance. Consider optimization.
[WARNING DRT-0120] Large net u_b2_implementation/u_pcu/u_quad_datapath/g_quad\[2\].u_bank_slice/g_bank\[0\].u_apply/_02502_ has 147 pins which may impact routing performance. Consider optimization.
[WARNING DRT-0120] Large net u_b2_implementation/u_pcu/u_quad_datapath/g_quad\[2\].u_bank_slice/g_bank\[0\].u_apply/_02503_ has 147 pins which may impact routing performance. Consider optimization.
[WARNING DRT-0120] Large net u_b2_implementation/u_pcu/u_quad_datapath/g_quad\[2\].u_bank_slice/g_bank\[0\].u_apply/_02504_ has 147 pins which may impact routing performance. Consider optimization.
[WARNING DRT-0120] Large net u_b2_implementation/u_pcu/u_quad_datapath/g_quad\[2\].u_bank_slice/g_bank\[0\].u_apply/_02505_ has 147 pins which may impact routing performance. Consider optimization.
[WARNING DRT-0120] Large net u_b2_implementation/u_pcu/u_quad_datapath/g_quad\[2\].u_bank_slice/g_bank\[0\].u_apply/_02506_ has 147 pins which may impact routing performance. Consider optimization.
[WARNING DRT-0120] Large net u_b2_implementation/u_pcu/u_quad_datapath/g_quad\[2\].u_bank_slice/g_bank\[0\].u_apply/meta_inv_q[64] has 233 pins which may impact routing performance. Consider optimization.
[WARNING DRT-0120] Large net u_b2_implementation/u_pcu/u_quad_datapath/g_quad\[2\].u_bank_slice/g_bank\[0\].u_apply/meta_inv_q[65] has 249 pins which may impact routing performance. Consider optimization.
[WARNING DRT-0120] Large net u_b2_implementation/u_pcu/u_quad_datapath/g_quad\[2\].u_bank_slice/g_bank\[0\].u_apply/meta_inv_q[66] has 241 pins which may impact routing performance. Consider optimization.
[WARNING DRT-0120] Large net u_b2_implementation/u_pcu/u_quad_datapath/g_quad\[2\].u_bank_slice/g_bank\[0\].u_apply/meta_inv_q[67] has 241 pins which may impact routing performance. Consider optimization.
[WARNING DRT-0120] Large net u_b2_implementation/u_pcu/u_quad_datapath/g_quad\[2\].u_bank_slice/g_bank\[0\].u_apply/meta_inv_q[68] has 209 pins which may impact routing performance. Consider optimization.
[WARNING DRT-0120] Large net u_b2_implementation/u_pcu/u_quad_datapath/g_quad\[2\].u_bank_slice/g_bank\[0\].u_apply/meta_inv_q[69] has 209 pins which may impact routing performance. Consider optimization.
[WARNING DRT-0120] Large net u_b2_implementation/u_pcu/u_quad_datapath/g_quad\[2\].u_bank_slice/g_bank\[0\].u_apply/meta_inv_q[70] has 225 pins which may impact routing performance. Consider optimization.
[WARNING DRT-0120] Large net u_b2_implementation/u_pcu/u_quad_datapath/g_quad\[2\].u_bank_slice/g_bank\[0\].u_apply/meta_inv_q[71] has 209 pins which may impact routing performance. Consider optimization.
[WARNING DRT-0120] Large net u_b2_implementation/u_pcu/u_quad_datapath/g_quad\[2\].u_bank_slice/g_bank\[0\].u_apply/meta_inv_q[72] has 209 pins which may impact routing performance. Consider optimization.
[WARNING DRT-0120] Large net u_b2_implementation/u_pcu/u_quad_datapath/g_quad\[2\].u_bank_slice/g_bank\[0\].u_apply/meta_inv_q[73] has 297 pins which may impact routing performance. Consider optimization.
[WARNING DRT-0120] Large net u_b2_implementation/u_pcu/u_quad_datapath/g_quad\[2\].u_bank_slice/g_bank\[0\].u_apply/meta_inv_q[74] has 297 pins which may impact routing performance. Consider optimization.
[WARNING DRT-0120] Large net u_b2_implementation/u_pcu/u_quad_datapath/g_quad\[2\].u_bank_slice/g_bank\[0\].u_apply/meta_inv_q[75] has 289 pins which may impact routing performance. Consider optimization.
[WARNING DRT-0120] Large net u_b2_implementation/u_pcu/u_quad_datapath/g_quad\[2\].u_bank_slice/g_bank\[0\].u_apply/meta_inv_q[76] has 289 pins which may impact routing performance. Consider optimization.
[WARNING DRT-0120] Large net u_b2_implementation/u_pcu/u_quad_datapath/g_quad\[2\].u_bank_slice/g_bank\[0\].u_apply/meta_inv_q[77] has 209 pins which may impact routing performance. Consider optimization.
[WARNING DRT-0120] Large net u_b2_implementation/u_pcu/u_quad_datapath/g_quad\[2\].u_bank_slice/g_bank\[0\].u_apply/meta_inv_q[78] has 201 pins which may impact routing performance. Consider optimization.
[WARNING DRT-0120] Large net u_b2_implementation/u_pcu/u_quad_datapath/g_quad\[2\].u_bank_slice/g_bank\[0\].u_apply/meta_inv_q[79] has 217 pins which may impact routing performance. Consider optimization.
[WARNING DRT-0120] Large net u_b2_implementation/u_pcu/u_quad_datapath/g_quad\[2\].u_bank_slice/g_bank\[0\].u_apply/meta_inv_q[80] has 217 pins which may impact routing performance. Consider optimization.
[WARNING DRT-0120] Large net u_b2_implementation/u_pcu/u_quad_datapath/g_quad\[2\].u_bank_slice/g_bank\[0\].u_apply/meta_inv_q[81] has 217 pins which may impact routing performance. Consider optimization.
[WARNING DRT-0120] Large net u_b2_implementation/u_pcu/u_quad_datapath/g_quad\[2\].u_bank_slice/g_bank\[0\].u_apply/meta_inv_q[82] has 377 pins which may impact routing performance. Consider optimization.
[WARNING DRT-0120] Large net u_b2_implementation/u_pcu/u_quad_datapath/g_quad\[2\].u_bank_slice/g_bank\[0\].u_apply/meta_inv_q[83] has 321 pins which may impact routing performance. Consider optimization.
[WARNING DRT-0120] Large net u_b2_implementation/u_pcu/u_quad_datapath/g_quad\[2\].u_bank_slice/g_bank\[0\].u_apply/meta_inv_q[84] has 321 pins which may impact routing performance. Consider optimization.
[WARNING DRT-0120] Large net u_b2_implementation/u_pcu/u_quad_datapath/g_quad\[2\].u_bank_slice/g_bank\[0\].u_apply/meta_inv_q[85] has 209 pins which may impact routing performance. Consider optimization.
[WARNING DRT-0120] Large net u_b2_implementation/u_pcu/u_quad_datapath/g_quad\[2\].u_bank_slice/g_bank\[0\].u_apply/meta_inv_q[86] has 209 pins which may impact routing performance. Consider optimization.
[WARNING DRT-0120] Large net u_b2_implementation/u_pcu/u_quad_datapath/g_quad\[2\].u_bank_slice/g_bank\[0\].u_apply/meta_mode_q[8] has 257 pins which may impact routing performance. Consider optimization.
[WARNING DRT-0120] Large net u_b2_implementation/u_pcu/u_quad_datapath/g_quad\[2\].u_bank_slice/g_bank\[0\].u_apply/rd_ptr_q[0] has 583 pins which may impact routing performance. Consider optimization.
[WARNING DRT-0120] Large net u_b2_implementation/u_pcu/u_quad_datapath/g_quad\[2\].u_bank_slice/g_bank\[0\].u_apply/rd_ptr_q[1] has 173 pins which may impact routing performance. Consider optimization.
[WARNING DRT-0120] Large net u_b2_implementation/u_pcu/u_quad_datapath/g_quad\[2\].u_bank_slice/g_bank\[0\].u_apply/rd_ptr_q[2] has 583 pins which may impact routing performance. Consider optimization.
[WARNING DRT-0120] Large net u_b2_implementation/u_pcu/u_quad_datapath/g_quad\[2\].u_bank_slice/g_bank\[0\].u_apply/rd_ptr_q[3] has 171 pins which may impact routing performance. Consider optimization.
[WARNING DRT-0120] Large net u_b2_implementation/u_pcu/u_quad_datapath/g_quad\[2\].u_bank_slice/g_bank\[0\].u_apply/g_lane\[0\].un/_05114_ has 104 pins which may impact routing performance. Consider optimization.
[WARNING DRT-0120] Large net u_b2_implementation/u_pcu/u_quad_datapath/g_quad\[2\].u_bank_slice/g_bank\[0\].u_apply/g_lane\[0\].us/_05114_ has 104 pins which may impact routing performance. Consider optimization.
[WARNING DRT-0120] Large net u_b2_implementation/u_pcu/u_quad_datapath/g_quad\[2\].u_bank_slice/g_bank\[0\].u_apply/g_lane\[1\].un/_05114_ has 104 pins which may impact routing performance. Consider optimization.
[WARNING DRT-0120] Large net u_b2_implementation/u_pcu/u_quad_datapath/g_quad\[2\].u_bank_slice/g_bank\[0\].u_apply/g_lane\[1\].us/_05114_ has 104 pins which may impact routing performance. Consider optimization.
[WARNING DRT-0120] Large net u_b2_implementation/u_pcu/u_quad_datapath/g_quad\[2\].u_bank_slice/g_bank\[0\].u_apply/g_lane\[2\].un/_05114_ has 104 pins which may impact routing performance. Consider optimization.
[WARNING DRT-0120] Large net u_b2_implementation/u_pcu/u_quad_datapath/g_quad\[2\].u_bank_slice/g_bank\[0\].u_apply/g_lane\[2\].us/_05114_ has 104 pins which may impact routing performance. Consider optimization.
[WARNING DRT-0120] Large net u_b2_implementation/u_pcu/u_quad_datapath/g_quad\[2\].u_bank_slice/g_bank\[0\].u_apply/g_lane\[3\].un/_05114_ has 104 pins which may impact routing performance. Consider optimization.
[WARNING DRT-0120] Large net u_b2_implementation/u_pcu/u_quad_datapath/g_quad\[2\].u_bank_slice/g_bank\[0\].u_apply/g_lane\[3\].us/_05114_ has 104 pins which may impact routing performance. Consider optimization.
[WARNING DRT-0120] Large net u_b2_implementation/u_pcu/u_quad_datapath/g_quad\[2\].u_bank_slice/g_bank\[0\].u_apply/g_lane\[4\].un/_05114_ has 104 pins which may impact routing performance. Consider optimization.
[WARNING DRT-0120] Large net u_b2_implementation/u_pcu/u_quad_datapath/g_quad\[2\].u_bank_slice/g_bank\[0\].u_apply/g_lane\[4\].us/_05114_ has 104 pins which may impact routing performance. Consider optimization.
[WARNING DRT-0120] Large net u_b2_implementation/u_pcu/u_quad_datapath/g_quad\[2\].u_bank_slice/g_bank\[0\].u_apply/g_lane\[5\].un/_05114_ has 104 pins which may impact routing performance. Consider optimization.
[WARNING DRT-0120] Large net u_b2_implementation/u_pcu/u_quad_datapath/g_quad\[2\].u_bank_slice/g_bank\[0\].u_apply/g_lane\[5\].us/_05114_ has 104 pins which may impact routing performance. Consider optimization.
[WARNING DRT-0120] Large net u_b2_implementation/u_pcu/u_quad_datapath/g_quad\[2\].u_bank_slice/g_bank\[0\].u_apply/g_lane\[6\].un/_05114_ has 104 pins which may impact routing performance. Consider optimization.
[WARNING DRT-0120] Large net u_b2_implementation/u_pcu/u_quad_datapath/g_quad\[2\].u_bank_slice/g_bank\[0\].u_apply/g_lane\[6\].us/_05114_ has 104 pins which may impact routing performance. Consider optimization.
[WARNING DRT-0120] Large net u_b2_implementation/u_pcu/u_quad_datapath/g_quad\[2\].u_bank_slice/g_bank\[0\].u_apply/g_lane\[7\].un/_05114_ has 104 pins which may impact routing performance. Consider optimization.
[WARNING DRT-0120] Large net u_b2_implementation/u_pcu/u_quad_datapath/g_quad\[2\].u_bank_slice/g_bank\[0\].u_apply/g_lane\[7\].us/_05114_ has 104 pins which may impact routing performance. Consider optimization.
[WARNING DRT-0120] Large net u_b2_implementation/u_pcu/u_quad_datapath/g_quad\[2\].u_bank_slice/g_bank\[0\].u_reduce/_0760_ has 534 pins which may impact routing performance. Consider optimization.
[WARNING DRT-0120] Large net u_b2_implementation/u_pcu/u_quad_datapath/g_quad\[2\].u_bank_slice/g_bank\[0\].u_reduce/_0791_ has 212 pins which may impact routing performance. Consider optimization.
[WARNING DRT-0120] Large net u_b2_implementation/u_pcu/u_quad_datapath/g_quad\[2\].u_bank_slice/g_bank\[0\].u_reduce/_0812_ has 213 pins which may impact routing performance. Consider optimization.
[WARNING DRT-0120] Large net u_b2_implementation/u_pcu/u_quad_datapath/g_quad\[2\].u_bank_slice/g_bank\[0\].u_reduce/_0818_ has 131 pins which may impact routing performance. Consider optimization.
[WARNING DRT-0120] Large net u_b2_implementation/u_pcu/u_quad_datapath/g_quad\[2\].u_bank_slice/g_bank\[0\].u_reduce/_0819_ has 131 pins which may impact routing performance. Consider optimization.
[WARNING DRT-0120] Large net u_b2_implementation/u_pcu/u_quad_datapath/g_quad\[2\].u_bank_slice/g_bank\[0\].u_reduce/_0821_ has 131 pins which may impact routing performance. Consider optimization.
[WARNING DRT-0120] Large net u_b2_implementation/u_pcu/u_quad_datapath/g_quad\[2\].u_bank_slice/g_bank\[0\].u_reduce/_0829_ has 129 pins which may impact routing performance. Consider optimization.
[WARNING DRT-0120] Large net u_b2_implementation/u_pcu/u_quad_datapath/g_quad\[2\].u_bank_slice/g_bank\[0\].u_reduce/_0958_ has 257 pins which may impact routing performance. Consider optimization.
[WARNING DRT-0120] Large net u_b2_implementation/u_pcu/u_quad_datapath/g_quad\[2\].u_bank_slice/g_bank\[0\].u_reduce/_0959_ has 259 pins which may impact routing performance. Consider optimization.
[WARNING DRT-0120] Large net u_b2_implementation/u_pcu/u_quad_datapath/g_quad\[2\].u_bank_slice/g_bank\[0\].u_reduce/ctx_delay_q\[9\][0] has 130 pins which may impact routing performance. Consider optimization.
[WARNING DRT-0120] Large net u_b2_implementation/u_pcu/u_quad_datapath/g_quad\[2\].u_bank_slice/g_bank\[0\].u_reduce/input_fire has 523 pins which may impact routing performance. Consider optimization.
[WARNING DRT-0120] Large net u_b2_implementation/u_pcu/u_quad_datapath/g_quad\[2\].u_bank_slice/g_bank\[0\].u_reduce/slot_delay_q\[9\][1] has 130 pins which may impact routing performance. Consider optimization.
[WARNING DRT-0120] Large net u_b2_implementation/u_pcu/u_quad_datapath/g_quad\[2\].u_bank_slice/g_bank\[1\].u_apply/_02491_ has 147 pins which may impact routing performance. Consider optimization.
[WARNING DRT-0120] Large net u_b2_implementation/u_pcu/u_quad_datapath/g_quad\[2\].u_bank_slice/g_bank\[1\].u_apply/_02492_ has 147 pins which may impact routing performance. Consider optimization.
[WARNING DRT-0120] Large net u_b2_implementation/u_pcu/u_quad_datapath/g_quad\[2\].u_bank_slice/g_bank\[1\].u_apply/_02493_ has 147 pins which may impact routing performance. Consider optimization.
[WARNING DRT-0120] Large net u_b2_implementation/u_pcu/u_quad_datapath/g_quad\[2\].u_bank_slice/g_bank\[1\].u_apply/_02494_ has 147 pins which may impact routing performance. Consider optimization.
[WARNING DRT-0120] Large net u_b2_implementation/u_pcu/u_quad_datapath/g_quad\[2\].u_bank_slice/g_bank\[1\].u_apply/_02495_ has 147 pins which may impact routing performance. Consider optimization.
[WARNING DRT-0120] Large net u_b2_implementation/u_pcu/u_quad_datapath/g_quad\[2\].u_bank_slice/g_bank\[1\].u_apply/_02496_ has 147 pins which may impact routing performance. Consider optimization.
[WARNING DRT-0120] Large net u_b2_implementation/u_pcu/u_quad_datapath/g_quad\[2\].u_bank_slice/g_bank\[1\].u_apply/_02497_ has 147 pins which may impact routing performance. Consider optimization.
[WARNING DRT-0120] Large net u_b2_implementation/u_pcu/u_quad_datapath/g_quad\[2\].u_bank_slice/g_bank\[1\].u_apply/_02498_ has 147 pins which may impact routing performance. Consider optimization.
[WARNING DRT-0120] Large net u_b2_implementation/u_pcu/u_quad_datapath/g_quad\[2\].u_bank_slice/g_bank\[1\].u_apply/_02499_ has 147 pins which may impact routing performance. Consider optimization.
[WARNING DRT-0120] Large net u_b2_implementation/u_pcu/u_quad_datapath/g_quad\[2\].u_bank_slice/g_bank\[1\].u_apply/_02500_ has 147 pins which may impact routing performance. Consider optimization.
[WARNING DRT-0120] Large net u_b2_implementation/u_pcu/u_quad_datapath/g_quad\[2\].u_bank_slice/g_bank\[1\].u_apply/_02501_ has 147 pins which may impact routing performance. Consider optimization.
[WARNING DRT-0120] Large net u_b2_implementation/u_pcu/u_quad_datapath/g_quad\[2\].u_bank_slice/g_bank\[1\].u_apply/_02502_ has 147 pins which may impact routing performance. Consider optimization.
[WARNING DRT-0120] Large net u_b2_implementation/u_pcu/u_quad_datapath/g_quad\[2\].u_bank_slice/g_bank\[1\].u_apply/_02503_ has 147 pins which may impact routing performance. Consider optimization.
[WARNING DRT-0120] Large net u_b2_implementation/u_pcu/u_quad_datapath/g_quad\[2\].u_bank_slice/g_bank\[1\].u_apply/_02504_ has 147 pins which may impact routing performance. Consider optimization.
[WARNING DRT-0120] Large net u_b2_implementation/u_pcu/u_quad_datapath/g_quad\[2\].u_bank_slice/g_bank\[1\].u_apply/_02505_ has 147 pins which may impact routing performance. Consider optimization.
[WARNING DRT-0120] Large net u_b2_implementation/u_pcu/u_quad_datapath/g_quad\[2\].u_bank_slice/g_bank\[1\].u_apply/_02506_ has 147 pins which may impact routing performance. Consider optimization.
[WARNING DRT-0120] Large net u_b2_implementation/u_pcu/u_quad_datapath/g_quad\[2\].u_bank_slice/g_bank\[1\].u_apply/meta_inv_q[64] has 233 pins which may impact routing performance. Consider optimization.
[WARNING DRT-0120] Large net u_b2_implementation/u_pcu/u_quad_datapath/g_quad\[2\].u_bank_slice/g_bank\[1\].u_apply/meta_inv_q[65] has 249 pins which may impact routing performance. Consider optimization.
[WARNING DRT-0120] Large net u_b2_implementation/u_pcu/u_quad_datapath/g_quad\[2\].u_bank_slice/g_bank\[1\].u_apply/meta_inv_q[66] has 241 pins which may impact routing performance. Consider optimization.
[WARNING DRT-0120] Large net u_b2_implementation/u_pcu/u_quad_datapath/g_quad\[2\].u_bank_slice/g_bank\[1\].u_apply/meta_inv_q[67] has 241 pins which may impact routing performance. Consider optimization.
[WARNING DRT-0120] Large net u_b2_implementation/u_pcu/u_quad_datapath/g_quad\[2\].u_bank_slice/g_bank\[1\].u_apply/meta_inv_q[68] has 209 pins which may impact routing performance. Consider optimization.
[WARNING DRT-0120] Large net u_b2_implementation/u_pcu/u_quad_datapath/g_quad\[2\].u_bank_slice/g_bank\[1\].u_apply/meta_inv_q[69] has 209 pins which may impact routing performance. Consider optimization.
[WARNING DRT-0120] Large net u_b2_implementation/u_pcu/u_quad_datapath/g_quad\[2\].u_bank_slice/g_bank\[1\].u_apply/meta_inv_q[70] has 225 pins which may impact routing performance. Consider optimization.
[WARNING DRT-0120] Large net u_b2_implementation/u_pcu/u_quad_datapath/g_quad\[2\].u_bank_slice/g_bank\[1\].u_apply/meta_inv_q[71] has 209 pins which may impact routing performance. Consider optimization.
[WARNING DRT-0120] Large net u_b2_implementation/u_pcu/u_quad_datapath/g_quad\[2\].u_bank_slice/g_bank\[1\].u_apply/meta_inv_q[72] has 209 pins which may impact routing performance. Consider optimization.
[WARNING DRT-0120] Large net u_b2_implementation/u_pcu/u_quad_datapath/g_quad\[2\].u_bank_slice/g_bank\[1\].u_apply/meta_inv_q[73] has 297 pins which may impact routing performance. Consider optimization.
[WARNING DRT-0120] Large net u_b2_implementation/u_pcu/u_quad_datapath/g_quad\[2\].u_bank_slice/g_bank\[1\].u_apply/meta_inv_q[74] has 297 pins which may impact routing performance. Consider optimization.
[WARNING DRT-0120] Large net u_b2_implementation/u_pcu/u_quad_datapath/g_quad\[2\].u_bank_slice/g_bank\[1\].u_apply/meta_inv_q[75] has 289 pins which may impact routing performance. Consider optimization.
[WARNING DRT-0120] Large net u_b2_implementation/u_pcu/u_quad_datapath/g_quad\[2\].u_bank_slice/g_bank\[1\].u_apply/meta_inv_q[76] has 289 pins which may impact routing performance. Consider optimization.
[WARNING DRT-0120] Large net u_b2_implementation/u_pcu/u_quad_datapath/g_quad\[2\].u_bank_slice/g_bank\[1\].u_apply/meta_inv_q[77] has 209 pins which may impact routing performance. Consider optimization.
[WARNING DRT-0120] Large net u_b2_implementation/u_pcu/u_quad_datapath/g_quad\[2\].u_bank_slice/g_bank\[1\].u_apply/meta_inv_q[78] has 201 pins which may impact routing performance. Consider optimization.
[WARNING DRT-0120] Large net u_b2_implementation/u_pcu/u_quad_datapath/g_quad\[2\].u_bank_slice/g_bank\[1\].u_apply/meta_inv_q[79] has 217 pins which may impact routing performance. Consider optimization.
[WARNING DRT-0120] Large net u_b2_implementation/u_pcu/u_quad_datapath/g_quad\[2\].u_bank_slice/g_bank\[1\].u_apply/meta_inv_q[80] has 217 pins which may impact routing performance. Consider optimization.
[WARNING DRT-0120] Large net u_b2_implementation/u_pcu/u_quad_datapath/g_quad\[2\].u_bank_slice/g_bank\[1\].u_apply/meta_inv_q[81] has 217 pins which may impact routing performance. Consider optimization.
[WARNING DRT-0120] Large net u_b2_implementation/u_pcu/u_quad_datapath/g_quad\[2\].u_bank_slice/g_bank\[1\].u_apply/meta_inv_q[82] has 377 pins which may impact routing performance. Consider optimization.
[WARNING DRT-0120] Large net u_b2_implementation/u_pcu/u_quad_datapath/g_quad\[2\].u_bank_slice/g_bank\[1\].u_apply/meta_inv_q[83] has 321 pins which may impact routing performance. Consider optimization.
[WARNING DRT-0120] Large net u_b2_implementation/u_pcu/u_quad_datapath/g_quad\[2\].u_bank_slice/g_bank\[1\].u_apply/meta_inv_q[84] has 321 pins which may impact routing performance. Consider optimization.
[WARNING DRT-0120] Large net u_b2_implementation/u_pcu/u_quad_datapath/g_quad\[2\].u_bank_slice/g_bank\[1\].u_apply/meta_inv_q[85] has 209 pins which may impact routing performance. Consider optimization.
[WARNING DRT-0120] Large net u_b2_implementation/u_pcu/u_quad_datapath/g_quad\[2\].u_bank_slice/g_bank\[1\].u_apply/meta_inv_q[86] has 209 pins which may impact routing performance. Consider optimization.
[WARNING DRT-0120] Large net u_b2_implementation/u_pcu/u_quad_datapath/g_quad\[2\].u_bank_slice/g_bank\[1\].u_apply/meta_mode_q[8] has 257 pins which may impact routing performance. Consider optimization.
[WARNING DRT-0120] Large net u_b2_implementation/u_pcu/u_quad_datapath/g_quad\[2\].u_bank_slice/g_bank\[1\].u_apply/rd_ptr_q[0] has 583 pins which may impact routing performance. Consider optimization.
[WARNING DRT-0120] Large net u_b2_implementation/u_pcu/u_quad_datapath/g_quad\[2\].u_bank_slice/g_bank\[1\].u_apply/rd_ptr_q[1] has 173 pins which may impact routing performance. Consider optimization.
[WARNING DRT-0120] Large net u_b2_implementation/u_pcu/u_quad_datapath/g_quad\[2\].u_bank_slice/g_bank\[1\].u_apply/rd_ptr_q[2] has 583 pins which may impact routing performance. Consider optimization.
[WARNING DRT-0120] Large net u_b2_implementation/u_pcu/u_quad_datapath/g_quad\[2\].u_bank_slice/g_bank\[1\].u_apply/rd_ptr_q[3] has 171 pins which may impact routing performance. Consider optimization.
[WARNING DRT-0120] Large net u_b2_implementation/u_pcu/u_quad_datapath/g_quad\[2\].u_bank_slice/g_bank\[1\].u_apply/g_lane\[0\].un/_05114_ has 104 pins which may impact routing performance. Consider optimization.
[WARNING DRT-0120] Large net u_b2_implementation/u_pcu/u_quad_datapath/g_quad\[2\].u_bank_slice/g_bank\[1\].u_apply/g_lane\[0\].us/_05114_ has 104 pins which may impact routing performance. Consider optimization.
[WARNING DRT-0120] Large net u_b2_implementation/u_pcu/u_quad_datapath/g_quad\[2\].u_bank_slice/g_bank\[1\].u_apply/g_lane\[1\].un/_05114_ has 104 pins which may impact routing performance. Consider optimization.
[WARNING DRT-0120] Large net u_b2_implementation/u_pcu/u_quad_datapath/g_quad\[2\].u_bank_slice/g_bank\[1\].u_apply/g_lane\[1\].us/_05114_ has 104 pins which may impact routing performance. Consider optimization.
[WARNING DRT-0120] Large net u_b2_implementation/u_pcu/u_quad_datapath/g_quad\[2\].u_bank_slice/g_bank\[1\].u_apply/g_lane\[2\].un/_05114_ has 104 pins which may impact routing performance. Consider optimization.
[WARNING DRT-0120] Large net u_b2_implementation/u_pcu/u_quad_datapath/g_quad\[2\].u_bank_slice/g_bank\[1\].u_apply/g_lane\[2\].us/_05114_ has 104 pins which may impact routing performance. Consider optimization.
[WARNING DRT-0120] Large net u_b2_implementation/u_pcu/u_quad_datapath/g_quad\[2\].u_bank_slice/g_bank\[1\].u_apply/g_lane\[3\].un/_05114_ has 104 pins which may impact routing performance. Consider optimization.
[WARNING DRT-0120] Large net u_b2_implementation/u_pcu/u_quad_datapath/g_quad\[2\].u_bank_slice/g_bank\[1\].u_apply/g_lane\[3\].us/_05114_ has 104 pins which may impact routing performance. Consider optimization.
[WARNING DRT-0120] Large net u_b2_implementation/u_pcu/u_quad_datapath/g_quad\[2\].u_bank_slice/g_bank\[1\].u_apply/g_lane\[4\].un/_05114_ has 104 pins which may impact routing performance. Consider optimization.
[WARNING DRT-0120] Large net u_b2_implementation/u_pcu/u_quad_datapath/g_quad\[2\].u_bank_slice/g_bank\[1\].u_apply/g_lane\[4\].us/_05114_ has 104 pins which may impact routing performance. Consider optimization.
[WARNING DRT-0120] Large net u_b2_implementation/u_pcu/u_quad_datapath/g_quad\[2\].u_bank_slice/g_bank\[1\].u_apply/g_lane\[5\].un/_05114_ has 104 pins which may impact routing performance. Consider optimization.
[WARNING DRT-0120] Large net u_b2_implementation/u_pcu/u_quad_datapath/g_quad\[2\].u_bank_slice/g_bank\[1\].u_apply/g_lane\[5\].us/_05114_ has 104 pins which may impact routing performance. Consider optimization.
[WARNING DRT-0120] Large net u_b2_implementation/u_pcu/u_quad_datapath/g_quad\[2\].u_bank_slice/g_bank\[1\].u_apply/g_lane\[6\].un/_05114_ has 104 pins which may impact routing performance. Consider optimization.
[WARNING DRT-0120] Large net u_b2_implementation/u_pcu/u_quad_datapath/g_quad\[2\].u_bank_slice/g_bank\[1\].u_apply/g_lane\[6\].us/_05114_ has 104 pins which may impact routing performance. Consider optimization.
[WARNING DRT-0120] Large net u_b2_implementation/u_pcu/u_quad_datapath/g_quad\[2\].u_bank_slice/g_bank\[1\].u_apply/g_lane\[7\].un/_05114_ has 104 pins which may impact routing performance. Consider optimization.
[WARNING DRT-0120] Large net u_b2_implementation/u_pcu/u_quad_datapath/g_quad\[2\].u_bank_slice/g_bank\[1\].u_apply/g_lane\[7\].us/_05114_ has 104 pins which may impact routing performance. Consider optimization.
[WARNING DRT-0120] Large net u_b2_implementation/u_pcu/u_quad_datapath/g_quad\[2\].u_bank_slice/g_bank\[1\].u_reduce/_0760_ has 534 pins which may impact routing performance. Consider optimization.
[WARNING DRT-0120] Large net u_b2_implementation/u_pcu/u_quad_datapath/g_quad\[2\].u_bank_slice/g_bank\[1\].u_reduce/_0791_ has 212 pins which may impact routing performance. Consider optimization.
[WARNING DRT-0120] Large net u_b2_implementation/u_pcu/u_quad_datapath/g_quad\[2\].u_bank_slice/g_bank\[1\].u_reduce/_0812_ has 213 pins which may impact routing performance. Consider optimization.
[WARNING DRT-0120] Large net u_b2_implementation/u_pcu/u_quad_datapath/g_quad\[2\].u_bank_slice/g_bank\[1\].u_reduce/_0818_ has 131 pins which may impact routing performance. Consider optimization.
[WARNING DRT-0120] Large net u_b2_implementation/u_pcu/u_quad_datapath/g_quad\[2\].u_bank_slice/g_bank\[1\].u_reduce/_0819_ has 131 pins which may impact routing performance. Consider optimization.
[WARNING DRT-0120] Large net u_b2_implementation/u_pcu/u_quad_datapath/g_quad\[2\].u_bank_slice/g_bank\[1\].u_reduce/_0821_ has 131 pins which may impact routing performance. Consider optimization.
[WARNING DRT-0120] Large net u_b2_implementation/u_pcu/u_quad_datapath/g_quad\[2\].u_bank_slice/g_bank\[1\].u_reduce/_0829_ has 129 pins which may impact routing performance. Consider optimization.
[WARNING DRT-0120] Large net u_b2_implementation/u_pcu/u_quad_datapath/g_quad\[2\].u_bank_slice/g_bank\[1\].u_reduce/_0958_ has 257 pins which may impact routing performance. Consider optimization.
[WARNING DRT-0120] Large net u_b2_implementation/u_pcu/u_quad_datapath/g_quad\[2\].u_bank_slice/g_bank\[1\].u_reduce/_0959_ has 259 pins which may impact routing performance. Consider optimization.
[WARNING DRT-0120] Large net u_b2_implementation/u_pcu/u_quad_datapath/g_quad\[2\].u_bank_slice/g_bank\[1\].u_reduce/ctx_delay_q\[9\][0] has 130 pins which may impact routing performance. Consider optimization.
[WARNING DRT-0120] Large net u_b2_implementation/u_pcu/u_quad_datapath/g_quad\[2\].u_bank_slice/g_bank\[1\].u_reduce/input_fire has 523 pins which may impact routing performance. Consider optimization.
[WARNING DRT-0120] Large net u_b2_implementation/u_pcu/u_quad_datapath/g_quad\[2\].u_bank_slice/g_bank\[1\].u_reduce/slot_delay_q\[9\][1] has 130 pins which may impact routing performance. Consider optimization.
[WARNING DRT-0120] Large net u_b2_implementation/u_pcu/u_quad_datapath/g_quad\[2\].u_bank_slice/g_bank\[2\].u_apply/_02491_ has 147 pins which may impact routing performance. Consider optimization.
[WARNING DRT-0120] Large net u_b2_implementation/u_pcu/u_quad_datapath/g_quad\[2\].u_bank_slice/g_bank\[2\].u_apply/_02492_ has 147 pins which may impact routing performance. Consider optimization.
[WARNING DRT-0120] Large net u_b2_implementation/u_pcu/u_quad_datapath/g_quad\[2\].u_bank_slice/g_bank\[2\].u_apply/_02493_ has 147 pins which may impact routing performance. Consider optimization.
[WARNING DRT-0120] Large net u_b2_implementation/u_pcu/u_quad_datapath/g_quad\[2\].u_bank_slice/g_bank\[2\].u_apply/_02494_ has 147 pins which may impact routing performance. Consider optimization.
[WARNING DRT-0120] Large net u_b2_implementation/u_pcu/u_quad_datapath/g_quad\[2\].u_bank_slice/g_bank\[2\].u_apply/_02495_ has 147 pins which may impact routing performance. Consider optimization.
[WARNING DRT-0120] Large net u_b2_implementation/u_pcu/u_quad_datapath/g_quad\[2\].u_bank_slice/g_bank\[2\].u_apply/_02496_ has 147 pins which may impact routing performance. Consider optimization.
[WARNING DRT-0120] Large net u_b2_implementation/u_pcu/u_quad_datapath/g_quad\[2\].u_bank_slice/g_bank\[2\].u_apply/_02497_ has 147 pins which may impact routing performance. Consider optimization.
[WARNING DRT-0120] Large net u_b2_implementation/u_pcu/u_quad_datapath/g_quad\[2\].u_bank_slice/g_bank\[2\].u_apply/_02498_ has 147 pins which may impact routing performance. Consider optimization.
[WARNING DRT-0120] Large net u_b2_implementation/u_pcu/u_quad_datapath/g_quad\[2\].u_bank_slice/g_bank\[2\].u_apply/_02499_ has 147 pins which may impact routing performance. Consider optimization.
[WARNING DRT-0120] Large net u_b2_implementation/u_pcu/u_quad_datapath/g_quad\[2\].u_bank_slice/g_bank\[2\].u_apply/_02500_ has 147 pins which may impact routing performance. Consider optimization.
[WARNING DRT-0120] Large net u_b2_implementation/u_pcu/u_quad_datapath/g_quad\[2\].u_bank_slice/g_bank\[2\].u_apply/_02501_ has 147 pins which may impact routing performance. Consider optimization.
[WARNING DRT-0120] Large net u_b2_implementation/u_pcu/u_quad_datapath/g_quad\[2\].u_bank_slice/g_bank\[2\].u_apply/_02502_ has 147 pins which may impact routing performance. Consider optimization.
[WARNING DRT-0120] Large net u_b2_implementation/u_pcu/u_quad_datapath/g_quad\[2\].u_bank_slice/g_bank\[2\].u_apply/_02503_ has 147 pins which may impact routing performance. Consider optimization.
[WARNING DRT-0120] Large net u_b2_implementation/u_pcu/u_quad_datapath/g_quad\[2\].u_bank_slice/g_bank\[2\].u_apply/_02504_ has 147 pins which may impact routing performance. Consider optimization.
[WARNING DRT-0120] Large net u_b2_implementation/u_pcu/u_quad_datapath/g_quad\[2\].u_bank_slice/g_bank\[2\].u_apply/_02505_ has 147 pins which may impact routing performance. Consider optimization.
[WARNING DRT-0120] Large net u_b2_implementation/u_pcu/u_quad_datapath/g_quad\[2\].u_bank_slice/g_bank\[2\].u_apply/_02506_ has 147 pins which may impact routing performance. Consider optimization.
[WARNING DRT-0120] Large net u_b2_implementation/u_pcu/u_quad_datapath/g_quad\[2\].u_bank_slice/g_bank\[2\].u_apply/meta_inv_q[64] has 233 pins which may impact routing performance. Consider optimization.
[WARNING DRT-0120] Large net u_b2_implementation/u_pcu/u_quad_datapath/g_quad\[2\].u_bank_slice/g_bank\[2\].u_apply/meta_inv_q[65] has 249 pins which may impact routing performance. Consider optimization.
[WARNING DRT-0120] Large net u_b2_implementation/u_pcu/u_quad_datapath/g_quad\[2\].u_bank_slice/g_bank\[2\].u_apply/meta_inv_q[66] has 241 pins which may impact routing performance. Consider optimization.
[WARNING DRT-0120] Large net u_b2_implementation/u_pcu/u_quad_datapath/g_quad\[2\].u_bank_slice/g_bank\[2\].u_apply/meta_inv_q[67] has 241 pins which may impact routing performance. Consider optimization.
[WARNING DRT-0120] Large net u_b2_implementation/u_pcu/u_quad_datapath/g_quad\[2\].u_bank_slice/g_bank\[2\].u_apply/meta_inv_q[68] has 209 pins which may impact routing performance. Consider optimization.
[WARNING DRT-0120] Large net u_b2_implementation/u_pcu/u_quad_datapath/g_quad\[2\].u_bank_slice/g_bank\[2\].u_apply/meta_inv_q[69] has 209 pins which may impact routing performance. Consider optimization.
[WARNING DRT-0120] Large net u_b2_implementation/u_pcu/u_quad_datapath/g_quad\[2\].u_bank_slice/g_bank\[2\].u_apply/meta_inv_q[70] has 225 pins which may impact routing performance. Consider optimization.
[WARNING DRT-0120] Large net u_b2_implementation/u_pcu/u_quad_datapath/g_quad\[2\].u_bank_slice/g_bank\[2\].u_apply/meta_inv_q[71] has 209 pins which may impact routing performance. Consider optimization.
[WARNING DRT-0120] Large net u_b2_implementation/u_pcu/u_quad_datapath/g_quad\[2\].u_bank_slice/g_bank\[2\].u_apply/meta_inv_q[72] has 209 pins which may impact routing performance. Consider optimization.
[WARNING DRT-0120] Large net u_b2_implementation/u_pcu/u_quad_datapath/g_quad\[2\].u_bank_slice/g_bank\[2\].u_apply/meta_inv_q[73] has 297 pins which may impact routing performance. Consider optimization.
[WARNING DRT-0120] Large net u_b2_implementation/u_pcu/u_quad_datapath/g_quad\[2\].u_bank_slice/g_bank\[2\].u_apply/meta_inv_q[74] has 297 pins which may impact routing performance. Consider optimization.
[WARNING DRT-0120] Large net u_b2_implementation/u_pcu/u_quad_datapath/g_quad\[2\].u_bank_slice/g_bank\[2\].u_apply/meta_inv_q[75] has 289 pins which may impact routing performance. Consider optimization.
[WARNING DRT-0120] Large net u_b2_implementation/u_pcu/u_quad_datapath/g_quad\[2\].u_bank_slice/g_bank\[2\].u_apply/meta_inv_q[76] has 289 pins which may impact routing performance. Consider optimization.
[WARNING DRT-0120] Large net u_b2_implementation/u_pcu/u_quad_datapath/g_quad\[2\].u_bank_slice/g_bank\[2\].u_apply/meta_inv_q[77] has 209 pins which may impact routing performance. Consider optimization.
[WARNING DRT-0120] Large net u_b2_implementation/u_pcu/u_quad_datapath/g_quad\[2\].u_bank_slice/g_bank\[2\].u_apply/meta_inv_q[78] has 201 pins which may impact routing performance. Consider optimization.
[WARNING DRT-0120] Large net u_b2_implementation/u_pcu/u_quad_datapath/g_quad\[2\].u_bank_slice/g_bank\[2\].u_apply/meta_inv_q[79] has 217 pins which may impact routing performance. Consider optimization.
[WARNING DRT-0120] Large net u_b2_implementation/u_pcu/u_quad_datapath/g_quad\[2\].u_bank_slice/g_bank\[2\].u_apply/meta_inv_q[80] has 217 pins which may impact routing performance. Consider optimization.
[WARNING DRT-0120] Large net u_b2_implementation/u_pcu/u_quad_datapath/g_quad\[2\].u_bank_slice/g_bank\[2\].u_apply/meta_inv_q[81] has 217 pins which may impact routing performance. Consider optimization.
[WARNING DRT-0120] Large net u_b2_implementation/u_pcu/u_quad_datapath/g_quad\[2\].u_bank_slice/g_bank\[2\].u_apply/meta_inv_q[82] has 377 pins which may impact routing performance. Consider optimization.
[WARNING DRT-0120] Large net u_b2_implementation/u_pcu/u_quad_datapath/g_quad\[2\].u_bank_slice/g_bank\[2\].u_apply/meta_inv_q[83] has 321 pins which may impact routing performance. Consider optimization.
[WARNING DRT-0120] Large net u_b2_implementation/u_pcu/u_quad_datapath/g_quad\[2\].u_bank_slice/g_bank\[2\].u_apply/meta_inv_q[84] has 321 pins which may impact routing performance. Consider optimization.
[WARNING DRT-0120] Large net u_b2_implementation/u_pcu/u_quad_datapath/g_quad\[2\].u_bank_slice/g_bank\[2\].u_apply/meta_inv_q[85] has 209 pins which may impact routing performance. Consider optimization.
[WARNING DRT-0120] Large net u_b2_implementation/u_pcu/u_quad_datapath/g_quad\[2\].u_bank_slice/g_bank\[2\].u_apply/meta_inv_q[86] has 209 pins which may impact routing performance. Consider optimization.
[WARNING DRT-0120] Large net u_b2_implementation/u_pcu/u_quad_datapath/g_quad\[2\].u_bank_slice/g_bank\[2\].u_apply/meta_mode_q[8] has 257 pins which may impact routing performance. Consider optimization.
[WARNING DRT-0120] Large net u_b2_implementation/u_pcu/u_quad_datapath/g_quad\[2\].u_bank_slice/g_bank\[2\].u_apply/rd_ptr_q[0] has 583 pins which may impact routing performance. Consider optimization.
[WARNING DRT-0120] Large net u_b2_implementation/u_pcu/u_quad_datapath/g_quad\[2\].u_bank_slice/g_bank\[2\].u_apply/rd_ptr_q[1] has 173 pins which may impact routing performance. Consider optimization.
[WARNING DRT-0120] Large net u_b2_implementation/u_pcu/u_quad_datapath/g_quad\[2\].u_bank_slice/g_bank\[2\].u_apply/rd_ptr_q[2] has 583 pins which may impact routing performance. Consider optimization.
[WARNING DRT-0120] Large net u_b2_implementation/u_pcu/u_quad_datapath/g_quad\[2\].u_bank_slice/g_bank\[2\].u_apply/rd_ptr_q[3] has 171 pins which may impact routing performance. Consider optimization.
[WARNING DRT-0120] Large net u_b2_implementation/u_pcu/u_quad_datapath/g_quad\[2\].u_bank_slice/g_bank\[2\].u_apply/g_lane\[0\].un/_05114_ has 104 pins which may impact routing performance. Consider optimization.
[WARNING DRT-0120] Large net u_b2_implementation/u_pcu/u_quad_datapath/g_quad\[2\].u_bank_slice/g_bank\[2\].u_apply/g_lane\[0\].us/_05114_ has 104 pins which may impact routing performance. Consider optimization.
[WARNING DRT-0120] Large net u_b2_implementation/u_pcu/u_quad_datapath/g_quad\[2\].u_bank_slice/g_bank\[2\].u_apply/g_lane\[1\].un/_05114_ has 104 pins which may impact routing performance. Consider optimization.
[WARNING DRT-0120] Large net u_b2_implementation/u_pcu/u_quad_datapath/g_quad\[2\].u_bank_slice/g_bank\[2\].u_apply/g_lane\[1\].us/_05114_ has 104 pins which may impact routing performance. Consider optimization.
[WARNING DRT-0120] Large net u_b2_implementation/u_pcu/u_quad_datapath/g_quad\[2\].u_bank_slice/g_bank\[2\].u_apply/g_lane\[2\].un/_05114_ has 104 pins which may impact routing performance. Consider optimization.
[WARNING DRT-0120] Large net u_b2_implementation/u_pcu/u_quad_datapath/g_quad\[2\].u_bank_slice/g_bank\[2\].u_apply/g_lane\[2\].us/_05114_ has 104 pins which may impact routing performance. Consider optimization.
[WARNING DRT-0120] Large net u_b2_implementation/u_pcu/u_quad_datapath/g_quad\[2\].u_bank_slice/g_bank\[2\].u_apply/g_lane\[3\].un/_05114_ has 104 pins which may impact routing performance. Consider optimization.
[WARNING DRT-0120] Large net u_b2_implementation/u_pcu/u_quad_datapath/g_quad\[2\].u_bank_slice/g_bank\[2\].u_apply/g_lane\[3\].us/_05114_ has 104 pins which may impact routing performance. Consider optimization.
[WARNING DRT-0120] Large net u_b2_implementation/u_pcu/u_quad_datapath/g_quad\[2\].u_bank_slice/g_bank\[2\].u_apply/g_lane\[4\].un/_05114_ has 104 pins which may impact routing performance. Consider optimization.
[WARNING DRT-0120] Large net u_b2_implementation/u_pcu/u_quad_datapath/g_quad\[2\].u_bank_slice/g_bank\[2\].u_apply/g_lane\[4\].us/_05114_ has 104 pins which may impact routing performance. Consider optimization.
[WARNING DRT-0120] Large net u_b2_implementation/u_pcu/u_quad_datapath/g_quad\[2\].u_bank_slice/g_bank\[2\].u_apply/g_lane\[5\].un/_05114_ has 104 pins which may impact routing performance. Consider optimization.
[WARNING DRT-0120] Large net u_b2_implementation/u_pcu/u_quad_datapath/g_quad\[2\].u_bank_slice/g_bank\[2\].u_apply/g_lane\[5\].us/_05114_ has 104 pins which may impact routing performance. Consider optimization.
[WARNING DRT-0120] Large net u_b2_implementation/u_pcu/u_quad_datapath/g_quad\[2\].u_bank_slice/g_bank\[2\].u_apply/g_lane\[6\].un/_05114_ has 104 pins which may impact routing performance. Consider optimization.
[WARNING DRT-0120] Large net u_b2_implementation/u_pcu/u_quad_datapath/g_quad\[2\].u_bank_slice/g_bank\[2\].u_apply/g_lane\[6\].us/_05114_ has 104 pins which may impact routing performance. Consider optimization.
[WARNING DRT-0120] Large net u_b2_implementation/u_pcu/u_quad_datapath/g_quad\[2\].u_bank_slice/g_bank\[2\].u_apply/g_lane\[7\].un/_05114_ has 104 pins which may impact routing performance. Consider optimization.
[WARNING DRT-0120] Large net u_b2_implementation/u_pcu/u_quad_datapath/g_quad\[2\].u_bank_slice/g_bank\[2\].u_apply/g_lane\[7\].us/_05114_ has 104 pins which may impact routing performance. Consider optimization.
[WARNING DRT-0120] Large net u_b2_implementation/u_pcu/u_quad_datapath/g_quad\[2\].u_bank_slice/g_bank\[2\].u_reduce/_0760_ has 534 pins which may impact routing performance. Consider optimization.
[WARNING DRT-0120] Large net u_b2_implementation/u_pcu/u_quad_datapath/g_quad\[2\].u_bank_slice/g_bank\[2\].u_reduce/_0791_ has 212 pins which may impact routing performance. Consider optimization.
[WARNING DRT-0120] Large net u_b2_implementation/u_pcu/u_quad_datapath/g_quad\[2\].u_bank_slice/g_bank\[2\].u_reduce/_0812_ has 213 pins which may impact routing performance. Consider optimization.
[WARNING DRT-0120] Large net u_b2_implementation/u_pcu/u_quad_datapath/g_quad\[2\].u_bank_slice/g_bank\[2\].u_reduce/_0818_ has 131 pins which may impact routing performance. Consider optimization.
[WARNING DRT-0120] Large net u_b2_implementation/u_pcu/u_quad_datapath/g_quad\[2\].u_bank_slice/g_bank\[2\].u_reduce/_0819_ has 131 pins which may impact routing performance. Consider optimization.
[WARNING DRT-0120] Large net u_b2_implementation/u_pcu/u_quad_datapath/g_quad\[2\].u_bank_slice/g_bank\[2\].u_reduce/_0821_ has 131 pins which may impact routing performance. Consider optimization.
[WARNING DRT-0120] Large net u_b2_implementation/u_pcu/u_quad_datapath/g_quad\[2\].u_bank_slice/g_bank\[2\].u_reduce/_0829_ has 129 pins which may impact routing performance. Consider optimization.
[WARNING DRT-0120] Large net u_b2_implementation/u_pcu/u_quad_datapath/g_quad\[2\].u_bank_slice/g_bank\[2\].u_reduce/_0958_ has 257 pins which may impact routing performance. Consider optimization.
[WARNING DRT-0120] Large net u_b2_implementation/u_pcu/u_quad_datapath/g_quad\[2\].u_bank_slice/g_bank\[2\].u_reduce/_0959_ has 259 pins which may impact routing performance. Consider optimization.
[WARNING DRT-0120] Large net u_b2_implementation/u_pcu/u_quad_datapath/g_quad\[2\].u_bank_slice/g_bank\[2\].u_reduce/ctx_delay_q\[9\][0] has 130 pins which may impact routing performance. Consider optimization.
[WARNING DRT-0120] Large net u_b2_implementation/u_pcu/u_quad_datapath/g_quad\[2\].u_bank_slice/g_bank\[2\].u_reduce/input_fire has 523 pins which may impact routing performance. Consider optimization.
[WARNING DRT-0120] Large net u_b2_implementation/u_pcu/u_quad_datapath/g_quad\[2\].u_bank_slice/g_bank\[2\].u_reduce/slot_delay_q\[9\][1] has 130 pins which may impact routing performance. Consider optimization.
[WARNING DRT-0120] Large net u_b2_implementation/u_pcu/u_quad_datapath/g_quad\[2\].u_bank_slice/g_bank\[3\].u_apply/_02491_ has 147 pins which may impact routing performance. Consider optimization.
[WARNING DRT-0120] Large net u_b2_implementation/u_pcu/u_quad_datapath/g_quad\[2\].u_bank_slice/g_bank\[3\].u_apply/_02492_ has 147 pins which may impact routing performance. Consider optimization.
[WARNING DRT-0120] Large net u_b2_implementation/u_pcu/u_quad_datapath/g_quad\[2\].u_bank_slice/g_bank\[3\].u_apply/_02493_ has 147 pins which may impact routing performance. Consider optimization.
[WARNING DRT-0120] Large net u_b2_implementation/u_pcu/u_quad_datapath/g_quad\[2\].u_bank_slice/g_bank\[3\].u_apply/_02494_ has 147 pins which may impact routing performance. Consider optimization.
[WARNING DRT-0120] Large net u_b2_implementation/u_pcu/u_quad_datapath/g_quad\[2\].u_bank_slice/g_bank\[3\].u_apply/_02495_ has 147 pins which may impact routing performance. Consider optimization.
[WARNING DRT-0120] Large net u_b2_implementation/u_pcu/u_quad_datapath/g_quad\[2\].u_bank_slice/g_bank\[3\].u_apply/_02496_ has 147 pins which may impact routing performance. Consider optimization.
[WARNING DRT-0120] Large net u_b2_implementation/u_pcu/u_quad_datapath/g_quad\[2\].u_bank_slice/g_bank\[3\].u_apply/_02497_ has 147 pins which may impact routing performance. Consider optimization.
[WARNING DRT-0120] Large net u_b2_implementation/u_pcu/u_quad_datapath/g_quad\[2\].u_bank_slice/g_bank\[3\].u_apply/_02498_ has 147 pins which may impact routing performance. Consider optimization.
[WARNING DRT-0120] Large net u_b2_implementation/u_pcu/u_quad_datapath/g_quad\[2\].u_bank_slice/g_bank\[3\].u_apply/_02499_ has 147 pins which may impact routing performance. Consider optimization.
[WARNING DRT-0120] Large net u_b2_implementation/u_pcu/u_quad_datapath/g_quad\[2\].u_bank_slice/g_bank\[3\].u_apply/_02500_ has 147 pins which may impact routing performance. Consider optimization.
[WARNING DRT-0120] Large net u_b2_implementation/u_pcu/u_quad_datapath/g_quad\[2\].u_bank_slice/g_bank\[3\].u_apply/_02501_ has 147 pins which may impact routing performance. Consider optimization.
[WARNING DRT-0120] Large net u_b2_implementation/u_pcu/u_quad_datapath/g_quad\[2\].u_bank_slice/g_bank\[3\].u_apply/_02502_ has 147 pins which may impact routing performance. Consider optimization.
[WARNING DRT-0120] Large net u_b2_implementation/u_pcu/u_quad_datapath/g_quad\[2\].u_bank_slice/g_bank\[3\].u_apply/_02503_ has 147 pins which may impact routing performance. Consider optimization.
[WARNING DRT-0120] Large net u_b2_implementation/u_pcu/u_quad_datapath/g_quad\[2\].u_bank_slice/g_bank\[3\].u_apply/_02504_ has 147 pins which may impact routing performance. Consider optimization.
[WARNING DRT-0120] Large net u_b2_implementation/u_pcu/u_quad_datapath/g_quad\[2\].u_bank_slice/g_bank\[3\].u_apply/_02505_ has 147 pins which may impact routing performance. Consider optimization.
[WARNING DRT-0120] Large net u_b2_implementation/u_pcu/u_quad_datapath/g_quad\[2\].u_bank_slice/g_bank\[3\].u_apply/_02506_ has 147 pins which may impact routing performance. Consider optimization.
[WARNING DRT-0120] Large net u_b2_implementation/u_pcu/u_quad_datapath/g_quad\[2\].u_bank_slice/g_bank\[3\].u_apply/meta_inv_q[64] has 233 pins which may impact routing performance. Consider optimization.
[WARNING DRT-0120] Large net u_b2_implementation/u_pcu/u_quad_datapath/g_quad\[2\].u_bank_slice/g_bank\[3\].u_apply/meta_inv_q[65] has 249 pins which may impact routing performance. Consider optimization.
[WARNING DRT-0120] Large net u_b2_implementation/u_pcu/u_quad_datapath/g_quad\[2\].u_bank_slice/g_bank\[3\].u_apply/meta_inv_q[66] has 241 pins which may impact routing performance. Consider optimization.
[WARNING DRT-0120] Large net u_b2_implementation/u_pcu/u_quad_datapath/g_quad\[2\].u_bank_slice/g_bank\[3\].u_apply/meta_inv_q[67] has 241 pins which may impact routing performance. Consider optimization.
[WARNING DRT-0120] Large net u_b2_implementation/u_pcu/u_quad_datapath/g_quad\[2\].u_bank_slice/g_bank\[3\].u_apply/meta_inv_q[68] has 209 pins which may impact routing performance. Consider optimization.
[WARNING DRT-0120] Large net u_b2_implementation/u_pcu/u_quad_datapath/g_quad\[2\].u_bank_slice/g_bank\[3\].u_apply/meta_inv_q[69] has 209 pins which may impact routing performance. Consider optimization.
[WARNING DRT-0120] Large net u_b2_implementation/u_pcu/u_quad_datapath/g_quad\[2\].u_bank_slice/g_bank\[3\].u_apply/meta_inv_q[70] has 225 pins which may impact routing performance. Consider optimization.
[WARNING DRT-0120] Large net u_b2_implementation/u_pcu/u_quad_datapath/g_quad\[2\].u_bank_slice/g_bank\[3\].u_apply/meta_inv_q[71] has 209 pins which may impact routing performance. Consider optimization.
[WARNING DRT-0120] Large net u_b2_implementation/u_pcu/u_quad_datapath/g_quad\[2\].u_bank_slice/g_bank\[3\].u_apply/meta_inv_q[72] has 209 pins which may impact routing performance. Consider optimization.
[WARNING DRT-0120] Large net u_b2_implementation/u_pcu/u_quad_datapath/g_quad\[2\].u_bank_slice/g_bank\[3\].u_apply/meta_inv_q[73] has 297 pins which may impact routing performance. Consider optimization.
[WARNING DRT-0120] Large net u_b2_implementation/u_pcu/u_quad_datapath/g_quad\[2\].u_bank_slice/g_bank\[3\].u_apply/meta_inv_q[74] has 297 pins which may impact routing performance. Consider optimization.
[WARNING DRT-0120] Large net u_b2_implementation/u_pcu/u_quad_datapath/g_quad\[2\].u_bank_slice/g_bank\[3\].u_apply/meta_inv_q[75] has 289 pins which may impact routing performance. Consider optimization.
[WARNING DRT-0120] Large net u_b2_implementation/u_pcu/u_quad_datapath/g_quad\[2\].u_bank_slice/g_bank\[3\].u_apply/meta_inv_q[76] has 289 pins which may impact routing performance. Consider optimization.
[WARNING DRT-0120] Large net u_b2_implementation/u_pcu/u_quad_datapath/g_quad\[2\].u_bank_slice/g_bank\[3\].u_apply/meta_inv_q[77] has 209 pins which may impact routing performance. Consider optimization.
[WARNING DRT-0120] Large net u_b2_implementation/u_pcu/u_quad_datapath/g_quad\[2\].u_bank_slice/g_bank\[3\].u_apply/meta_inv_q[78] has 201 pins which may impact routing performance. Consider optimization.
[WARNING DRT-0120] Large net u_b2_implementation/u_pcu/u_quad_datapath/g_quad\[2\].u_bank_slice/g_bank\[3\].u_apply/meta_inv_q[79] has 217 pins which may impact routing performance. Consider optimization.
[WARNING DRT-0120] Large net u_b2_implementation/u_pcu/u_quad_datapath/g_quad\[2\].u_bank_slice/g_bank\[3\].u_apply/meta_inv_q[80] has 217 pins which may impact routing performance. Consider optimization.
[WARNING DRT-0120] Large net u_b2_implementation/u_pcu/u_quad_datapath/g_quad\[2\].u_bank_slice/g_bank\[3\].u_apply/meta_inv_q[81] has 217 pins which may impact routing performance. Consider optimization.
[WARNING DRT-0120] Large net u_b2_implementation/u_pcu/u_quad_datapath/g_quad\[2\].u_bank_slice/g_bank\[3\].u_apply/meta_inv_q[82] has 377 pins which may impact routing performance. Consider optimization.
[WARNING DRT-0120] Large net u_b2_implementation/u_pcu/u_quad_datapath/g_quad\[2\].u_bank_slice/g_bank\[3\].u_apply/meta_inv_q[83] has 321 pins which may impact routing performance. Consider optimization.
[WARNING DRT-0120] Large net u_b2_implementation/u_pcu/u_quad_datapath/g_quad\[2\].u_bank_slice/g_bank\[3\].u_apply/meta_inv_q[84] has 321 pins which may impact routing performance. Consider optimization.
[WARNING DRT-0120] Large net u_b2_implementation/u_pcu/u_quad_datapath/g_quad\[2\].u_bank_slice/g_bank\[3\].u_apply/meta_inv_q[85] has 209 pins which may impact routing performance. Consider optimization.
[WARNING DRT-0120] Large net u_b2_implementation/u_pcu/u_quad_datapath/g_quad\[2\].u_bank_slice/g_bank\[3\].u_apply/meta_inv_q[86] has 209 pins which may impact routing performance. Consider optimization.
[WARNING DRT-0120] Large net u_b2_implementation/u_pcu/u_quad_datapath/g_quad\[2\].u_bank_slice/g_bank\[3\].u_apply/meta_mode_q[8] has 257 pins which may impact routing performance. Consider optimization.
[WARNING DRT-0120] Large net u_b2_implementation/u_pcu/u_quad_datapath/g_quad\[2\].u_bank_slice/g_bank\[3\].u_apply/rd_ptr_q[0] has 583 pins which may impact routing performance. Consider optimization.
[WARNING DRT-0120] Large net u_b2_implementation/u_pcu/u_quad_datapath/g_quad\[2\].u_bank_slice/g_bank\[3\].u_apply/rd_ptr_q[1] has 173 pins which may impact routing performance. Consider optimization.
[WARNING DRT-0120] Large net u_b2_implementation/u_pcu/u_quad_datapath/g_quad\[2\].u_bank_slice/g_bank\[3\].u_apply/rd_ptr_q[2] has 583 pins which may impact routing performance. Consider optimization.
[WARNING DRT-0120] Large net u_b2_implementation/u_pcu/u_quad_datapath/g_quad\[2\].u_bank_slice/g_bank\[3\].u_apply/rd_ptr_q[3] has 171 pins which may impact routing performance. Consider optimization.
[WARNING DRT-0120] Large net u_b2_implementation/u_pcu/u_quad_datapath/g_quad\[2\].u_bank_slice/g_bank\[3\].u_apply/g_lane\[0\].un/_05114_ has 104 pins which may impact routing performance. Consider optimization.
[WARNING DRT-0120] Large net u_b2_implementation/u_pcu/u_quad_datapath/g_quad\[2\].u_bank_slice/g_bank\[3\].u_apply/g_lane\[0\].us/_05114_ has 104 pins which may impact routing performance. Consider optimization.
[WARNING DRT-0120] Large net u_b2_implementation/u_pcu/u_quad_datapath/g_quad\[2\].u_bank_slice/g_bank\[3\].u_apply/g_lane\[1\].un/_05114_ has 104 pins which may impact routing performance. Consider optimization.
[WARNING DRT-0120] Large net u_b2_implementation/u_pcu/u_quad_datapath/g_quad\[2\].u_bank_slice/g_bank\[3\].u_apply/g_lane\[1\].us/_05114_ has 104 pins which may impact routing performance. Consider optimization.
[WARNING DRT-0120] Large net u_b2_implementation/u_pcu/u_quad_datapath/g_quad\[2\].u_bank_slice/g_bank\[3\].u_apply/g_lane\[2\].un/_05114_ has 104 pins which may impact routing performance. Consider optimization.
[WARNING DRT-0120] Large net u_b2_implementation/u_pcu/u_quad_datapath/g_quad\[2\].u_bank_slice/g_bank\[3\].u_apply/g_lane\[2\].us/_05114_ has 104 pins which may impact routing performance. Consider optimization.
[WARNING DRT-0120] Large net u_b2_implementation/u_pcu/u_quad_datapath/g_quad\[2\].u_bank_slice/g_bank\[3\].u_apply/g_lane\[3\].un/_05114_ has 104 pins which may impact routing performance. Consider optimization.
[WARNING DRT-0120] Large net u_b2_implementation/u_pcu/u_quad_datapath/g_quad\[2\].u_bank_slice/g_bank\[3\].u_apply/g_lane\[3\].us/_05114_ has 104 pins which may impact routing performance. Consider optimization.
[WARNING DRT-0120] Large net u_b2_implementation/u_pcu/u_quad_datapath/g_quad\[2\].u_bank_slice/g_bank\[3\].u_apply/g_lane\[4\].un/_05114_ has 104 pins which may impact routing performance. Consider optimization.
[WARNING DRT-0120] Large net u_b2_implementation/u_pcu/u_quad_datapath/g_quad\[2\].u_bank_slice/g_bank\[3\].u_apply/g_lane\[4\].us/_05114_ has 104 pins which may impact routing performance. Consider optimization.
[WARNING DRT-0120] Large net u_b2_implementation/u_pcu/u_quad_datapath/g_quad\[2\].u_bank_slice/g_bank\[3\].u_apply/g_lane\[5\].un/_05114_ has 104 pins which may impact routing performance. Consider optimization.
[WARNING DRT-0120] Large net u_b2_implementation/u_pcu/u_quad_datapath/g_quad\[2\].u_bank_slice/g_bank\[3\].u_apply/g_lane\[5\].us/_05114_ has 104 pins which may impact routing performance. Consider optimization.
[WARNING DRT-0120] Large net u_b2_implementation/u_pcu/u_quad_datapath/g_quad\[2\].u_bank_slice/g_bank\[3\].u_apply/g_lane\[6\].un/_05114_ has 104 pins which may impact routing performance. Consider optimization.
[WARNING DRT-0120] Large net u_b2_implementation/u_pcu/u_quad_datapath/g_quad\[2\].u_bank_slice/g_bank\[3\].u_apply/g_lane\[6\].us/_05114_ has 104 pins which may impact routing performance. Consider optimization.
[WARNING DRT-0120] Large net u_b2_implementation/u_pcu/u_quad_datapath/g_quad\[2\].u_bank_slice/g_bank\[3\].u_apply/g_lane\[7\].un/_05114_ has 104 pins which may impact routing performance. Consider optimization.
[WARNING DRT-0120] Large net u_b2_implementation/u_pcu/u_quad_datapath/g_quad\[2\].u_bank_slice/g_bank\[3\].u_apply/g_lane\[7\].us/_05114_ has 104 pins which may impact routing performance. Consider optimization.
[WARNING DRT-0120] Large net u_b2_implementation/u_pcu/u_quad_datapath/g_quad\[2\].u_bank_slice/g_bank\[3\].u_reduce/_0760_ has 534 pins which may impact routing performance. Consider optimization.
[WARNING DRT-0120] Large net u_b2_implementation/u_pcu/u_quad_datapath/g_quad\[2\].u_bank_slice/g_bank\[3\].u_reduce/_0791_ has 212 pins which may impact routing performance. Consider optimization.
[WARNING DRT-0120] Large net u_b2_implementation/u_pcu/u_quad_datapath/g_quad\[2\].u_bank_slice/g_bank\[3\].u_reduce/_0812_ has 213 pins which may impact routing performance. Consider optimization.
[WARNING DRT-0120] Large net u_b2_implementation/u_pcu/u_quad_datapath/g_quad\[2\].u_bank_slice/g_bank\[3\].u_reduce/_0818_ has 131 pins which may impact routing performance. Consider optimization.
[WARNING DRT-0120] Large net u_b2_implementation/u_pcu/u_quad_datapath/g_quad\[2\].u_bank_slice/g_bank\[3\].u_reduce/_0819_ has 131 pins which may impact routing performance. Consider optimization.
[WARNING DRT-0120] Large net u_b2_implementation/u_pcu/u_quad_datapath/g_quad\[2\].u_bank_slice/g_bank\[3\].u_reduce/_0821_ has 131 pins which may impact routing performance. Consider optimization.
[WARNING DRT-0120] Large net u_b2_implementation/u_pcu/u_quad_datapath/g_quad\[2\].u_bank_slice/g_bank\[3\].u_reduce/_0829_ has 129 pins which may impact routing performance. Consider optimization.
[WARNING DRT-0120] Large net u_b2_implementation/u_pcu/u_quad_datapath/g_quad\[2\].u_bank_slice/g_bank\[3\].u_reduce/_0958_ has 257 pins which may impact routing performance. Consider optimization.
[WARNING DRT-0120] Large net u_b2_implementation/u_pcu/u_quad_datapath/g_quad\[2\].u_bank_slice/g_bank\[3\].u_reduce/_0959_ has 259 pins which may impact routing performance. Consider optimization.
[WARNING DRT-0120] Large net u_b2_implementation/u_pcu/u_quad_datapath/g_quad\[2\].u_bank_slice/g_bank\[3\].u_reduce/ctx_delay_q\[9\][0] has 130 pins which may impact routing performance. Consider optimization.
[WARNING DRT-0120] Large net u_b2_implementation/u_pcu/u_quad_datapath/g_quad\[2\].u_bank_slice/g_bank\[3\].u_reduce/input_fire has 523 pins which may impact routing performance. Consider optimization.
[WARNING DRT-0120] Large net u_b2_implementation/u_pcu/u_quad_datapath/g_quad\[2\].u_bank_slice/g_bank\[3\].u_reduce/slot_delay_q\[9\][1] has 130 pins which may impact routing performance. Consider optimization.
[WARNING DRT-0120] Large net u_b2_implementation/u_pcu/u_quad_datapath/g_quad\[3\].u_bank_slice/apply_rst_n[0] has 1702 pins which may impact routing performance. Consider optimization.
[WARNING DRT-0120] Large net u_b2_implementation/u_pcu/u_quad_datapath/g_quad\[3\].u_bank_slice/apply_rst_n[1] has 3400 pins which may impact routing performance. Consider optimization.
[WARNING DRT-0120] Large net u_b2_implementation/u_pcu/u_quad_datapath/g_quad\[3\].u_bank_slice/apply_rst_n[2] has 853 pins which may impact routing performance. Consider optimization.
[WARNING DRT-0120] Large net u_b2_implementation/u_pcu/u_quad_datapath/g_quad\[3\].u_bank_slice/apply_rst_n[3] has 3400 pins which may impact routing performance. Consider optimization.
[WARNING DRT-0120] Large net u_b2_implementation/u_pcu/u_quad_datapath/g_quad\[3\].u_bank_slice/quad_reducer_rst_n has 1000 pins which may impact routing performance. Consider optimization.
[WARNING DRT-0120] Large net u_b2_implementation/u_pcu/u_quad_datapath/g_quad\[3\].u_bank_slice/reduce_rst_n[0] has 1157 pins which may impact routing performance. Consider optimization.
[WARNING DRT-0120] Large net u_b2_implementation/u_pcu/u_quad_datapath/g_quad\[3\].u_bank_slice/reduce_rst_n[1] has 2311 pins which may impact routing performance. Consider optimization.
[WARNING DRT-0120] Large net u_b2_implementation/u_pcu/u_quad_datapath/g_quad\[3\].u_bank_slice/reduce_rst_n[3] has 580 pins which may impact routing performance. Consider optimization.
[WARNING DRT-0120] Large net u_b2_implementation/u_pcu/u_quad_datapath/g_quad\[3\].u_bank_slice/g_bank\[0\].u_apply/_02491_ has 147 pins which may impact routing performance. Consider optimization.
[WARNING DRT-0120] Large net u_b2_implementation/u_pcu/u_quad_datapath/g_quad\[3\].u_bank_slice/g_bank\[0\].u_apply/_02492_ has 147 pins which may impact routing performance. Consider optimization.
[WARNING DRT-0120] Large net u_b2_implementation/u_pcu/u_quad_datapath/g_quad\[3\].u_bank_slice/g_bank\[0\].u_apply/_02493_ has 147 pins which may impact routing performance. Consider optimization.
[WARNING DRT-0120] Large net u_b2_implementation/u_pcu/u_quad_datapath/g_quad\[3\].u_bank_slice/g_bank\[0\].u_apply/_02494_ has 147 pins which may impact routing performance. Consider optimization.
[WARNING DRT-0120] Large net u_b2_implementation/u_pcu/u_quad_datapath/g_quad\[3\].u_bank_slice/g_bank\[0\].u_apply/_02495_ has 147 pins which may impact routing performance. Consider optimization.
[WARNING DRT-0120] Large net u_b2_implementation/u_pcu/u_quad_datapath/g_quad\[3\].u_bank_slice/g_bank\[0\].u_apply/_02496_ has 147 pins which may impact routing performance. Consider optimization.
[WARNING DRT-0120] Large net u_b2_implementation/u_pcu/u_quad_datapath/g_quad\[3\].u_bank_slice/g_bank\[0\].u_apply/_02497_ has 147 pins which may impact routing performance. Consider optimization.
[WARNING DRT-0120] Large net u_b2_implementation/u_pcu/u_quad_datapath/g_quad\[3\].u_bank_slice/g_bank\[0\].u_apply/_02498_ has 147 pins which may impact routing performance. Consider optimization.
[WARNING DRT-0120] Large net u_b2_implementation/u_pcu/u_quad_datapath/g_quad\[3\].u_bank_slice/g_bank\[0\].u_apply/_02499_ has 147 pins which may impact routing performance. Consider optimization.
[WARNING DRT-0120] Large net u_b2_implementation/u_pcu/u_quad_datapath/g_quad\[3\].u_bank_slice/g_bank\[0\].u_apply/_02500_ has 147 pins which may impact routing performance. Consider optimization.
[WARNING DRT-0120] Large net u_b2_implementation/u_pcu/u_quad_datapath/g_quad\[3\].u_bank_slice/g_bank\[0\].u_apply/_02501_ has 147 pins which may impact routing performance. Consider optimization.
[WARNING DRT-0120] Large net u_b2_implementation/u_pcu/u_quad_datapath/g_quad\[3\].u_bank_slice/g_bank\[0\].u_apply/_02502_ has 147 pins which may impact routing performance. Consider optimization.
[WARNING DRT-0120] Large net u_b2_implementation/u_pcu/u_quad_datapath/g_quad\[3\].u_bank_slice/g_bank\[0\].u_apply/_02503_ has 147 pins which may impact routing performance. Consider optimization.
[WARNING DRT-0120] Large net u_b2_implementation/u_pcu/u_quad_datapath/g_quad\[3\].u_bank_slice/g_bank\[0\].u_apply/_02504_ has 147 pins which may impact routing performance. Consider optimization.
[WARNING DRT-0120] Large net u_b2_implementation/u_pcu/u_quad_datapath/g_quad\[3\].u_bank_slice/g_bank\[0\].u_apply/_02505_ has 147 pins which may impact routing performance. Consider optimization.
[WARNING DRT-0120] Large net u_b2_implementation/u_pcu/u_quad_datapath/g_quad\[3\].u_bank_slice/g_bank\[0\].u_apply/_02506_ has 147 pins which may impact routing performance. Consider optimization.
[WARNING DRT-0120] Large net u_b2_implementation/u_pcu/u_quad_datapath/g_quad\[3\].u_bank_slice/g_bank\[0\].u_apply/meta_inv_q[64] has 233 pins which may impact routing performance. Consider optimization.
[WARNING DRT-0120] Large net u_b2_implementation/u_pcu/u_quad_datapath/g_quad\[3\].u_bank_slice/g_bank\[0\].u_apply/meta_inv_q[65] has 249 pins which may impact routing performance. Consider optimization.
[WARNING DRT-0120] Large net u_b2_implementation/u_pcu/u_quad_datapath/g_quad\[3\].u_bank_slice/g_bank\[0\].u_apply/meta_inv_q[66] has 241 pins which may impact routing performance. Consider optimization.
[WARNING DRT-0120] Large net u_b2_implementation/u_pcu/u_quad_datapath/g_quad\[3\].u_bank_slice/g_bank\[0\].u_apply/meta_inv_q[67] has 241 pins which may impact routing performance. Consider optimization.
[WARNING DRT-0120] Large net u_b2_implementation/u_pcu/u_quad_datapath/g_quad\[3\].u_bank_slice/g_bank\[0\].u_apply/meta_inv_q[68] has 209 pins which may impact routing performance. Consider optimization.
[WARNING DRT-0120] Large net u_b2_implementation/u_pcu/u_quad_datapath/g_quad\[3\].u_bank_slice/g_bank\[0\].u_apply/meta_inv_q[69] has 209 pins which may impact routing performance. Consider optimization.
[WARNING DRT-0120] Large net u_b2_implementation/u_pcu/u_quad_datapath/g_quad\[3\].u_bank_slice/g_bank\[0\].u_apply/meta_inv_q[70] has 225 pins which may impact routing performance. Consider optimization.
[WARNING DRT-0120] Large net u_b2_implementation/u_pcu/u_quad_datapath/g_quad\[3\].u_bank_slice/g_bank\[0\].u_apply/meta_inv_q[71] has 209 pins which may impact routing performance. Consider optimization.
[WARNING DRT-0120] Large net u_b2_implementation/u_pcu/u_quad_datapath/g_quad\[3\].u_bank_slice/g_bank\[0\].u_apply/meta_inv_q[72] has 209 pins which may impact routing performance. Consider optimization.
[WARNING DRT-0120] Large net u_b2_implementation/u_pcu/u_quad_datapath/g_quad\[3\].u_bank_slice/g_bank\[0\].u_apply/meta_inv_q[73] has 297 pins which may impact routing performance. Consider optimization.
[WARNING DRT-0120] Large net u_b2_implementation/u_pcu/u_quad_datapath/g_quad\[3\].u_bank_slice/g_bank\[0\].u_apply/meta_inv_q[74] has 297 pins which may impact routing performance. Consider optimization.
[WARNING DRT-0120] Large net u_b2_implementation/u_pcu/u_quad_datapath/g_quad\[3\].u_bank_slice/g_bank\[0\].u_apply/meta_inv_q[75] has 289 pins which may impact routing performance. Consider optimization.
[WARNING DRT-0120] Large net u_b2_implementation/u_pcu/u_quad_datapath/g_quad\[3\].u_bank_slice/g_bank\[0\].u_apply/meta_inv_q[76] has 289 pins which may impact routing performance. Consider optimization.
[WARNING DRT-0120] Large net u_b2_implementation/u_pcu/u_quad_datapath/g_quad\[3\].u_bank_slice/g_bank\[0\].u_apply/meta_inv_q[77] has 209 pins which may impact routing performance. Consider optimization.
[WARNING DRT-0120] Large net u_b2_implementation/u_pcu/u_quad_datapath/g_quad\[3\].u_bank_slice/g_bank\[0\].u_apply/meta_inv_q[78] has 201 pins which may impact routing performance. Consider optimization.
[WARNING DRT-0120] Large net u_b2_implementation/u_pcu/u_quad_datapath/g_quad\[3\].u_bank_slice/g_bank\[0\].u_apply/meta_inv_q[79] has 217 pins which may impact routing performance. Consider optimization.
[WARNING DRT-0120] Large net u_b2_implementation/u_pcu/u_quad_datapath/g_quad\[3\].u_bank_slice/g_bank\[0\].u_apply/meta_inv_q[80] has 217 pins which may impact routing performance. Consider optimization.
[WARNING DRT-0120] Large net u_b2_implementation/u_pcu/u_quad_datapath/g_quad\[3\].u_bank_slice/g_bank\[0\].u_apply/meta_inv_q[81] has 217 pins which may impact routing performance. Consider optimization.
[WARNING DRT-0120] Large net u_b2_implementation/u_pcu/u_quad_datapath/g_quad\[3\].u_bank_slice/g_bank\[0\].u_apply/meta_inv_q[82] has 377 pins which may impact routing performance. Consider optimization.
[WARNING DRT-0120] Large net u_b2_implementation/u_pcu/u_quad_datapath/g_quad\[3\].u_bank_slice/g_bank\[0\].u_apply/meta_inv_q[83] has 321 pins which may impact routing performance. Consider optimization.
[WARNING DRT-0120] Large net u_b2_implementation/u_pcu/u_quad_datapath/g_quad\[3\].u_bank_slice/g_bank\[0\].u_apply/meta_inv_q[84] has 321 pins which may impact routing performance. Consider optimization.
[WARNING DRT-0120] Large net u_b2_implementation/u_pcu/u_quad_datapath/g_quad\[3\].u_bank_slice/g_bank\[0\].u_apply/meta_inv_q[85] has 209 pins which may impact routing performance. Consider optimization.
[WARNING DRT-0120] Large net u_b2_implementation/u_pcu/u_quad_datapath/g_quad\[3\].u_bank_slice/g_bank\[0\].u_apply/meta_inv_q[86] has 209 pins which may impact routing performance. Consider optimization.
[WARNING DRT-0120] Large net u_b2_implementation/u_pcu/u_quad_datapath/g_quad\[3\].u_bank_slice/g_bank\[0\].u_apply/meta_mode_q[8] has 257 pins which may impact routing performance. Consider optimization.
[WARNING DRT-0120] Large net u_b2_implementation/u_pcu/u_quad_datapath/g_quad\[3\].u_bank_slice/g_bank\[0\].u_apply/rd_ptr_q[0] has 583 pins which may impact routing performance. Consider optimization.
[WARNING DRT-0120] Large net u_b2_implementation/u_pcu/u_quad_datapath/g_quad\[3\].u_bank_slice/g_bank\[0\].u_apply/rd_ptr_q[1] has 173 pins which may impact routing performance. Consider optimization.
[WARNING DRT-0120] Large net u_b2_implementation/u_pcu/u_quad_datapath/g_quad\[3\].u_bank_slice/g_bank\[0\].u_apply/rd_ptr_q[2] has 583 pins which may impact routing performance. Consider optimization.
[WARNING DRT-0120] Large net u_b2_implementation/u_pcu/u_quad_datapath/g_quad\[3\].u_bank_slice/g_bank\[0\].u_apply/rd_ptr_q[3] has 171 pins which may impact routing performance. Consider optimization.
[WARNING DRT-0120] Large net u_b2_implementation/u_pcu/u_quad_datapath/g_quad\[3\].u_bank_slice/g_bank\[0\].u_apply/g_lane\[0\].un/_05114_ has 104 pins which may impact routing performance. Consider optimization.
[WARNING DRT-0120] Large net u_b2_implementation/u_pcu/u_quad_datapath/g_quad\[3\].u_bank_slice/g_bank\[0\].u_apply/g_lane\[0\].us/_05114_ has 104 pins which may impact routing performance. Consider optimization.
[WARNING DRT-0120] Large net u_b2_implementation/u_pcu/u_quad_datapath/g_quad\[3\].u_bank_slice/g_bank\[0\].u_apply/g_lane\[1\].un/_05114_ has 104 pins which may impact routing performance. Consider optimization.
[WARNING DRT-0120] Large net u_b2_implementation/u_pcu/u_quad_datapath/g_quad\[3\].u_bank_slice/g_bank\[0\].u_apply/g_lane\[1\].us/_05114_ has 104 pins which may impact routing performance. Consider optimization.
[WARNING DRT-0120] Large net u_b2_implementation/u_pcu/u_quad_datapath/g_quad\[3\].u_bank_slice/g_bank\[0\].u_apply/g_lane\[2\].un/_05114_ has 104 pins which may impact routing performance. Consider optimization.
[WARNING DRT-0120] Large net u_b2_implementation/u_pcu/u_quad_datapath/g_quad\[3\].u_bank_slice/g_bank\[0\].u_apply/g_lane\[2\].us/_05114_ has 104 pins which may impact routing performance. Consider optimization.
[WARNING DRT-0120] Large net u_b2_implementation/u_pcu/u_quad_datapath/g_quad\[3\].u_bank_slice/g_bank\[0\].u_apply/g_lane\[3\].un/_05114_ has 104 pins which may impact routing performance. Consider optimization.
[WARNING DRT-0120] Large net u_b2_implementation/u_pcu/u_quad_datapath/g_quad\[3\].u_bank_slice/g_bank\[0\].u_apply/g_lane\[3\].us/_05114_ has 104 pins which may impact routing performance. Consider optimization.
[WARNING DRT-0120] Large net u_b2_implementation/u_pcu/u_quad_datapath/g_quad\[3\].u_bank_slice/g_bank\[0\].u_apply/g_lane\[4\].un/_05114_ has 104 pins which may impact routing performance. Consider optimization.
[WARNING DRT-0120] Large net u_b2_implementation/u_pcu/u_quad_datapath/g_quad\[3\].u_bank_slice/g_bank\[0\].u_apply/g_lane\[4\].us/_05114_ has 104 pins which may impact routing performance. Consider optimization.
[WARNING DRT-0120] Large net u_b2_implementation/u_pcu/u_quad_datapath/g_quad\[3\].u_bank_slice/g_bank\[0\].u_apply/g_lane\[5\].un/_05114_ has 104 pins which may impact routing performance. Consider optimization.
[WARNING DRT-0120] Large net u_b2_implementation/u_pcu/u_quad_datapath/g_quad\[3\].u_bank_slice/g_bank\[0\].u_apply/g_lane\[5\].us/_05114_ has 104 pins which may impact routing performance. Consider optimization.
[WARNING DRT-0120] Large net u_b2_implementation/u_pcu/u_quad_datapath/g_quad\[3\].u_bank_slice/g_bank\[0\].u_apply/g_lane\[6\].un/_05114_ has 104 pins which may impact routing performance. Consider optimization.
[WARNING DRT-0120] Large net u_b2_implementation/u_pcu/u_quad_datapath/g_quad\[3\].u_bank_slice/g_bank\[0\].u_apply/g_lane\[6\].us/_05114_ has 104 pins which may impact routing performance. Consider optimization.
[WARNING DRT-0120] Large net u_b2_implementation/u_pcu/u_quad_datapath/g_quad\[3\].u_bank_slice/g_bank\[0\].u_apply/g_lane\[7\].un/_05114_ has 104 pins which may impact routing performance. Consider optimization.
[WARNING DRT-0120] Large net u_b2_implementation/u_pcu/u_quad_datapath/g_quad\[3\].u_bank_slice/g_bank\[0\].u_apply/g_lane\[7\].us/_05114_ has 104 pins which may impact routing performance. Consider optimization.
[WARNING DRT-0120] Large net u_b2_implementation/u_pcu/u_quad_datapath/g_quad\[3\].u_bank_slice/g_bank\[0\].u_reduce/_0760_ has 534 pins which may impact routing performance. Consider optimization.
[WARNING DRT-0120] Large net u_b2_implementation/u_pcu/u_quad_datapath/g_quad\[3\].u_bank_slice/g_bank\[0\].u_reduce/_0791_ has 212 pins which may impact routing performance. Consider optimization.
[WARNING DRT-0120] Large net u_b2_implementation/u_pcu/u_quad_datapath/g_quad\[3\].u_bank_slice/g_bank\[0\].u_reduce/_0812_ has 213 pins which may impact routing performance. Consider optimization.
[WARNING DRT-0120] Large net u_b2_implementation/u_pcu/u_quad_datapath/g_quad\[3\].u_bank_slice/g_bank\[0\].u_reduce/_0818_ has 131 pins which may impact routing performance. Consider optimization.
[WARNING DRT-0120] Large net u_b2_implementation/u_pcu/u_quad_datapath/g_quad\[3\].u_bank_slice/g_bank\[0\].u_reduce/_0819_ has 131 pins which may impact routing performance. Consider optimization.
[WARNING DRT-0120] Large net u_b2_implementation/u_pcu/u_quad_datapath/g_quad\[3\].u_bank_slice/g_bank\[0\].u_reduce/_0821_ has 131 pins which may impact routing performance. Consider optimization.
[WARNING DRT-0120] Large net u_b2_implementation/u_pcu/u_quad_datapath/g_quad\[3\].u_bank_slice/g_bank\[0\].u_reduce/_0829_ has 129 pins which may impact routing performance. Consider optimization.
[WARNING DRT-0120] Large net u_b2_implementation/u_pcu/u_quad_datapath/g_quad\[3\].u_bank_slice/g_bank\[0\].u_reduce/_0958_ has 257 pins which may impact routing performance. Consider optimization.
[WARNING DRT-0120] Large net u_b2_implementation/u_pcu/u_quad_datapath/g_quad\[3\].u_bank_slice/g_bank\[0\].u_reduce/_0959_ has 259 pins which may impact routing performance. Consider optimization.
[WARNING DRT-0120] Large net u_b2_implementation/u_pcu/u_quad_datapath/g_quad\[3\].u_bank_slice/g_bank\[0\].u_reduce/ctx_delay_q\[9\][0] has 130 pins which may impact routing performance. Consider optimization.
[WARNING DRT-0120] Large net u_b2_implementation/u_pcu/u_quad_datapath/g_quad\[3\].u_bank_slice/g_bank\[0\].u_reduce/input_fire has 523 pins which may impact routing performance. Consider optimization.
[WARNING DRT-0120] Large net u_b2_implementation/u_pcu/u_quad_datapath/g_quad\[3\].u_bank_slice/g_bank\[0\].u_reduce/slot_delay_q\[9\][1] has 130 pins which may impact routing performance. Consider optimization.
[WARNING DRT-0120] Large net u_b2_implementation/u_pcu/u_quad_datapath/g_quad\[3\].u_bank_slice/g_bank\[1\].u_apply/_02491_ has 147 pins which may impact routing performance. Consider optimization.
[WARNING DRT-0120] Large net u_b2_implementation/u_pcu/u_quad_datapath/g_quad\[3\].u_bank_slice/g_bank\[1\].u_apply/_02492_ has 147 pins which may impact routing performance. Consider optimization.
[WARNING DRT-0120] Large net u_b2_implementation/u_pcu/u_quad_datapath/g_quad\[3\].u_bank_slice/g_bank\[1\].u_apply/_02493_ has 147 pins which may impact routing performance. Consider optimization.
[WARNING DRT-0120] Large net u_b2_implementation/u_pcu/u_quad_datapath/g_quad\[3\].u_bank_slice/g_bank\[1\].u_apply/_02494_ has 147 pins which may impact routing performance. Consider optimization.
[WARNING DRT-0120] Large net u_b2_implementation/u_pcu/u_quad_datapath/g_quad\[3\].u_bank_slice/g_bank\[1\].u_apply/_02495_ has 147 pins which may impact routing performance. Consider optimization.
[WARNING DRT-0120] Large net u_b2_implementation/u_pcu/u_quad_datapath/g_quad\[3\].u_bank_slice/g_bank\[1\].u_apply/_02496_ has 147 pins which may impact routing performance. Consider optimization.
[WARNING DRT-0120] Large net u_b2_implementation/u_pcu/u_quad_datapath/g_quad\[3\].u_bank_slice/g_bank\[1\].u_apply/_02497_ has 147 pins which may impact routing performance. Consider optimization.
[WARNING DRT-0120] Large net u_b2_implementation/u_pcu/u_quad_datapath/g_quad\[3\].u_bank_slice/g_bank\[1\].u_apply/_02498_ has 147 pins which may impact routing performance. Consider optimization.
[WARNING DRT-0120] Large net u_b2_implementation/u_pcu/u_quad_datapath/g_quad\[3\].u_bank_slice/g_bank\[1\].u_apply/_02499_ has 147 pins which may impact routing performance. Consider optimization.
[WARNING DRT-0120] Large net u_b2_implementation/u_pcu/u_quad_datapath/g_quad\[3\].u_bank_slice/g_bank\[1\].u_apply/_02500_ has 147 pins which may impact routing performance. Consider optimization.
[WARNING DRT-0120] Large net u_b2_implementation/u_pcu/u_quad_datapath/g_quad\[3\].u_bank_slice/g_bank\[1\].u_apply/_02501_ has 147 pins which may impact routing performance. Consider optimization.
[WARNING DRT-0120] Large net u_b2_implementation/u_pcu/u_quad_datapath/g_quad\[3\].u_bank_slice/g_bank\[1\].u_apply/_02502_ has 147 pins which may impact routing performance. Consider optimization.
[WARNING DRT-0120] Large net u_b2_implementation/u_pcu/u_quad_datapath/g_quad\[3\].u_bank_slice/g_bank\[1\].u_apply/_02503_ has 147 pins which may impact routing performance. Consider optimization.
[WARNING DRT-0120] Large net u_b2_implementation/u_pcu/u_quad_datapath/g_quad\[3\].u_bank_slice/g_bank\[1\].u_apply/_02504_ has 147 pins which may impact routing performance. Consider optimization.
[WARNING DRT-0120] Large net u_b2_implementation/u_pcu/u_quad_datapath/g_quad\[3\].u_bank_slice/g_bank\[1\].u_apply/_02505_ has 147 pins which may impact routing performance. Consider optimization.
[WARNING DRT-0120] Large net u_b2_implementation/u_pcu/u_quad_datapath/g_quad\[3\].u_bank_slice/g_bank\[1\].u_apply/_02506_ has 147 pins which may impact routing performance. Consider optimization.
[WARNING DRT-0120] Large net u_b2_implementation/u_pcu/u_quad_datapath/g_quad\[3\].u_bank_slice/g_bank\[1\].u_apply/meta_inv_q[64] has 233 pins which may impact routing performance. Consider optimization.
[WARNING DRT-0120] Large net u_b2_implementation/u_pcu/u_quad_datapath/g_quad\[3\].u_bank_slice/g_bank\[1\].u_apply/meta_inv_q[65] has 249 pins which may impact routing performance. Consider optimization.
[WARNING DRT-0120] Large net u_b2_implementation/u_pcu/u_quad_datapath/g_quad\[3\].u_bank_slice/g_bank\[1\].u_apply/meta_inv_q[66] has 241 pins which may impact routing performance. Consider optimization.
[WARNING DRT-0120] Large net u_b2_implementation/u_pcu/u_quad_datapath/g_quad\[3\].u_bank_slice/g_bank\[1\].u_apply/meta_inv_q[67] has 241 pins which may impact routing performance. Consider optimization.
[WARNING DRT-0120] Large net u_b2_implementation/u_pcu/u_quad_datapath/g_quad\[3\].u_bank_slice/g_bank\[1\].u_apply/meta_inv_q[68] has 209 pins which may impact routing performance. Consider optimization.
[WARNING DRT-0120] Large net u_b2_implementation/u_pcu/u_quad_datapath/g_quad\[3\].u_bank_slice/g_bank\[1\].u_apply/meta_inv_q[69] has 209 pins which may impact routing performance. Consider optimization.
[WARNING DRT-0120] message limit (1000) reached. This message will no longer print.

Design:                   logic_die_normalization_hbm_quad_local_b2_top
Die area:                 ( 0 0 ) ( 9037220 9037220 )
Number of track patterns: 12
Number of DEF vias:       0
Number of components:     4914323
Number of terminals:      755
Number of snets:          2
Number of nets:           3799491

[INFO DRT-0167] List of default vias:
  Layer via
    default via: M1M2_PR
  Layer via2
    default via: M2M3_PR
  Layer via3
    default via: M3M4_PR
  Layer via4
    default via: M4M5_PR
[INFO DRT-0162] Library cell analysis.
[INFO DRT-0163] Instance analysis.
  Complete 100000 instances.
  Complete 200000 instances.
  Complete 300000 instances.
  Complete 400000 instances.
  Complete 500000 instances.
  Complete 600000 instances.
  Complete 700000 instances.
  Complete 800000 instances.
  Complete 900000 instances.
  Complete 1000000 instances.
  Complete 2000000 instances.
  Complete 3000000 instances.
  Complete 4000000 instances.
[INFO DRT-0164] Number of unique instances = 208.
[INFO DRT-0168] Init region query.
[INFO DRT-0018]   Complete 100000 insts.
[INFO DRT-0018]   Complete 200000 insts.
[INFO DRT-0018]   Complete 300000 insts.
[INFO DRT-0018]   Complete 400000 insts.
[INFO DRT-0018]   Complete 500000 insts.
[INFO DRT-0018]   Complete 600000 insts.
[INFO DRT-0018]   Complete 700000 insts.
[INFO DRT-0018]   Complete 800000 insts.
[INFO DRT-0018]   Complete 900000 insts.
[INFO DRT-0019]   Complete 1000000 insts.
[INFO DRT-0019]   Complete 2000000 insts.
[INFO DRT-0019]   Complete 3000000 insts.
[INFO DRT-0019]   Complete 4000000 insts.
[INFO DRT-0024]   Complete FR_MASTERSLICE.
[INFO DRT-0024]   Complete Fr_VIA.
[INFO DRT-0024]   Complete li1.
[INFO DRT-0024]   Complete mcon.
[INFO DRT-0024]   Complete met1.
[INFO DRT-0024]   Complete via.
[INFO DRT-0024]   Complete met2.
[INFO DRT-0024]   Complete via2.
[INFO DRT-0024]   Complete met3.
[INFO DRT-0024]   Complete via3.
[INFO DRT-0024]   Complete met4.
[INFO DRT-0024]   Complete via4.
[INFO DRT-0024]   Complete met5.
[INFO DRT-0033] FR_MASTERSLICE shape region query size = 0.
[INFO DRT-0033] FR_VIA shape region query size = 0.
[INFO DRT-0033] li1 shape region query size = 99305559.
[INFO DRT-0033] mcon shape region query size = 54026680.
[INFO DRT-0033] met1 shape region query size = 15779188.
[INFO DRT-0033] via shape region query size = 5502900.
[INFO DRT-0033] met2 shape region query size = 3301838.
[INFO DRT-0033] via2 shape region query size = 4402320.
[INFO DRT-0033] met3 shape region query size = 3301830.
[INFO DRT-0033] via3 shape region query size = 4402320.
[INFO DRT-0033] met4 shape region query size = 1321028.
[INFO DRT-0033] via4 shape region query size = 219784.
[INFO DRT-0033] met5 shape region query size = 221673.
[INFO DRT-0165] Start pin access.
[INFO DRT-0076]   Complete 1000 pins.
[INFO DRT-0078]   Complete 1698 pins.
[INFO DRT-0079]   Complete 100 unique inst patterns.
[INFO DRT-0079]   Complete 200 unique inst patterns.
[INFO DRT-0081]   Complete 208 unique inst patterns.
[INFO DRT-0082]   Complete 10000 groups.
[INFO DRT-0082]   Complete 20000 groups.
[INFO DRT-0082]   Complete 30000 groups.
[INFO DRT-0082]   Complete 40000 groups.
[INFO DRT-0082]   Complete 50000 groups.
[INFO DRT-0082]   Complete 60000 groups.
[INFO DRT-0082]   Complete 70000 groups.
[INFO DRT-0082]   Complete 80000 groups.
[INFO DRT-0082]   Complete 90000 groups.
[INFO DRT-0082]   Complete 100000 groups.
[INFO DRT-0082]   Complete 200000 groups.
[INFO DRT-0082]   Complete 300000 groups.
[INFO DRT-0082]   Complete 400000 groups.
[INFO DRT-0082]   Complete 500000 groups.
[INFO DRT-0082]   Complete 600000 groups.
[INFO DRT-0082]   Complete 700000 groups.
[INFO DRT-0082]   Complete 800000 groups.
[INFO DRT-0082]   Complete 900000 groups.
[INFO DRT-0082]   Complete 1000000 groups.
[INFO DRT-0082]   Complete 1100000 groups.
[INFO DRT-0082]   Complete 1200000 groups.
[INFO DRT-0082]   Complete 1300000 groups.
[INFO DRT-0082]   Complete 1400000 groups.
[INFO DRT-0082]   Complete 1500000 groups.
[INFO DRT-0082]   Complete 1600000 groups.
[INFO DRT-0082]   Complete 1700000 groups.
[INFO DRT-0082]   Complete 1800000 groups.
[INFO DRT-0082]   Complete 1900000 groups.
[INFO DRT-0082]   Complete 2000000 groups.
[INFO DRT-0082]   Complete 2100000 groups.
[INFO DRT-0082]   Complete 2200000 groups.
[INFO DRT-0082]   Complete 2300000 groups.
[INFO DRT-0082]   Complete 2400000 groups.
[INFO DRT-0082]   Complete 2500000 groups.
[INFO DRT-0082]   Complete 2600000 groups.
[INFO DRT-0082]   Complete 2700000 groups.
[INFO DRT-0082]   Complete 2800000 groups.
[INFO DRT-0082]   Complete 2900000 groups.
[INFO DRT-0082]   Complete 3000000 groups.
[INFO DRT-0084]   Complete 3052951 groups.
#scanned instances     = 4914323
#unique  instances     = 208
#stdCellGenAp          = 6946
#stdCellValidPlanarAp  = 96
#stdCellValidViaAp     = 5164
#stdCellPinNoAp        = 0
#stdCellPinCnt         = 12695395
#instTermValidViaApCnt = 0
#macroGenAp            = 0
#macroValidPlanarAp    = 0
#macroValidViaAp       = 0
#macroNoAp             = 0
[INFO DRT-0166] Complete pin access.
[INFO DRT-0267] cpu time = 15:17:48, elapsed time = 01:06:51, memory = 37629.44 (MB), peak = 40324.46 (MB)
[INFO DRT-0156] guideIn read 100000 guides.
[INFO DRT-0156] guideIn read 200000 guides.
[INFO DRT-0156] guideIn read 300000 guides.
[INFO DRT-0156] guideIn read 400000 guides.
[INFO DRT-0156] guideIn read 500000 guides.
[INFO DRT-0156] guideIn read 600000 guides.
[INFO DRT-0156] guideIn read 700000 guides.
[INFO DRT-0156] guideIn read 800000 guides.
[INFO DRT-0156] guideIn read 900000 guides.
[INFO DRT-0156] guideIn read 1000000 guides.
[INFO DRT-0156] guideIn read 2000000 guides.
[INFO DRT-0156] guideIn read 3000000 guides.
[INFO DRT-0156] guideIn read 4000000 guides.
[INFO DRT-0156] guideIn read 5000000 guides.
[INFO DRT-0156] guideIn read 6000000 guides.
[INFO DRT-0156] guideIn read 7000000 guides.
[INFO DRT-0156] guideIn read 8000000 guides.
[INFO DRT-0156] guideIn read 9000000 guides.
[INFO DRT-0156] guideIn read 10000000 guides.
[INFO DRT-0156] guideIn read 11000000 guides.
[INFO DRT-0156] guideIn read 12000000 guides.
[INFO DRT-0156] guideIn read 13000000 guides.
[INFO DRT-0156] guideIn read 14000000 guides.
[INFO DRT-0156] guideIn read 15000000 guides.
[INFO DRT-0156] guideIn read 16000000 guides.
[INFO DRT-0156] guideIn read 17000000 guides.
[INFO DRT-0156] guideIn read 18000000 guides.
[INFO DRT-0156] guideIn read 19000000 guides.
[INFO DRT-0156] guideIn read 20000000 guides.
[INFO DRT-0156] guideIn read 21000000 guides.
[INFO DRT-0156] guideIn read 22000000 guides.
[INFO DRT-0156] guideIn read 23000000 guides.
[INFO DRT-0156] guideIn read 24000000 guides.
[INFO DRT-0156] guideIn read 25000000 guides.
[INFO DRT-0156] guideIn read 26000000 guides.
[INFO DRT-0156] guideIn read 27000000 guides.
[INFO DRT-0156] guideIn read 28000000 guides.
[INFO DRT-0156] guideIn read 29000000 guides.

[INFO DRT-0157] Number of guides:     29351562

[INFO DRT-0169] Post process guides.
[INFO DRT-0176] GCELLGRID X 0 DO 1309 STEP 6900 ;
[INFO DRT-0177] GCELLGRID Y 0 DO 1309 STEP 6900 ;
[INFO DRT-0026]   Complete 100000 origin guides.
[INFO DRT-0026]   Complete 200000 origin guides.
[INFO DRT-0026]   Complete 300000 origin guides.
[INFO DRT-0026]   Complete 400000 origin guides.
[INFO DRT-0026]   Complete 500000 origin guides.
[INFO DRT-0026]   Complete 600000 origin guides.
[INFO DRT-0026]   Complete 700000 origin guides.
[INFO DRT-0026]   Complete 800000 origin guides.
[INFO DRT-0026]   Complete 900000 origin guides.
[INFO DRT-0027]   Complete 1000000 origin guides.
[INFO DRT-0027]   Complete 2000000 origin guides.
[INFO DRT-0027]   Complete 3000000 origin guides.
[INFO DRT-0027]   Complete 4000000 origin guides.
[INFO DRT-0027]   Complete 5000000 origin guides.
[INFO DRT-0027]   Complete 6000000 origin guides.
[INFO DRT-0027]   Complete 7000000 origin guides.
[INFO DRT-0027]   Complete 8000000 origin guides.
[INFO DRT-0027]   Complete 9000000 origin guides.
[INFO DRT-0027]   Complete 10000000 origin guides.
[INFO DRT-0027]   Complete 11000000 origin guides.
[INFO DRT-0027]   Complete 12000000 origin guides.
[INFO DRT-0027]   Complete 13000000 origin guides.
[INFO DRT-0027]   Complete 14000000 origin guides.
[INFO DRT-0027]   Complete 15000000 origin guides.
[INFO DRT-0027]   Complete 16000000 origin guides.
[INFO DRT-0027]   Complete 17000000 origin guides.
[INFO DRT-0027]   Complete 18000000 origin guides.
[INFO DRT-0027]   Complete 19000000 origin guides.
[INFO DRT-0027]   Complete 20000000 origin guides.
[INFO DRT-0027]   Complete 21000000 origin guides.
[INFO DRT-0027]   Complete 22000000 origin guides.
[INFO DRT-0027]   Complete 23000000 origin guides.
[INFO DRT-0027]   Complete 24000000 origin guides.
[INFO DRT-0027]   Complete 25000000 origin guides.
[INFO DRT-0027]   Complete 26000000 origin guides.
[INFO DRT-0027]   Complete 27000000 origin guides.
[INFO DRT-0027]   Complete 28000000 origin guides.
[INFO DRT-0027]   Complete 29000000 origin guides.
[INFO DRT-0028]   Complete FR_MASTERSLICE.
[INFO DRT-0028]   Complete Fr_VIA.
[INFO DRT-0028]   Complete li1.
[INFO DRT-0028]   Complete mcon.
[INFO DRT-0028]   Complete met1.
[INFO DRT-0028]   Complete via.
[INFO DRT-0028]   Complete met2.
[INFO DRT-0028]   Complete via2.
[INFO DRT-0028]   Complete met3.
[INFO DRT-0028]   Complete via3.
[INFO DRT-0028]   Complete met4.
[INFO DRT-0028]   Complete via4.
[INFO DRT-0028]   Complete met5.
  complete 100000 nets.
  complete 200000 nets.
  complete 300000 nets.
  complete 400000 nets.
  complete 500000 nets.
  complete 600000 nets.
  complete 700000 nets.
  complete 800000 nets.
  complete 900000 nets.
  complete 1000000 nets.
  complete 2000000 nets.
  complete 3000000 nets.
[INFO DRT-0178] Init guide query.
[INFO DRT-0029]   Complete 100000 nets (guide).
[INFO DRT-0029]   Complete 200000 nets (guide).
[INFO DRT-0029]   Complete 300000 nets (guide).
[INFO DRT-0029]   Complete 400000 nets (guide).
[INFO DRT-0029]   Complete 500000 nets (guide).
[INFO DRT-0029]   Complete 600000 nets (guide).
[INFO DRT-0029]   Complete 700000 nets (guide).
[INFO DRT-0029]   Complete 800000 nets (guide).
[INFO DRT-0029]   Complete 900000 nets (guide).
[INFO DRT-0030]   Complete 1000000 nets (guide).
[INFO DRT-0030]   Complete 2000000 nets (guide).
[INFO DRT-0030]   Complete 3000000 nets (guide).
[INFO DRT-0035]   Complete FR_MASTERSLICE (guide).
[INFO DRT-0035]   Complete Fr_VIA (guide).
[INFO DRT-0035]   Complete li1 (guide).
[INFO DRT-0035]   Complete mcon (guide).
[INFO DRT-0035]   Complete met1 (guide).
[INFO DRT-0035]   Complete via (guide).
[INFO DRT-0035]   Complete met2 (guide).
[INFO DRT-0035]   Complete via2 (guide).
[INFO DRT-0035]   Complete met3 (guide).
[INFO DRT-0035]   Complete via3 (guide).
[INFO DRT-0035]   Complete met4 (guide).
[INFO DRT-0035]   Complete via4 (guide).
[INFO DRT-0035]   Complete met5 (guide).
[INFO DRT-0036] FR_MASTERSLICE guide region query size = 0.
[INFO DRT-0036] FR_VIA guide region query size = 0.
[INFO DRT-0036] li1 guide region query size = 9966267.
[INFO DRT-0036] mcon guide region query size = 0.
[INFO DRT-0036] met1 guide region query size = 8949830.
[INFO DRT-0036] via guide region query size = 0.
[INFO DRT-0036] met2 guide region query size = 4626650.
[INFO DRT-0036] via2 guide region query size = 0.
[INFO DRT-0036] met3 guide region query size = 340554.
[INFO DRT-0036] via3 guide region query size = 0.
[INFO DRT-0036] met4 guide region query size = 73718.
[INFO DRT-0036] via4 guide region query size = 0.
[INFO DRT-0036] met5 guide region query size = 591.
[INFO DRT-0179] Init gr pin query.
[INFO DRT-0267] cpu time = 00:21:06, elapsed time = 00:15:03, memory = 47806.97 (MB), peak = 48293.57 (MB)
[INFO DRT-0245] skipped writing guide updates to database.
[INFO DRT-0181] Start track assignment.
[INFO DRT-0184] Done with 14666635 vertical wires in 27 frboxes and 9290975 horizontal wires in 27 frboxes.
[INFO DRT-0186] Done with 2052944 vertical wires in 27 frboxes and 2331407 horizontal wires in 27 frboxes.
[INFO DRT-0182] Complete track assignment.
[INFO DRT-0267] cpu time = 01:01:10, elapsed time = 00:12:15, memory = 58766.42 (MB), peak = 59706.10 (MB)
[INFO DRT-0187] Start routing data preparation.
[INFO DRT-0267] cpu time = 00:00:17, elapsed time = 00:00:17, memory = 61817.17 (MB), peak = 61816.15 (MB)
[INFO DRT-0194] Start detail routing.
[INFO DRT-0195] Start 0th optimization iteration.
    Completing 10% with 167861 violations.
    elapsed time = 00:22:37, memory = 70987.70 (MB).
    Completing 20% with 317880 violations.
    elapsed time = 00:43:41, memory = 72278.15 (MB).
    Completing 30% with 522778 violations.
    elapsed time = 01:06:33, memory = 73391.82 (MB).
    Completing 40% with 738960 violations.
    elapsed time = 01:28:48, memory = 74710.53 (MB).
    Completing 50% with 930396 violations.
    elapsed time = 01:54:28, memory = 76012.53 (MB).
    Completing 60% with 1130864 violations.
    elapsed time = 02:20:21, memory = 77037.57 (MB).
    Completing 70% with 1285549 violations.
    elapsed time = 02:44:23, memory = 77759.97 (MB).
    Completing 80% with 1499497 violations.
    elapsed time = 03:11:24, memory = 78919.34 (MB).
    Completing 90% with 1722480 violations.
    elapsed time = 03:37:17, memory = 79961.59 (MB).
    Completing 100% with 1945291 violations.
    elapsed time = 04:06:50, memory = 80827.77 (MB).
[INFO DRT-0199]   Number of violations = 2282092.
Viol/Layer         li1   mcon   met1    via   met2   via2   met3   via3   met4   met5
Cut Spacing          0   5955      0     51      0     19      0      0      0      0
Metal Spacing        0      0 318191      0 124404      0   3867      0    166     28
Min Hole             0      0   2166      0     48      0      0      0      0      0
NS Metal             0      0     27      0      1      0      4      0      0      1
Recheck           3702      0 218798      0 100269      0   7210      0   6820      2
Short                0    7291239097   2664 243279     41   4446      1     97      9
[INFO DRT-0267] cpu time = 55:14:55, elapsed time = 04:15:28, memory = 80462.16 (MB), peak = 81086.14 (MB)
Total wire length = 149163760 um.
Total wire length on LAYER li1 = 0 um.
Total wire length on LAYER met1 = 60191095 um.
Total wire length on LAYER met2 = 66598880 um.
Total wire length on LAYER met3 = 16316963 um.
Total wire length on LAYER met4 = 6054923 um.
Total wire length on LAYER met5 = 1897 um.
Total number of vias = 27801675.
Up-via summary (total 27801675):

---------------------------
 FR_MASTERSLICE           0
            li1    12509295
           met1    14458285
           met2      694326
           met3      139189
           met4         580
---------------------------
               27801675


[INFO DRT-0195] Start 1st optimization iteration.
    Completing 10% with 2195486 violations.
    elapsed time = 00:23:24, memory = 80841.74 (MB).
    Completing 20% with 2106231 violations.
    elapsed time = 00:45:31, memory = 81001.21 (MB).
    Completing 30% with 2003269 violations.
    elapsed time = 01:08:45, memory = 80943.46 (MB).
    Completing 40% with 1880370 violations.
    elapsed time = 01:30:46, memory = 80986.21 (MB).
    Completing 50% with 1783906 violations.
    elapsed time = 01:56:14, memory = 81038.40 (MB).
    Completing 60% with 1676568 violations.
    elapsed time = 02:20:27, memory = 81021.04 (MB).
    Completing 70% with 1584079 violations.
    elapsed time = 02:42:43, memory = 81247.12 (MB).
    Completing 80% with 1477491 violations.
    elapsed time = 03:06:04, memory = 81122.91 (MB).
    Completing 90% with 1356390 violations.
    elapsed time = 03:28:21, memory = 81027.14 (MB).
    Completing 100% with 1240335 violations.
    elapsed time = 03:53:33, memory = 81022.67 (MB).
[INFO DRT-0199]   Number of violations = 1240531.
Viol/Layer         li1   mcon   met1    via   met2   met3   met4   met5
Cut Spacing          0   3966      0     44      0      0      0      0
Metal Spacing        0      0 182557      0  58216   1744     60     14
Min Hole             0      0    109      0     24      0      0      0
NS Metal             0      0     14      0      0      0      0      0
Recheck              2      0    160      0     62      1      0      0
Short                0      0 901834     99  91134    428     60      3
[INFO DRT-0267] cpu time = 51:47:29, elapsed time = 04:01:46, memory = 74732.82 (MB), peak = 81397.44 (MB)
Total wire length = 148154268 um.
Total wire length on LAYER li1 = 0 um.
Total wire length on LAYER met1 = 59588463 um.
Total wire length on LAYER met2 = 66232202 um.
Total wire length on LAYER met3 = 16321212 um.
Total wire length on LAYER met4 = 6010405 um.
Total wire length on LAYER met5 = 1984 um.
Total number of vias = 27538233.
Up-via summary (total 27538233):

---------------------------
 FR_MASTERSLICE           0
            li1    12499150
           met1    14233117
           met2      676742
           met3      128645
           met4         579
---------------------------
               27538233


[INFO DRT-0195] Start 2nd optimization iteration.
    Completing 10% with 1235981 violations.
    elapsed time = 00:22:09, memory = 79008.82 (MB).
    Completing 20% with 1230633 violations.
    elapsed time = 00:43:21, memory = 79422.08 (MB).
    Completing 30% with 1224170 violations.
    elapsed time = 01:05:49, memory = 79372.79 (MB).
    Completing 40% with 1214708 violations.
    elapsed time = 01:27:14, memory = 79533.93 (MB).
    Completing 50% with 1206940 violations.
    elapsed time = 01:52:05, memory = 79633.92 (MB).
    Completing 60% with 1197351 violations.
    elapsed time = 02:15:04, memory = 79553.09 (MB).
    Completing 70% with 1189801 violations.
    elapsed time = 02:36:23, memory = 79659.03 (MB).
    Completing 80% with 1178273 violations.
    elapsed time = 02:58:43, memory = 79674.76 (MB).
    Completing 90% with 1165917 violations.
    elapsed time = 03:20:20, memory = 79424.43 (MB).
    Completing 100% with 1152995 violations.
    elapsed time = 03:44:36, memory = 79453.23 (MB).
[INFO DRT-0199]   Number of violations = 1153053.
Viol/Layer         li1   mcon   met1    via   met2   via2   met3   met4   met5
Cut Spacing          0   3687      0     34      0      1      0      0      0
Metal Spacing        0      0 168827      0  52985      0   1568     46      6
Min Hole             0      0     79      0     15      0      0      0      0
NS Metal             0      0      7      0      0      0      0      0      0
Recheck              2      0     49      0     10      0      0      0      0
Short                0      0 844028     87  81125      0    428     69      0
[INFO DRT-0267] cpu time = 49:28:23, elapsed time = 03:52:57, memory = 73726.41 (MB), peak = 81397.44 (MB)
Total wire length = 147903845 um.
Total wire length on LAYER li1 = 0 um.
Total wire length on LAYER met1 = 59459795 um.
Total wire length on LAYER met2 = 66145524 um.
Total wire length on LAYER met3 = 16294805 um.
Total wire length on LAYER met4 = 6001716 um.
Total wire length on LAYER met5 = 2004 um.
Total number of vias = 27444263.
Up-via summary (total 27444263):

---------------------------
 FR_MASTERSLICE           0
            li1    12499434
           met1    14153491
           met2      664113
           met3      126641
           met4         584
---------------------------
               27444263


[INFO DRT-0195] Start 3rd optimization iteration.
    Completing 10% with 1066074 violations.
    elapsed time = 00:22:03, memory = 78063.05 (MB).
    Completing 20% with 993477 violations.
    elapsed time = 00:41:39, memory = 78740.38 (MB).
    Completing 30% with 884345 violations.
    elapsed time = 01:02:54, memory = 78704.46 (MB).
    Completing 40% with 777154 violations.
    elapsed time = 01:22:53, memory = 79334.12 (MB).
    Completing 50% with 677509 violations.
    elapsed time = 01:45:41, memory = 79560.44 (MB).
    Completing 60% with 576807 violations.
    elapsed time = 02:07:32, memory = 79813.65 (MB).
    Completing 70% with 502244 violations.
    elapsed time = 02:26:16, memory = 79816.28 (MB).
    Completing 80% with 395299 violations.
    elapsed time = 02:47:48, memory = 79592.87 (MB).
    Completing 90% with 287665 violations.
    elapsed time = 03:08:04, memory = 79881.34 (MB).
    Completing 100% with 175258 violations.
    elapsed time = 03:31:39, memory = 80025.69 (MB).
[INFO DRT-0199]   Number of violations = 175294.
Viol/Layer         li1   mcon   met1    via   met2   via2   met3   met4
Cut Spacing          0    362      0    180      0      3      0      0
Metal Spacing        0      0  47525      0  11098      0    417      6
Min Hole             0      0    135      0     34      0      0      0
NS Metal             0      0     10      0      1      0      0      0
Recheck              1      0     32      0     10      0      0      0
Short                0      0 102211     51  12889      3    320      6
[INFO DRT-0267] cpu time = 45:55:50, elapsed time = 03:37:54, memory = 72897.67 (MB), peak = 81397.44 (MB)
Total wire length = 147960830 um.
Total wire length on LAYER li1 = 0 um.
Total wire length on LAYER met1 = 56870293 um.
Total wire length on LAYER met2 = 65993383 um.
Total wire length on LAYER met3 = 18734367 um.
Total wire length on LAYER met4 = 6360508 um.
Total wire length on LAYER met5 = 2277 um.
Total number of vias = 28009774.
Up-via summary (total 28009774):

---------------------------
 FR_MASTERSLICE           0
            li1    12499520
           met1    14326088
           met2     1022700
           met3      160871
           met4         595
---------------------------
               28009774


[INFO DRT-0195] Start 4th optimization iteration.
    Completing 10% with 160240 violations.
    elapsed time = 00:05:38, memory = 73795.44 (MB).
    Completing 20% with 148120 violations.
    elapsed time = 00:10:05, memory = 73703.40 (MB).
    Completing 30% with 130614 violations.
    elapsed time = 00:14:44, memory = 73753.43 (MB).
    Completing 40% with 112776 violations.
    elapsed time = 00:19:15, memory = 73730.64 (MB).
    Completing 50% with 96216 violations.
    elapsed time = 00:24:05, memory = 73712.00 (MB).
    Completing 60% with 77370 violations.
    elapsed time = 00:28:45, memory = 73706.43 (MB).
    Completing 70% with 65486 violations.
    elapsed time = 00:34:14, memory = 73734.59 (MB).
    Completing 80% with 48169 violations.
    elapsed time = 00:38:45, memory = 73659.87 (MB).
    Completing 90% with 31566 violations.
    elapsed time = 00:43:23, memory = 73722.79 (MB).
    Completing 100% with 14036 violations.
    elapsed time = 00:48:37, memory = 73742.96 (MB).
[INFO DRT-0199]   Number of violations = 14051.
Viol/Layer         li1   mcon   met1    via   met2   met3   met4
Cut Spacing          0     39      0     10      0      0      0
Metal Spacing        0      0   4435      0    755     36      1
Min Hole             0      0     18      0      2      0      0
Recheck              1      0      7      0      7      0      0
Short                0      0   7933      1    789     17      0
[INFO DRT-0267] cpu time = 09:23:35, elapsed time = 00:53:22, memory = 72981.07 (MB), peak = 81397.44 (MB)
Total wire length = 147958209 um.
Total wire length on LAYER li1 = 0 um.
Total wire length on LAYER met1 = 56722219 um.
Total wire length on LAYER met2 = 65975758 um.
Total wire length on LAYER met3 = 18868817 um.
Total wire length on LAYER met4 = 6389082 um.
Total wire length on LAYER met5 = 2331 um.
Total number of vias = 28031826.
Up-via summary (total 28031826):

---------------------------
 FR_MASTERSLICE           0
            li1    12499582
           met1    14330985
           met2     1037903
           met3      162760
           met4         596
---------------------------
               28031826


[INFO DRT-0195] Start 5th optimization iteration.
    Completing 10% with 12843 violations.
    elapsed time = 00:01:34, memory = 72661.19 (MB).
    Completing 20% with 11911 violations.
    elapsed time = 00:02:41, memory = 72661.19 (MB).
    Completing 30% with 10661 violations.
    elapsed time = 00:03:47, memory = 72661.19 (MB).
    Completing 40% with 9366 violations.
    elapsed time = 00:05:27, memory = 72661.19 (MB).
    Completing 50% with 8135 violations.
    elapsed time = 00:06:42, memory = 72661.19 (MB).
    Completing 60% with 6901 violations.
    elapsed time = 00:07:33, memory = 72661.19 (MB).
    Completing 70% with 6063 violations.
    elapsed time = 00:08:39, memory = 72661.19 (MB).
    Completing 80% with 4750 violations.
    elapsed time = 00:09:23, memory = 72661.19 (MB).
    Completing 90% with 3357 violations.
    elapsed time = 00:10:37, memory = 72661.19 (MB).
    Completing 100% with 2025 violations.
    elapsed time = 00:11:34, memory = 72661.19 (MB).
[INFO DRT-0199]   Number of violations = 2025.
Viol/Layer        mcon   met1   met2   met3   met4
Cut Spacing         11      0      0      0      0
Metal Spacing        0    692     87      0      1
Min Hole             0      1      0      0      0
Short                0   1151     78      4      0
[INFO DRT-0267] cpu time = 01:26:18, elapsed time = 00:12:20, memory = 72021.70 (MB), peak = 81397.44 (MB)
Total wire length = 147956658 um.
Total wire length on LAYER li1 = 0 um.
Total wire length on LAYER met1 = 56712886 um.
Total wire length on LAYER met2 = 65974114 um.
Total wire length on LAYER met3 = 18876456 um.
Total wire length on LAYER met4 = 6390869 um.
Total wire length on LAYER met5 = 2331 um.
Total number of vias = 28032314.
Up-via summary (total 28032314):

---------------------------
 FR_MASTERSLICE           0
            li1    12499601
           met1    14330822
           met2     1038506
           met3      162789
           met4         596
---------------------------
               28032314


[INFO DRT-0195] Start 6th optimization iteration.
    Completing 10% with 1939 violations.
    elapsed time = 00:00:35, memory = 72021.70 (MB).
    Completing 20% with 1814 violations.
    elapsed time = 00:01:01, memory = 71191.63 (MB).
    Completing 30% with 1725 violations.
    elapsed time = 00:01:16, memory = 71127.63 (MB).
    Completing 40% with 1406 violations.
    elapsed time = 00:01:54, memory = 71127.63 (MB).
    Completing 50% with 1256 violations.
    elapsed time = 00:02:36, memory = 71127.63 (MB).
    Completing 60% with 1164 violations.
    elapsed time = 00:02:58, memory = 71127.63 (MB).
    Completing 70% with 1038 violations.
    elapsed time = 00:03:50, memory = 71127.63 (MB).
    Completing 80% with 969 violations.
    elapsed time = 00:04:08, memory = 71127.63 (MB).
    Completing 90% with 802 violations.
    elapsed time = 00:04:57, memory = 71127.63 (MB).
    Completing 100% with 653 violations.
    elapsed time = 00:05:49, memory = 71127.63 (MB).
[INFO DRT-0199]   Number of violations = 653.
Viol/Layer        mcon   met1   met2
Cut Spacing          5      0      0
Metal Spacing        0    244     34
Short                0    353     17
[INFO DRT-0267] cpu time = 00:19:50, elapsed time = 00:05:57, memory = 71127.63 (MB), peak = 81397.44 (MB)
Total wire length = 147956762 um.
Total wire length on LAYER li1 = 0 um.
Total wire length on LAYER met1 = 56711165 um.
Total wire length on LAYER met2 = 65973711 um.
Total wire length on LAYER met3 = 18878028 um.
Total wire length on LAYER met4 = 6391525 um.
Total wire length on LAYER met5 = 2331 um.
Total number of vias = 28032550.
Up-via summary (total 28032550):

---------------------------
 FR_MASTERSLICE           0
            li1    12499602
           met1    14330766
           met2     1038730
           met3      162856
           met4         596
---------------------------
               28032550


[INFO DRT-0195] Start 7th optimization iteration.
    Completing 10% with 639 violations.
    elapsed time = 00:00:11, memory = 71127.63 (MB).
    Completing 20% with 604 violations.
    elapsed time = 00:00:26, memory = 71127.63 (MB).
    Completing 30% with 597 violations.
    elapsed time = 00:00:33, memory = 71127.63 (MB).
    Completing 40% with 520 violations.
    elapsed time = 00:01:00, memory = 71127.63 (MB).
    Completing 50% with 478 violations.
    elapsed time = 00:01:19, memory = 71127.63 (MB).
    Completing 60% with 466 violations.
    elapsed time = 00:01:26, memory = 71127.63 (MB).
    Completing 70% with 423 violations.
    elapsed time = 00:01:36, memory = 71127.63 (MB).
    Completing 80% with 412 violations.
    elapsed time = 00:01:46, memory = 71127.63 (MB).
    Completing 90% with 358 violations.
    elapsed time = 00:02:26, memory = 71127.63 (MB).
    Completing 100% with 305 violations.
    elapsed time = 00:03:09, memory = 71127.63 (MB).
[INFO DRT-0199]   Number of violations = 305.
Viol/Layer        mcon   met1   met2   met3
Cut Spacing          4      0      0      0
Metal Spacing        0    124      8      0
Short                0    160      8      1
[INFO DRT-0267] cpu time = 00:07:11, elapsed time = 00:03:16, memory = 71127.63 (MB), peak = 81397.44 (MB)
Total wire length = 147956699 um.
Total wire length on LAYER li1 = 0 um.
Total wire length on LAYER met1 = 56710794 um.
Total wire length on LAYER met2 = 65973475 um.
Total wire length on LAYER met3 = 18878358 um.
Total wire length on LAYER met4 = 6391739 um.
Total wire length on LAYER met5 = 2331 um.
Total number of vias = 28032637.
Up-via summary (total 28032637):

---------------------------
 FR_MASTERSLICE           0
            li1    12499603
           met1    14330795
           met2     1038762
           met3      162881
           met4         596
---------------------------
               28032637


[INFO DRT-0195] Start 8th optimization iteration.
    Completing 10% with 304 violations.
    elapsed time = 00:00:01, memory = 71127.63 (MB).
    Completing 20% with 267 violations.
    elapsed time = 00:00:18, memory = 71127.63 (MB).
    Completing 30% with 264 violations.
    elapsed time = 00:00:26, memory = 71127.63 (MB).
    Completing 40% with 220 violations.
    elapsed time = 00:00:42, memory = 71127.63 (MB).
    Completing 50% with 214 violations.
    elapsed time = 00:00:49, memory = 71127.63 (MB).
    Completing 60% with 211 violations.
    elapsed time = 00:00:50, memory = 71127.63 (MB).
    Completing 70% with 207 violations.
    elapsed time = 00:00:57, memory = 71127.63 (MB).
    Completing 80% with 201 violations.
    elapsed time = 00:01:05, memory = 71127.63 (MB).
    Completing 90% with 160 violations.
    elapsed time = 00:01:31, memory = 71127.63 (MB).
    Completing 100% with 156 violations.
    elapsed time = 00:01:53, memory = 71127.63 (MB).
[INFO DRT-0199]   Number of violations = 156.
Viol/Layer        mcon   met1   met2
Cut Spacing          2      0      0
Metal Spacing        0     61      4
Short                0     87      2
[INFO DRT-0267] cpu time = 00:03:43, elapsed time = 00:01:58, memory = 71127.63 (MB), peak = 81397.44 (MB)
Total wire length = 147956745 um.
Total wire length on LAYER li1 = 0 um.
Total wire length on LAYER met1 = 56710718 um.
Total wire length on LAYER met2 = 65973448 um.
Total wire length on LAYER met3 = 18878494 um.
Total wire length on LAYER met4 = 6391751 um.
Total wire length on LAYER met5 = 2331 um.
Total number of vias = 28032618.
Up-via summary (total 28032618):

---------------------------
 FR_MASTERSLICE           0
            li1    12499603
           met1    14330765
           met2     1038772
           met3      162882
           met4         596
---------------------------
               28032618


[INFO DRT-0195] Start 9th optimization iteration.
    Completing 10% with 156 violations.
    elapsed time = 00:00:00, memory = 71127.63 (MB).
    Completing 20% with 132 violations.
    elapsed time = 00:00:19, memory = 71127.63 (MB).
    Completing 30% with 131 violations.
    elapsed time = 00:00:22, memory = 71127.63 (MB).
    Completing 40% with 120 violations.
    elapsed time = 00:00:43, memory = 71127.63 (MB).
    Completing 50% with 120 violations.
    elapsed time = 00:00:49, memory = 71127.63 (MB).
    Completing 60% with 118 violations.
    elapsed time = 00:00:49, memory = 71127.63 (MB).
    Completing 70% with 114 violations.
    elapsed time = 00:00:55, memory = 71127.63 (MB).
    Completing 80% with 110 violations.
    elapsed time = 00:01:05, memory = 71127.63 (MB).
    Completing 90% with 108 violations.
    elapsed time = 00:01:21, memory = 71127.63 (MB).
    Completing 100% with 107 violations.
    elapsed time = 00:01:35, memory = 71127.63 (MB).
[INFO DRT-0199]   Number of violations = 107.
Viol/Layer        met1   met2
Metal Spacing       40      2
Short               63      2
[INFO DRT-0267] cpu time = 00:02:53, elapsed time = 00:01:43, memory = 71127.63 (MB), peak = 81397.44 (MB)
Total wire length = 147956796 um.
Total wire length on LAYER li1 = 0 um.
Total wire length on LAYER met1 = 56710676 um.
Total wire length on LAYER met2 = 65973477 um.
Total wire length on LAYER met3 = 18878486 um.
Total wire length on LAYER met4 = 6391825 um.
Total wire length on LAYER met5 = 2331 um.
Total number of vias = 28032649.
Up-via summary (total 28032649):

---------------------------
 FR_MASTERSLICE           0
            li1    12499603
           met1    14330787
           met2     1038773
           met3      162890
           met4         596
---------------------------
               28032649


[INFO DRT-0195] Start 10th optimization iteration.
    Completing 10% with 107 violations.
    elapsed time = 00:00:00, memory = 71127.63 (MB).
    Completing 20% with 105 violations.
    elapsed time = 00:00:13, memory = 71127.63 (MB).
    Completing 30% with 102 violations.
    elapsed time = 00:00:15, memory = 71127.63 (MB).
    Completing 40% with 101 violations.
    elapsed time = 00:00:25, memory = 71127.63 (MB).
    Completing 50% with 99 violations.
    elapsed time = 00:00:31, memory = 71127.63 (MB).
    Completing 60% with 81 violations.
    elapsed time = 00:00:36, memory = 71127.63 (MB).
    Completing 70% with 67 violations.
    elapsed time = 00:00:39, memory = 71127.63 (MB).
    Completing 80% with 61 violations.
    elapsed time = 00:00:45, memory = 71127.63 (MB).
    Completing 90% with 47 violations.
    elapsed time = 00:00:49, memory = 71127.63 (MB).
    Completing 100% with 46 violations.
    elapsed time = 00:00:50, memory = 71127.63 (MB).
[INFO DRT-0199]   Number of violations = 46.
Viol/Layer        mcon   met1   met2
Cut Spacing          1      0      0
Metal Spacing        0     15      1
Short                0     29      0
[INFO DRT-0267] cpu time = 00:01:33, elapsed time = 00:00:51, memory = 71127.63 (MB), peak = 81397.44 (MB)
Total wire length = 147956956 um.
Total wire length on LAYER li1 = 0 um.
Total wire length on LAYER met1 = 56710687 um.
Total wire length on LAYER met2 = 65973520 um.
Total wire length on LAYER met3 = 18878557 um.
Total wire length on LAYER met4 = 6391859 um.
Total wire length on LAYER met5 = 2331 um.
Total number of vias = 28032698.
Up-via summary (total 28032698):

---------------------------
 FR_MASTERSLICE           0
            li1    12499604
           met1    14330801
           met2     1038801
           met3      162896
           met4         596
---------------------------
               28032698


[INFO DRT-0195] Start 11th guides tiles iteration.
    Completing 10% with 46 violations.
    elapsed time = 00:00:00, memory = 71127.63 (MB).
    Completing 20% with 46 violations.
    elapsed time = 00:00:00, memory = 71127.63 (MB).
    Completing 30% with 46 violations.
    elapsed time = 00:00:00, memory = 71127.63 (MB).
    Completing 40% with 46 violations.
    elapsed time = 00:00:00, memory = 71127.63 (MB).
    Completing 50% with 46 violations.
    elapsed time = 00:00:00, memory = 71127.63 (MB).
    Completing 60% with 46 violations.
    elapsed time = 00:00:00, memory = 71127.63 (MB).
    Completing 70% with 46 violations.
    elapsed time = 00:00:01, memory = 71127.63 (MB).
    Completing 80% with 41 violations.
    elapsed time = 00:00:09, memory = 71127.63 (MB).
    Completing 90% with 41 violations.
    elapsed time = 00:00:09, memory = 71127.63 (MB).
    Completing 100% with 23 violations.
    elapsed time = 00:00:09, memory = 71127.63 (MB).
[INFO DRT-0199]   Number of violations = 23.
Viol/Layer        met1
Metal Spacing        8
Short               15
[INFO DRT-0267] cpu time = 00:00:16, elapsed time = 00:00:10, memory = 71127.63 (MB), peak = 81397.44 (MB)
Total wire length = 147956954 um.
Total wire length on LAYER li1 = 0 um.
Total wire length on LAYER met1 = 56710681 um.
Total wire length on LAYER met2 = 65973521 um.
Total wire length on LAYER met3 = 18878561 um.
Total wire length on LAYER met4 = 6391859 um.
Total wire length on LAYER met5 = 2331 um.
Total number of vias = 28032700.
Up-via summary (total 28032700):

---------------------------
 FR_MASTERSLICE           0
            li1    12499604
           met1    14330801
           met2     1038803
           met3      162896
           met4         596
---------------------------
               28032700


[INFO DRT-0195] Start 12th guides tiles iteration.
    Completing 10% with 23 violations.
    elapsed time = 00:00:00, memory = 71127.63 (MB).
    Completing 20% with 23 violations.
    elapsed time = 00:00:00, memory = 71127.63 (MB).
    Completing 30% with 23 violations.
    elapsed time = 00:00:00, memory = 71127.63 (MB).
    Completing 40% with 23 violations.
    elapsed time = 00:00:00, memory = 71127.63 (MB).
    Completing 50% with 23 violations.
    elapsed time = 00:00:00, memory = 71127.63 (MB).
    Completing 60% with 23 violations.
    elapsed time = 00:00:00, memory = 71127.63 (MB).
    Completing 70% with 23 violations.
    elapsed time = 00:00:00, memory = 71127.63 (MB).
    Completing 80% with 20 violations.
    elapsed time = 00:00:01, memory = 71127.63 (MB).
    Completing 90% with 20 violations.
    elapsed time = 00:00:01, memory = 71127.63 (MB).
    Completing 100% with 18 violations.
    elapsed time = 00:00:01, memory = 71127.63 (MB).
[INFO DRT-0199]   Number of violations = 18.
Viol/Layer        met1
Metal Spacing        5
Short               13
[INFO DRT-0267] cpu time = 00:00:06, elapsed time = 00:00:02, memory = 71127.63 (MB), peak = 81397.44 (MB)
Total wire length = 147956969 um.
Total wire length on LAYER li1 = 0 um.
Total wire length on LAYER met1 = 56710679 um.
Total wire length on LAYER met2 = 65973525 um.
Total wire length on LAYER met3 = 18878573 um.
Total wire length on LAYER met4 = 6391859 um.
Total wire length on LAYER met5 = 2331 um.
Total number of vias = 28032710.
Up-via summary (total 28032710):

---------------------------
 FR_MASTERSLICE           0
            li1    12499606
           met1    14330807
           met2     1038805
           met3      162896
           met4         596
---------------------------
               28032710


[INFO DRT-0195] Start 13th guides tiles iteration.
    Completing 10% with 18 violations.
    elapsed time = 00:00:00, memory = 71127.63 (MB).
    Completing 20% with 18 violations.
    elapsed time = 00:00:00, memory = 71127.63 (MB).
    Completing 30% with 18 violations.
    elapsed time = 00:00:00, memory = 71127.63 (MB).
    Completing 40% with 18 violations.
    elapsed time = 00:00:00, memory = 71127.63 (MB).
    Completing 50% with 18 violations.
    elapsed time = 00:00:00, memory = 71127.63 (MB).
    Completing 60% with 18 violations.
    elapsed time = 00:00:00, memory = 71127.63 (MB).
    Completing 70% with 18 violations.
    elapsed time = 00:00:00, memory = 71127.63 (MB).
    Completing 80% with 18 violations.
    elapsed time = 00:00:01, memory = 71127.63 (MB).
    Completing 90% with 17 violations.
    elapsed time = 00:00:01, memory = 71127.63 (MB).
    Completing 100% with 17 violations.
    elapsed time = 00:00:01, memory = 71127.63 (MB).
[INFO DRT-0199]   Number of violations = 17.
Viol/Layer        met1
Metal Spacing        4
Short               13
[INFO DRT-0267] cpu time = 00:00:06, elapsed time = 00:00:02, memory = 71127.63 (MB), peak = 81397.44 (MB)
Total wire length = 147956967 um.
Total wire length on LAYER li1 = 0 um.
Total wire length on LAYER met1 = 56710674 um.
Total wire length on LAYER met2 = 65973524 um.
Total wire length on LAYER met3 = 18878578 um.
Total wire length on LAYER met4 = 6391859 um.
Total wire length on LAYER met5 = 2331 um.
Total number of vias = 28032711.
Up-via summary (total 28032711):

---------------------------
 FR_MASTERSLICE           0
            li1    12499605
           met1    14330807
           met2     1038807
           met3      162896
           met4         596
---------------------------
               28032711


[INFO DRT-0195] Start 14th guides tiles iteration.
    Completing 10% with 17 violations.
    elapsed time = 00:00:00, memory = 71127.63 (MB).
    Completing 20% with 17 violations.
    elapsed time = 00:00:00, memory = 71127.63 (MB).
    Completing 30% with 17 violations.
    elapsed time = 00:00:00, memory = 71127.63 (MB).
    Completing 40% with 17 violations.
    elapsed time = 00:00:00, memory = 71127.63 (MB).
    Completing 50% with 17 violations.
    elapsed time = 00:00:00, memory = 71127.63 (MB).
    Completing 60% with 17 violations.
    elapsed time = 00:00:00, memory = 71127.63 (MB).
    Completing 70% with 17 violations.
    elapsed time = 00:00:00, memory = 71127.63 (MB).
    Completing 80% with 17 violations.
    elapsed time = 00:00:01, memory = 71127.63 (MB).
    Completing 90% with 17 violations.
    elapsed time = 00:00:01, memory = 71127.63 (MB).
    Completing 100% with 17 violations.
    elapsed time = 00:00:01, memory = 71127.63 (MB).
[INFO DRT-0199]   Number of violations = 17.
Viol/Layer        met1
Metal Spacing        4
Short               13
[INFO DRT-0267] cpu time = 00:00:05, elapsed time = 00:00:02, memory = 71127.63 (MB), peak = 81397.44 (MB)
Total wire length = 147956972 um.
Total wire length on LAYER li1 = 0 um.
Total wire length on LAYER met1 = 56710678 um.
Total wire length on LAYER met2 = 65973524 um.
Total wire length on LAYER met3 = 18878578 um.
Total wire length on LAYER met4 = 6391859 um.
Total wire length on LAYER met5 = 2331 um.
Total number of vias = 28032711.
Up-via summary (total 28032711):

---------------------------
 FR_MASTERSLICE           0
            li1    12499605
           met1    14330807
           met2     1038807
           met3      162896
           met4         596
---------------------------
               28032711


[INFO DRT-0195] Start 15th guides tiles iteration.
    Completing 10% with 17 violations.
    elapsed time = 00:00:00, memory = 71127.63 (MB).
    Completing 20% with 17 violations.
    elapsed time = 00:00:00, memory = 71127.63 (MB).
    Completing 30% with 17 violations.
    elapsed time = 00:00:00, memory = 71127.63 (MB).
    Completing 40% with 17 violations.
    elapsed time = 00:00:00, memory = 71127.63 (MB).
    Completing 50% with 17 violations.
    elapsed time = 00:00:00, memory = 71127.63 (MB).
    Completing 60% with 17 violations.
    elapsed time = 00:00:00, memory = 71127.63 (MB).
    Completing 70% with 17 violations.
    elapsed time = 00:00:00, memory = 71127.63 (MB).
    Completing 80% with 15 violations.
    elapsed time = 00:00:01, memory = 71127.63 (MB).
    Completing 90% with 15 violations.
    elapsed time = 00:00:01, memory = 71127.63 (MB).
    Completing 100% with 15 violations.
    elapsed time = 00:00:01, memory = 71127.63 (MB).
[INFO DRT-0199]   Number of violations = 15.
Viol/Layer        met1
Metal Spacing        4
Short               11
[INFO DRT-0267] cpu time = 00:00:05, elapsed time = 00:00:02, memory = 71127.63 (MB), peak = 81397.44 (MB)
Total wire length = 147956983 um.
Total wire length on LAYER li1 = 0 um.
Total wire length on LAYER met1 = 56710675 um.
Total wire length on LAYER met2 = 65973529 um.
Total wire length on LAYER met3 = 18878585 um.
Total wire length on LAYER met4 = 6391862 um.
Total wire length on LAYER met5 = 2331 um.
Total number of vias = 28032724.
Up-via summary (total 28032724):

---------------------------
 FR_MASTERSLICE           0
            li1    12499605
           met1    14330814
           met2     1038811
           met3      162898
           met4         596
---------------------------
               28032724


[INFO DRT-0195] Start 16th guides tiles iteration.
    Completing 10% with 15 violations.
    elapsed time = 00:00:00, memory = 71127.63 (MB).
    Completing 20% with 15 violations.
    elapsed time = 00:00:00, memory = 71127.63 (MB).
    Completing 30% with 15 violations.
    elapsed time = 00:00:00, memory = 71127.63 (MB).
    Completing 40% with 15 violations.
    elapsed time = 00:00:00, memory = 71127.63 (MB).
    Completing 50% with 15 violations.
    elapsed time = 00:00:00, memory = 71127.63 (MB).
    Completing 60% with 15 violations.
    elapsed time = 00:00:00, memory = 71127.63 (MB).
    Completing 70% with 15 violations.
    elapsed time = 00:00:00, memory = 71127.63 (MB).
    Completing 80% with 15 violations.
    elapsed time = 00:00:01, memory = 71127.63 (MB).
    Completing 90% with 15 violations.
    elapsed time = 00:00:01, memory = 71127.63 (MB).
    Completing 100% with 15 violations.
    elapsed time = 00:00:01, memory = 71127.63 (MB).
[INFO DRT-0199]   Number of violations = 15.
Viol/Layer        met1
Metal Spacing        4
Short               11
[INFO DRT-0267] cpu time = 00:00:05, elapsed time = 00:00:02, memory = 71127.63 (MB), peak = 81397.44 (MB)
Total wire length = 147956985 um.
Total wire length on LAYER li1 = 0 um.
Total wire length on LAYER met1 = 56710677 um.
Total wire length on LAYER met2 = 65973529 um.
Total wire length on LAYER met3 = 18878585 um.
Total wire length on LAYER met4 = 6391862 um.
Total wire length on LAYER met5 = 2331 um.
Total number of vias = 28032724.
Up-via summary (total 28032724):

---------------------------
 FR_MASTERSLICE           0
            li1    12499605
           met1    14330814
           met2     1038811
           met3      162898
           met4         596
---------------------------
               28032724


[INFO DRT-0195] Start 17th optimization iteration.
    Completing 10% with 15 violations.
    elapsed time = 00:00:00, memory = 71127.63 (MB).
    Completing 20% with 16 violations.
    elapsed time = 00:00:06, memory = 71127.63 (MB).
    Completing 30% with 16 violations.
    elapsed time = 00:00:06, memory = 71127.63 (MB).
    Completing 40% with 16 violations.
    elapsed time = 00:00:06, memory = 71127.63 (MB).
    Completing 50% with 16 violations.
    elapsed time = 00:00:15, memory = 71127.63 (MB).
    Completing 60% with 16 violations.
    elapsed time = 00:00:15, memory = 71127.63 (MB).
    Completing 70% with 16 violations.
    elapsed time = 00:00:34, memory = 71127.63 (MB).
    Completing 80% with 18 violations.
    elapsed time = 00:01:05, memory = 71127.63 (MB).
    Completing 90% with 18 violations.
    elapsed time = 00:01:11, memory = 71127.63 (MB).
    Completing 100% with 17 violations.
    elapsed time = 00:01:17, memory = 71127.63 (MB).
[INFO DRT-0199]   Number of violations = 17.
Viol/Layer        met1
Metal Spacing        7
Short               10
[INFO DRT-0267] cpu time = 00:02:04, elapsed time = 00:01:39, memory = 71127.63 (MB), peak = 81397.44 (MB)
Total wire length = 147956915 um.
Total wire length on LAYER li1 = 0 um.
Total wire length on LAYER met1 = 56710406 um.
Total wire length on LAYER met2 = 65973295 um.
Total wire length on LAYER met3 = 18878797 um.
Total wire length on LAYER met4 = 6392085 um.
Total wire length on LAYER met5 = 2331 um.
Total number of vias = 28032680.
Up-via summary (total 28032680):

---------------------------
 FR_MASTERSLICE           0
            li1    12499606
           met1    14330775
           met2     1038811
           met3      162892
           met4         596
---------------------------
               28032680


[INFO DRT-0195] Start 18th guides tiles iteration.
    Completing 10% with 17 violations.
    elapsed time = 00:00:00, memory = 71127.63 (MB).
    Completing 20% with 17 violations.
    elapsed time = 00:00:00, memory = 71127.63 (MB).
    Completing 30% with 17 violations.
    elapsed time = 00:00:00, memory = 71127.63 (MB).
    Completing 40% with 17 violations.
    elapsed time = 00:00:00, memory = 71127.63 (MB).
    Completing 50% with 17 violations.
    elapsed time = 00:00:00, memory = 71127.63 (MB).
    Completing 60% with 17 violations.
    elapsed time = 00:00:00, memory = 71127.63 (MB).
    Completing 70% with 8 violations.
    elapsed time = 00:00:00, memory = 71127.63 (MB).
    Completing 80% with 8 violations.
    elapsed time = 00:00:00, memory = 71127.63 (MB).
    Completing 90% with 8 violations.
    elapsed time = 00:00:00, memory = 71127.63 (MB).
    Completing 100% with 8 violations.
    elapsed time = 00:00:01, memory = 71127.63 (MB).
[INFO DRT-0199]   Number of violations = 8.
Viol/Layer        met1
Metal Spacing        1
Short                7
[INFO DRT-0267] cpu time = 00:00:04, elapsed time = 00:00:01, memory = 71127.63 (MB), peak = 81397.44 (MB)
Total wire length = 147956914 um.
Total wire length on LAYER li1 = 0 um.
Total wire length on LAYER met1 = 56710409 um.
Total wire length on LAYER met2 = 65973293 um.
Total wire length on LAYER met3 = 18878795 um.
Total wire length on LAYER met4 = 6392085 um.
Total wire length on LAYER met5 = 2331 um.
Total number of vias = 28032681.
Up-via summary (total 28032681):

---------------------------
 FR_MASTERSLICE           0
            li1    12499606
           met1    14330775
           met2     1038812
           met3      162892
           met4         596
---------------------------
               28032681


[INFO DRT-0195] Start 19th guides tiles iteration.
    Completing 10% with 8 violations.
    elapsed time = 00:00:00, memory = 71127.63 (MB).
    Completing 20% with 8 violations.
    elapsed time = 00:00:00, memory = 71127.63 (MB).
    Completing 30% with 8 violations.
    elapsed time = 00:00:00, memory = 71127.63 (MB).
    Completing 40% with 8 violations.
    elapsed time = 00:00:00, memory = 71127.63 (MB).
    Completing 50% with 8 violations.
    elapsed time = 00:00:00, memory = 71127.63 (MB).
    Completing 60% with 8 violations.
    elapsed time = 00:00:00, memory = 71127.63 (MB).
    Completing 70% with 8 violations.
    elapsed time = 00:00:00, memory = 71127.63 (MB).
    Completing 80% with 8 violations.
    elapsed time = 00:00:00, memory = 71127.63 (MB).
    Completing 90% with 8 violations.
    elapsed time = 00:00:00, memory = 71127.63 (MB).
    Completing 100% with 8 violations.
    elapsed time = 00:00:00, memory = 71127.63 (MB).
[INFO DRT-0199]   Number of violations = 8.
Viol/Layer        met1
Metal Spacing        1
Short                7
[INFO DRT-0267] cpu time = 00:00:02, elapsed time = 00:00:01, memory = 71127.63 (MB), peak = 81397.44 (MB)
Total wire length = 147956916 um.
Total wire length on LAYER li1 = 0 um.
Total wire length on LAYER met1 = 56710411 um.
Total wire length on LAYER met2 = 65973293 um.
Total wire length on LAYER met3 = 18878795 um.
Total wire length on LAYER met4 = 6392085 um.
Total wire length on LAYER met5 = 2331 um.
Total number of vias = 28032681.
Up-via summary (total 28032681):

---------------------------
 FR_MASTERSLICE           0
            li1    12499606
           met1    14330775
           met2     1038812
           met3      162892
           met4         596
---------------------------
               28032681


[INFO DRT-0195] Start 20th guides tiles iteration.
    Completing 10% with 8 violations.
    elapsed time = 00:00:00, memory = 71127.63 (MB).
    Completing 20% with 8 violations.
    elapsed time = 00:00:00, memory = 71127.63 (MB).
    Completing 30% with 8 violations.
    elapsed time = 00:00:00, memory = 71127.63 (MB).
    Completing 40% with 8 violations.
    elapsed time = 00:00:00, memory = 71127.63 (MB).
    Completing 50% with 8 violations.
    elapsed time = 00:00:00, memory = 71127.63 (MB).
    Completing 60% with 8 violations.
    elapsed time = 00:00:00, memory = 71127.63 (MB).
    Completing 70% with 8 violations.
    elapsed time = 00:00:00, memory = 71127.63 (MB).
    Completing 80% with 4 violations.
    elapsed time = 00:00:00, memory = 71127.63 (MB).
    Completing 90% with 4 violations.
    elapsed time = 00:00:00, memory = 71127.63 (MB).
    Completing 100% with 4 violations.
    elapsed time = 00:00:00, memory = 71127.63 (MB).
[INFO DRT-0199]   Number of violations = 4.
Viol/Layer        met1
Metal Spacing        1
Short                3
[INFO DRT-0267] cpu time = 00:00:02, elapsed time = 00:00:01, memory = 71127.63 (MB), peak = 81397.44 (MB)
Total wire length = 147956960 um.
Total wire length on LAYER li1 = 0 um.
Total wire length on LAYER met1 = 56710413 um.
Total wire length on LAYER met2 = 65973293 um.
Total wire length on LAYER met3 = 18878821 um.
Total wire length on LAYER met4 = 6392100 um.
Total wire length on LAYER met5 = 2331 um.
Total number of vias = 28032712.
Up-via summary (total 28032712):

---------------------------
 FR_MASTERSLICE           0
            li1    12499608
           met1    14330784
           met2     1038824
           met3      162900
           met4         596
---------------------------
               28032712


[INFO DRT-0195] Start 21st guides tiles iteration.
    Completing 20% with 4 violations.
    elapsed time = 00:00:00, memory = 71127.63 (MB).
    Completing 40% with 4 violations.
    elapsed time = 00:00:00, memory = 71127.63 (MB).
    Completing 60% with 4 violations.
    elapsed time = 00:00:00, memory = 71127.63 (MB).
    Completing 80% with 4 violations.
    elapsed time = 00:00:00, memory = 71127.63 (MB).
    Completing 100% with 4 violations.
    elapsed time = 00:00:00, memory = 71127.63 (MB).
[INFO DRT-0199]   Number of violations = 4.
Viol/Layer        met1
Metal Spacing        1
Short                3
[INFO DRT-0267] cpu time = 00:00:01, elapsed time = 00:00:01, memory = 71127.63 (MB), peak = 81397.44 (MB)
Total wire length = 147956959 um.
Total wire length on LAYER li1 = 0 um.
Total wire length on LAYER met1 = 56710413 um.
Total wire length on LAYER met2 = 65973293 um.
Total wire length on LAYER met3 = 18878821 um.
Total wire length on LAYER met4 = 6392100 um.
Total wire length on LAYER met5 = 2331 um.
Total number of vias = 28032712.
Up-via summary (total 28032712):

---------------------------
 FR_MASTERSLICE           0
            li1    12499608
           met1    14330784
           met2     1038824
           met3      162900
           met4         596
---------------------------
               28032712


[INFO DRT-0195] Start 22nd stubborn tiles iteration.
    Completing 10% with 4 violations.
    elapsed time = 00:00:10, memory = 71127.69 (MB).
    Completing 20% with 4 violations.
    elapsed time = 00:00:25, memory = 71127.69 (MB).
    Completing 30% with 4 violations.
    elapsed time = 00:00:29, memory = 71127.69 (MB).
    Completing 40% with 4 violations.
    elapsed time = 00:00:31, memory = 71127.69 (MB).
    Completing 50% with 4 violations.
    elapsed time = 00:00:33, memory = 71127.69 (MB).
    Completing 60% with 4 violations.
    elapsed time = 00:00:36, memory = 71166.36 (MB).
    Completing 70% with 4 violations.
    elapsed time = 00:00:40, memory = 71168.26 (MB).
    Completing 80% with 4 violations.
    elapsed time = 00:00:42, memory = 71127.69 (MB).
    Completing 90% with 4 violations.
    elapsed time = 00:00:44, memory = 71127.69 (MB).
    Completing 100% with 0 violations.
    elapsed time = 00:00:57, memory = 71127.69 (MB).
[INFO DRT-0199]   Number of violations = 0.
[INFO DRT-0267] cpu time = 00:12:11, elapsed time = 00:00:58, memory = 71127.69 (MB), peak = 81397.44 (MB)
Total wire length = 147956981 um.
Total wire length on LAYER li1 = 0 um.
Total wire length on LAYER met1 = 56710376 um.
Total wire length on LAYER met2 = 65973281 um.
Total wire length on LAYER met3 = 18878838 um.
Total wire length on LAYER met4 = 6392155 um.
Total wire length on LAYER met5 = 2331 um.
Total number of vias = 28032721.
Up-via summary (total 28032721):

---------------------------
 FR_MASTERSLICE           0
            li1    12499608
           met1    14330781
           met2     1038826
           met3      162910
           met4         596
---------------------------
               28032721


[INFO DRT-0198] Complete detail routing.
Total wire length = 147956981 um.
Total wire length on LAYER li1 = 0 um.
Total wire length on LAYER met1 = 56710376 um.
Total wire length on LAYER met2 = 65973281 um.
Total wire length on LAYER met3 = 18878838 um.
Total wire length on LAYER met4 = 6392155 um.
Total wire length on LAYER met5 = 2331 um.
Total number of vias = 28032721.
Up-via summary (total 28032721):

---------------------------
 FR_MASTERSLICE           0
            li1    12499608
           met1    14330781
           met2     1038826
           met3      162910
           met4         596
---------------------------
               28032721


[INFO DRT-0267] cpu time = 214:11:50, elapsed time = 17:15:35, memory = 71127.75 (MB), peak = 81397.44 (MB)

[INFO DRT-0180] Post processing.
[INFO DRT-0501] Runtime: 67991.51s
R16_DRT_FINAL block=logic_die_normalization_hbm_quad_local_b2_top design_is_routed=1 have_routes=1 have_detailed_routes=1 detailed_route_num_drvs=0 placement_violations={<>} unplaced=0 dbWire_bearing_nets=3799490
R16_DRT_TCL_COMPLETE drvs=0 design_is_routed=1 have_detailed_routes=1 dbWire_bearing_nets=3799490
